{"firestore":{"rules":"firestore.rules","indexes":"firestore.indexes.json"},"flutter":{"platforms":{"android":{"default":{"projectId":"prp-60374","appId":"1:188510725049:android:e84932030c04313b468c68","fileOutput":"android/app/google-services.json"}},"dart":{"lib/firebase_options.dart":{"projectId":"prp-60374","configurations":{"android":"1:188510725049:android:e84932030c04313b468c68","ios":"1:188510725049:ios:42149c44550ad409468c68","macos":"1:188510725049:ios:42149c44550ad409468c68","web":"1:188510725049:web:6b13cab430cba9e3468c68","windows":"1:188510725049:web:86b0745112a2dd34468c68"}}}}}}