{
  "id": "progress_14851",
  "userId": "patient_7538",
  "planId": "plan_11446",
  "date": "2025-04-25T13:59:38.712999",
  "exerciseLogs": [
    {
      "exerciseId": "ex_wrist_1_6345",
      "exerciseName": "Wrist Exercise 3",
      "setsCompleted": 4,
      "repsCompleted": 1,
      "durationSeconds": 90,
      "painLevel": 9,
      "notes": "Too challenging"
    },
    {
      "exerciseId": "ex_wrist_2_8488",
      "exerciseName": "Wrist Exercise 5",
      "setsCompleted": 1,
      "repsCompleted": 2,
      "durationSeconds": 88,
      "painLevel": 4,
      "notes": "Getting easier"
    },
    {
      "exerciseId": "ex_wrist_3_3584",
      "exerciseName": "Wrist Exercise 2",
      "setsCompleted": 3,
      "repsCompleted": 10,
      "durationSeconds": 33,
      "painLevel": 3,
      "notes": null
    },
    {
      "exerciseId": "ex_wrist_4_6730",
      "exerciseName": "Wrist Exercise 4",
      "setsCompleted": 2,
      "repsCompleted": 6,
      "durationSeconds": 58,
      "painLevel": 10,
      "notes": null
    }
  ],
  "metrics": {
    "wrist_rom": 127,
    "wrist_strength": 6
  },
  "feedback": null,
  "overallRating": 5,
  "adherencePercentage": 71
}