{
  "id": "progress_26318",
  "userId": "patient_6639",
  "planId": "plan_50159",
  "date": "2024-06-18T13:59:38.717000",
  "exerciseLogs": [
    {
      "exerciseId": "ex_ankle_1_7137",
      "exerciseName": "Resistance Band Inversion",
      "setsCompleted": 4,
      "repsCompleted": 7,
      "durationSeconds": 66,
      "painLevel": 4,
      "notes": "Too challenging"
    },
    {
      "exerciseId": "ex_ankle_2_6975",
      "exerciseName": "Ankle Pumps",
      "setsCompleted": 2,
      "repsCompleted": 11,
      "durationSeconds": 90,
      "painLevel": 7,
      "notes": "Felt good"
    },
    {
      "exerciseId": "ex_ankle_3_5476",
      "exerciseName": "Toe Raises",
      "setsCompleted": 1,
      "repsCompleted": 3,
      "durationSeconds": 83,
      "painLevel": 7,
      "notes": "Need to modify"
    },
    {
      "exerciseId": "ex_ankle_4_1240",
      "exerciseName": "Resistance Band Eversion",
      "setsCompleted": 1,
      "repsCompleted": 6,
      "durationSeconds": 58,
      "painLevel": 10,
      "notes": "Too challenging"
    }
  ],
  "metrics": {
    "ankle_rom": 72,
    "ankle_strength": 3
  },
  "feedback": "Exercises are getting easier to perform",
  "overallRating": 4,
  "adherencePercentage": 66
}