{
  "id": "progress_26010",
  "userId": "patient_2374",
  "planId": "plan_68551",
  "date": "2025-05-22T13:59:38.699985",
  "exerciseLogs": [
    {
      "exerciseId": "ex_hip_1_1820",
      "exerciseName": "Hip Exercise 1",
      "setsCompleted": 3,
      "repsCompleted": 10,
      "durationSeconds": 79,
      "painLevel": 8,
      "notes": "Felt good"
    },
    {
      "exerciseId": "ex_hip_2_7800",
      "exerciseName": "Hip Exercise 6",
      "setsCompleted": 4,
      "repsCompleted": 6,
      "durationSeconds": 50,
      "painLevel": 4,
      "notes": "Too challenging"
    },
    {
      "exerciseId": "ex_hip_3_2520",
      "exerciseName": "Hip Exercise 2",
      "setsCompleted": 2,
      "repsCompleted": 14,
      "durationSeconds": 36,
      "painLevel": 4,
      "notes": "Felt good"
    },
    {
      "exerciseId": "ex_hip_4_8634",
      "exerciseName": "Hip Exercise 4",
      "setsCompleted": 2,
      "repsCompleted": 5,
      "durationSeconds": 69,
      "painLevel": 7,
      "notes": null
    }
  ],
  "metrics": {
    "hip_rom": 78,
    "hip_strength": 8
  },
  "feedback": null,
  "overallRating": 4,
  "adherencePercentage": 84
}