{
  "id": "progress_17926",
  "userId": "patient_9306",
  "planId": "plan_23007",
  "date": "2025-02-12T13:59:38.732038",
  "exerciseLogs": [
    {
      "exerciseId": "ex_back_1_6263",
      "exerciseName": "Back Exercise 3",
      "setsCompleted": 4,
      "repsCompleted": 5,
      "durationSeconds": 59,
      "painLevel": 8,
      "notes": null
    },
    {
      "exerciseId": "ex_back_2_3570",
      "exerciseName": "Back Exercise 5",
      "setsCompleted": 1,
      "repsCompleted": 2,
      "durationSeconds": 72,
      "painLevel": 6,
      "notes": "Need to modify"
    },
    {
      "exerciseId": "ex_back_3_4425",
      "exerciseName": "Back Exercise 4",
      "setsCompleted": 2,
      "repsCompleted": 10,
      "durationSeconds": 39,
      "painLevel": 2,
      "notes": null
    },
    {
      "exerciseId": "ex_back_4_7500",
      "exerciseName": "Back Exercise 6",
      "setsCompleted": 1,
      "repsCompleted": 5,
      "durationSeconds": 67,
      "painLevel": 2,
      "notes": "Felt good"
    },
    {
      "exerciseId": "ex_back_5_4761",
      "exerciseName": "Back Exercise 2",
      "setsCompleted": 4,
      "repsCompleted": 7,
      "durationSeconds": 83,
      "painLevel": 4,
      "notes": "Need to modify"
    },
    {
      "exerciseId": "ex_back_6_8751",
      "exerciseName": "Back Exercise 1",
      "setsCompleted": 1,
      "repsCompleted": 9,
      "durationSeconds": 48,
      "painLevel": 2,
      "notes": "Felt good"
    }
  ],
  "metrics": {
    "back_rom": 178,
    "back_strength": 8
  },
  "feedback": "Feeling improvement in range of motion",
  "overallRating": 1,
  "adherencePercentage": 68
}