{
  "id": "progress_28727",
  "userId": "patient_9174",
  "planId": "plan_29818",
  "date": "2025-03-15T13:59:38.661412",
  "exerciseLogs": [
    {
      "exerciseId": "ex_knee_1_2446",
      "exerciseName": "Hamstring Curls",
      "setsCompleted": 2,
      "repsCompleted": 12,
      "durationSeconds": 61,
      "painLevel": 8,
      "notes": null
    },
    {
      "exerciseId": "ex_knee_2_5079",
      "exerciseName": "Step-Ups",
      "setsCompleted": 1,
      "repsCompleted": 6,
      "durationSeconds": 74,
      "painLevel": 7,
      "notes": "Too challenging"
    },
    {
      "exerciseId": "ex_knee_3_7775",
      "exerciseName": "Knee Extensions",
      "setsCompleted": 1,
      "repsCompleted": 9,
      "durationSeconds": 77,
      "painLevel": 4,
      "notes": "Getting easier"
    },
    {
      "exerciseId": "ex_knee_4_7056",
      "exerciseName": "Straight Leg Raises",
      "setsCompleted": 2,
      "repsCompleted": 8,
      "durationSeconds": 79,
      "painLevel": 6,
      "notes": "Too challenging"
    },
    {
      "exerciseId": "ex_knee_5_2655",
      "exerciseName": "Wall Squats",
      "setsCompleted": 2,
      "repsCompleted": 4,
      "durationSeconds": 38,
      "painLevel": 1,
      "notes": null
    }
  ],
  "metrics": {
    "knee_rom": 161,
    "knee_strength": 10
  },
  "feedback": null,
  "overallRating": 4,
  "adherencePercentage": 47
}