{
  "id": "progress_23876",
  "userId": "patient_4931",
  "planId": "plan_18332",
  "date": "2024-10-27T13:59:38.679936",
  "exerciseLogs": [
    {
      "exerciseId": "ex_back_1_8607",
      "exerciseName": "Back Exercise 5",
      "setsCompleted": 1,
      "repsCompleted": 13,
      "durationSeconds": 57,
      "painLevel": 1,
      "notes": "Getting easier"
    },
    {
      "exerciseId": "ex_back_2_2443",
      "exerciseName": "Back Exercise 4",
      "setsCompleted": 3,
      "repsCompleted": 1,
      "durationSeconds": 43,
      "painLevel": 5,
      "notes": "Felt good"
    },
    {
      "exerciseId": "ex_back_3_5843",
      "exerciseName": "Back Exercise 2",
      "setsCompleted": 2,
      "repsCompleted": 10,
      "durationSeconds": 54,
      "painLevel": 5,
      "notes": "Getting easier"
    },
    {
      "exerciseId": "ex_back_4_3091",
      "exerciseName": "Back Exercise 3",
      "setsCompleted": 2,
      "repsCompleted": 6,
      "durationSeconds": 30,
      "painLevel": 9,
      "notes": "Too challenging"
    }
  ],
  "metrics": {
    "back_rom": 154,
    "back_strength": 3
  },
  "feedback": "Still experiencing pain during certain movements",
  "overallRating": 4,
  "adherencePercentage": 72
}