{
  "id": "progress_20820",
  "userId": "patient_2813",
  "planId": "plan_24853",
  "date": "2024-12-17T13:59:38.686938",
  "exerciseLogs": [
    {
      "exerciseId": "ex_ankle_1_7361",
      "exerciseName": "Toe Raises",
      "setsCompleted": 2,
      "repsCompleted": 4,
      "durationSeconds": 54,
      "painLevel": 5,
      "notes": "Getting easier"
    },
    {
      "exerciseId": "ex_ankle_2_7568",
      "exerciseName": "Resistance Band Inversion",
      "setsCompleted": 2,
      "repsCompleted": 4,
      "durationSeconds": 68,
      "painLevel": 10,
      "notes": "Too challenging"
    },
    {
      "exerciseId": "ex_ankle_3_6967",
      "exerciseName": "Heel Raises",
      "setsCompleted": 1,
      "repsCompleted": 10,
      "durationSeconds": 49,
      "painLevel": 7,
      "notes": "Too challenging"
    },
    {
      "exerciseId": "ex_ankle_4_8867",
      "exerciseName": "Resistance Band Eversion",
      "setsCompleted": 1,
      "repsCompleted": 4,
      "durationSeconds": 78,
      "painLevel": 9,
      "notes": "Too challenging"
    },
    {
      "exerciseId": "ex_ankle_5_4502",
      "exerciseName": "Ankle Circles",
      "setsCompleted": 2,
      "repsCompleted": 3,
      "durationSeconds": 62,
      "painLevel": 10,
      "notes": "Getting easier"
    }
  ],
  "metrics": {
    "ankle_rom": 150,
    "ankle_strength": 10
  },
  "feedback": "Need modifications for some exercises",
  "overallRating": 2,
  "adherencePercentage": 66
}