{
  "id": "progress_16151",
  "userId": "patient_4687",
  "planId": "plan_37892",
  "date": "2025-03-06T13:59:38.668413",
  "exerciseLogs": [
    {
      "exerciseId": "ex_neck_2_7743",
      "exerciseName": "Neck Exercise 6",
      "setsCompleted": 1,
      "repsCompleted": 1,
      "durationSeconds": 52,
      "painLevel": 8,
      "notes": "Felt good"
    },
    {
      "exerciseId": "ex_neck_3_1652",
      "exerciseName": "Neck Exercise 5",
      "setsCompleted": 3,
      "repsCompleted": 1,
      "durationSeconds": 85,
      "painLevel": 2,
      "notes": "Getting easier"
    },
    {
      "exerciseId": "ex_neck_4_8650",
      "exerciseName": "Neck Exercise 4",
      "setsCompleted": 3,
      "repsCompleted": 7,
      "durationSeconds": 33,
      "painLevel": 10,
      "notes": "Too challenging"
    },
    {
      "exerciseId": "ex_neck_5_5276",
      "exerciseName": "Neck Exercise 1",
      "setsCompleted": 2,
      "repsCompleted": 3,
      "durationSeconds": 45,
      "painLevel": 4,
      "notes": "Need to modify"
    }
  ],
  "metrics": {
    "neck_rom": 143,
    "neck_strength": 3
  },
  "feedback": "Need modifications for some exercises",
  "overallRating": 5,
  "adherencePercentage": 56
}