{
  "id": "progress_10720",
  "userId": "patient_1918",
  "planId": "plan_26766",
  "date": "2024-12-07T13:59:38.702986",
  "exerciseLogs": [
    {
      "exerciseId": "ex_knee_1_8260",
      "exerciseName": "Step-Ups",
      "setsCompleted": 2,
      "repsCompleted": 2,
      "durationSeconds": 34,
      "painLevel": 1,
      "notes": "Need to modify"
    },
    {
      "exerciseId": "ex_knee_2_4447",
      "exerciseName": "Straight Leg Raises",
      "setsCompleted": 3,
      "repsCompleted": 3,
      "durationSeconds": 36,
      "painLevel": 2,
      "notes": null
    },
    {
      "exerciseId": "ex_knee_3_7397",
      "exerciseName": "Hamstring Curls",
      "setsCompleted": 1,
      "repsCompleted": 4,
      "durationSeconds": 53,
      "painLevel": 5,
      "notes": null
    },
    {
      "exerciseId": "ex_knee_4_7067",
      "exerciseName": "Knee Extensions",
      "setsCompleted": 2,
      "repsCompleted": 7,
      "durationSeconds": 41,
      "painLevel": 7,
      "notes": "Need to modify"
    }
  ],
  "metrics": {
    "knee_rom": 122,
    "knee_strength": 9
  },
  "feedback": "Feeling improvement in range of motion",
  "overallRating": 1,
  "adherencePercentage": 61
}