{
  "id": "progress_22928",
  "userId": "patient_4351",
  "planId": "plan_12933",
  "date": "2025-05-06T13:59:38.684932",
  "exerciseLogs": [
    {
      "exerciseId": "ex_shoulder_1_8556",
      "exerciseName": "Shoulder Abduction",
      "setsCompleted": 2,
      "repsCompleted": 1,
      "durationSeconds": 48,
      "painLevel": 9,
      "notes": "Felt good"
    },
    {
      "exerciseId": "ex_shoulder_2_2136",
      "exerciseName": "Internal Rotation",
      "setsCompleted": 2,
      "repsCompleted": 1,
      "durationSeconds": 68,
      "painLevel": 3,
      "notes": "Need to modify"
    },
    {
      "exerciseId": "ex_shoulder_3_4369",
      "exerciseName": "Pendulum Exercise",
      "setsCompleted": 1,
      "repsCompleted": 6,
      "durationSeconds": 50,
      "painLevel": 5,
      "notes": null
    },
    {
      "exerciseId": "ex_shoulder_4_7889",
      "exerciseName": "Wall Crawl",
      "setsCompleted": 1,
      "repsCompleted": 12,
      "durationSeconds": 46,
      "painLevel": 8,
      "notes": "Getting easier"
    },
    {
      "exerciseId": "ex_shoulder_5_9466",
      "exerciseName": "Shoulder Flexion",
      "setsCompleted": 3,
      "repsCompleted": 3,
      "durationSeconds": 80,
      "painLevel": 5,
      "notes": "Too challenging"
    },
    {
      "exerciseId": "ex_shoulder_6_5852",
      "exerciseName": "External Rotation",
      "setsCompleted": 1,
      "repsCompleted": 11,
      "durationSeconds": 84,
      "painLevel": 9,
      "notes": "Too challenging"
    }
  ],
  "metrics": {
    "shoulder_rom": 144,
    "shoulder_strength": 3
  },
  "feedback": "Feeling improvement in range of motion",
  "overallRating": 4,
  "adherencePercentage": 58
}