{
  "id": "progress_24074",
  "userId": "patient_5888",
  "planId": "plan_90250",
  "date": "2024-12-13T13:59:38.671412",
  "exerciseLogs": [
    {
      "exerciseId": "ex_wrist_1_7775",
      "exerciseName": "Wrist Exercise 1",
      "setsCompleted": 3,
      "repsCompleted": 3,
      "durationSeconds": 76,
      "painLevel": 10,
      "notes": "Getting easier"
    },
    {
      "exerciseId": "ex_wrist_2_5011",
      "exerciseName": "Wrist Exercise 4",
      "setsCompleted": 1,
      "repsCompleted": 6,
      "durationSeconds": 35,
      "painLevel": 6,
      "notes": "Getting easier"
    },
    {
      "exerciseId": "ex_wrist_3_6972",
      "exerciseName": "Wrist Exercise 5",
      "setsCompleted": 3,
      "repsCompleted": 2,
      "durationSeconds": 59,
      "painLevel": 4,
      "notes": "Too challenging"
    }
  ],
  "metrics": {
    "wrist_rom": 109,
    "wrist_strength": 7
  },
  "feedback": "Need modifications for some exercises",
  "overallRating": 2,
  "adherencePercentage": 63
}