{
  "id": "progress_27179",
  "userId": "patient_4931",
  "planId": "plan_75755",
  "date": "2024-09-28T13:59:38.679936",
  "exerciseLogs": [
    {
      "exerciseId": "ex_back_1_6800",
      "exerciseName": "Back Exercise 6",
      "setsCompleted": 3,
      "repsCompleted": 7,
      "durationSeconds": 37,
      "painLevel": 7,
      "notes": "Too challenging"
    },
    {
      "exerciseId": "ex_back_2_8858",
      "exerciseName": "Back Exercise 2",
      "setsCompleted": 2,
      "repsCompleted": 6,
      "durationSeconds": 56,
      "painLevel": 6,
      "notes": "Getting easier"
    },
    {
      "exerciseId": "ex_back_3_1773",
      "exerciseName": "Back Exercise 1",
      "setsCompleted": 3,
      "repsCompleted": 5,
      "durationSeconds": 38,
      "painLevel": 4,
      "notes": "Getting easier"
    },
    {
      "exerciseId": "ex_back_4_6077",
      "exerciseName": "Back Exercise 5",
      "setsCompleted": 1,
      "repsCompleted": 10,
      "durationSeconds": 43,
      "painLevel": 1,
      "notes": "Getting easier"
    }
  ],
  "metrics": {
    "back_rom": 62,
    "back_strength": 5
  },
  "feedback": "Feeling improvement in range of motion",
  "overallRating": 4,
  "adherencePercentage": 75
}