{
  "id": "progress_25653",
  "userId": "patient_7538",
  "planId": "plan_11446",
  "date": "2025-04-25T13:59:38.712999",
  "exerciseLogs": [
    {
      "exerciseId": "ex_wrist_2_8488",
      "exerciseName": "Wrist Exercise 5",
      "setsCompleted": 2,
      "repsCompleted": 1,
      "durationSeconds": 88,
      "painLevel": 8,
      "notes": "Getting easier"
    },
    {
      "exerciseId": "ex_wrist_3_3584",
      "exerciseName": "Wrist Exercise 2",
      "setsCompleted": 2,
      "repsCompleted": 5,
      "durationSeconds": 33,
      "painLevel": 7,
      "notes": "Getting easier"
    },
    {
      "exerciseId": "ex_wrist_4_6730",
      "exerciseName": "Wrist Exercise 4",
      "setsCompleted": 4,
      "repsCompleted": 9,
      "durationSeconds": 58,
      "painLevel": 1,
      "notes": "Need to modify"
    }
  ],
  "metrics": {
    "wrist_rom": 120,
    "wrist_strength": 6
  },
  "feedback": null,
  "overallRating": 2,
  "adherencePercentage": 57
}