{
  "id": "progress_15917",
  "userId": "patient_2273",
  "planId": "plan_54456",
  "date": "2024-06-14T13:59:38.704984",
  "exerciseLogs": [
    {
      "exerciseId": "ex_elbow_1_1742",
      "exerciseName": "Elbow Exercise 4",
      "setsCompleted": 1,
      "repsCompleted": 1,
      "durationSeconds": 59,
      "painLevel": 2,
      "notes": "Too challenging"
    },
    {
      "exerciseId": "ex_elbow_2_4755",
      "exerciseName": "Elbow Exercise 5",
      "setsCompleted": 3,
      "repsCompleted": 8,
      "durationSeconds": 41,
      "painLevel": 1,
      "notes": "Getting easier"
    },
    {
      "exerciseId": "ex_elbow_3_6113",
      "exerciseName": "Elbow Exercise 3",
      "setsCompleted": 2,
      "repsCompleted": 2,
      "durationSeconds": 59,
      "painLevel": 7,
      "notes": "Felt good"
    },
    {
      "exerciseId": "ex_elbow_4_1950",
      "exerciseName": "Elbow Exercise 2",
      "setsCompleted": 2,
      "repsCompleted": 1,
      "durationSeconds": 46,
      "painLevel": 1,
      "notes": "Too challenging"
    },
    {
      "exerciseId": "ex_elbow_5_6600",
      "exerciseName": "Elbow Exercise 1",
      "setsCompleted": 1,
      "repsCompleted": 10,
      "durationSeconds": 65,
      "painLevel": 8,
      "notes": "Need to modify"
    }
  ],
  "metrics": {
    "elbow_rom": 173,
    "elbow_strength": 9
  },
  "feedback": "Exercises are getting easier to perform",
  "overallRating": 1,
  "adherencePercentage": 60
}