{
  "id": "progress_19742",
  "userId": "patient_3441",
  "planId": "plan_70154",
  "date": "2024-07-25T13:59:38.688446",
  "exerciseLogs": [
    {
      "exerciseId": "ex_elbow_1_4050",
      "exerciseName": "Elbow Exercise 3",
      "setsCompleted": 1,
      "repsCompleted": 12,
      "durationSeconds": 39,
      "painLevel": 2,
      "notes": null
    },
    {
      "exerciseId": "ex_elbow_2_1937",
      "exerciseName": "Elbow Exercise 4",
      "setsCompleted": 3,
      "repsCompleted": 11,
      "durationSeconds": 49,
      "painLevel": 5,
      "notes": "Getting easier"
    },
    {
      "exerciseId": "ex_elbow_3_4240",
      "exerciseName": "Elbow Exercise 2",
      "setsCompleted": 2,
      "repsCompleted": 1,
      "durationSeconds": 53,
      "painLevel": 7,
      "notes": "Getting easier"
    },
    {
      "exerciseId": "ex_elbow_4_3270",
      "exerciseName": "Elbow Exercise 1",
      "setsCompleted": 1,
      "repsCompleted": 4,
      "durationSeconds": 40,
      "painLevel": 1,
      "notes": "Too challenging"
    },
    {
      "exerciseId": "ex_elbow_5_9810",
      "exerciseName": "Elbow Exercise 5",
      "setsCompleted": 2,
      "repsCompleted": 3,
      "durationSeconds": 71,
      "painLevel": 9,
      "notes": "Need to modify"
    }
  ],
  "metrics": {
    "elbow_rom": 173,
    "elbow_strength": 10
  },
  "feedback": "Exercises are getting easier to perform",
  "overallRating": 1,
  "adherencePercentage": 60
}