{
  "id": "progress_21844",
  "userId": "patient_5894",
  "planId": "plan_58492",
  "date": "2024-06-15T13:59:38.706985",
  "exerciseLogs": [
    {
      "exerciseId": "ex_back_1_9140",
      "exerciseName": "Back Exercise 4",
      "setsCompleted": 2,
      "repsCompleted": 9,
      "durationSeconds": 50,
      "painLevel": 6,
      "notes": "Need to modify"
    },
    {
      "exerciseId": "ex_back_2_2770",
      "exerciseName": "Back Exercise 3",
      "setsCompleted": 4,
      "repsCompleted": 1,
      "durationSeconds": 46,
      "painLevel": 10,
      "notes": null
    },
    {
      "exerciseId": "ex_back_3_4723",
      "exerciseName": "Back Exercise 6",
      "setsCompleted": 2,
      "repsCompleted": 9,
      "durationSeconds": 81,
      "painLevel": 9,
      "notes": "Felt good"
    },
    {
      "exerciseId": "ex_back_4_9500",
      "exerciseName": "Back Exercise 1",
      "setsCompleted": 2,
      "repsCompleted": 11,
      "durationSeconds": 56,
      "painLevel": 4,
      "notes": "Getting easier"
    }
  ],
  "metrics": {
    "back_rom": 168,
    "back_strength": 6
  },
  "feedback": "Need modifications for some exercises",
  "overallRating": 3,
  "adherencePercentage": 71
}