{
  "id": "progress_20813",
  "userId": "patient_8373",
  "planId": "plan_21206",
  "date": "2024-11-26T13:59:38.714007",
  "exerciseLogs": [
    {
      "exerciseId": "ex_neck_1_1978",
      "exerciseName": "Neck Exercise 5",
      "setsCompleted": 1,
      "repsCompleted": 4,
      "durationSeconds": 50,
      "painLevel": 1,
      "notes": "Felt good"
    },
    {
      "exerciseId": "ex_neck_2_5084",
      "exerciseName": "Neck Exercise 3",
      "setsCompleted": 4,
      "repsCompleted": 8,
      "durationSeconds": 84,
      "painLevel": 1,
      "notes": null
    },
    {
      "exerciseId": "ex_neck_3_1038",
      "exerciseName": "Neck Exercise 6",
      "setsCompleted": 2,
      "repsCompleted": 3,
      "durationSeconds": 76,
      "painLevel": 2,
      "notes": "Too challenging"
    }
  ],
  "metrics": {
    "neck_rom": 120,
    "neck_strength": 5
  },
  "feedback": null,
  "overallRating": 5,
  "adherencePercentage": 63
}