{
  "id": "progress_29195",
  "userId": "patient_5029",
  "planId": "plan_38533",
  "date": "2024-07-14T13:59:38.715999",
  "exerciseLogs": [
    {
      "exerciseId": "ex_wrist_1_7182",
      "exerciseName": "Wrist Exercise 5",
      "setsCompleted": 2,
      "repsCompleted": 1,
      "durationSeconds": 73,
      "painLevel": 8,
      "notes": null
    },
    {
      "exerciseId": "ex_wrist_2_4771",
      "exerciseName": "Wrist Exercise 1",
      "setsCompleted": 2,
      "repsCompleted": 12,
      "durationSeconds": 89,
      "painLevel": 10,
      "notes": "Getting easier"
    },
    {
      "exerciseId": "ex_wrist_4_6612",
      "exerciseName": "Wrist Exercise 3",
      "setsCompleted": 3,
      "repsCompleted": 6,
      "durationSeconds": 49,
      "painLevel": 8,
      "notes": null
    },
    {
      "exerciseId": "ex_wrist_5_5049",
      "exerciseName": "Wrist Exercise 6",
      "setsCompleted": 1,
      "repsCompleted": 14,
      "durationSeconds": 72,
      "painLevel": 8,
      "notes": "Getting easier"
    },
    {
      "exerciseId": "ex_wrist_6_8467",
      "exerciseName": "Wrist Exercise 2",
      "setsCompleted": 2,
      "repsCompleted": 3,
      "durationSeconds": 53,
      "painLevel": 5,
      "notes": "Too challenging"
    }
  ],
  "metrics": {
    "wrist_rom": 100,
    "wrist_strength": 8
  },
  "feedback": "Feeling improvement in range of motion",
  "overallRating": 5,
  "adherencePercentage": 62
}