{
  "id": "progress_24233",
  "userId": "patient_1571",
  "planId": "plan_94745",
  "date": "2025-02-14T13:59:38.721518",
  "exerciseLogs": [
    {
      "exerciseId": "ex_ankle_1_3120",
      "exerciseName": "Toe Raises",
      "setsCompleted": 2,
      "repsCompleted": 9,
      "durationSeconds": 62,
      "painLevel": 5,
      "notes": "Too challenging"
    },
    {
      "exerciseId": "ex_ankle_2_3460",
      "exerciseName": "Ankle Circles",
      "setsCompleted": 2,
      "repsCompleted": 7,
      "durationSeconds": 85,
      "painLevel": 2,
      "notes": "Too challenging"
    },
    {
      "exerciseId": "ex_ankle_3_2270",
      "exerciseName": "Resistance Band Inversion",
      "setsCompleted": 1,
      "repsCompleted": 11,
      "durationSeconds": 89,
      "painLevel": 4,
      "notes": "Felt good"
    },
    {
      "exerciseId": "ex_ankle_4_4289",
      "exerciseName": "Resistance Band Eversion",
      "setsCompleted": 2,
      "repsCompleted": 12,
      "durationSeconds": 85,
      "painLevel": 5,
      "notes": "Too challenging"
    },
    {
      "exerciseId": "ex_ankle_5_2155",
      "exerciseName": "Ankle Pumps",
      "setsCompleted": 3,
      "repsCompleted": 5,
      "durationSeconds": 34,
      "painLevel": 2,
      "notes": "Need to modify"
    }
  ],
  "metrics": {
    "ankle_rom": 103,
    "ankle_strength": 4
  },
  "feedback": "Exercises are getting easier to perform",
  "overallRating": 2,
  "adherencePercentage": 66
}