{
  "id": "progress_16916",
  "userId": "patient_4034",
  "planId": "plan_82760",
  "date": "2024-09-08T13:59:38.657413",
  "exerciseLogs": [
    {
      "exerciseId": "ex_hip_1_8331",
      "exerciseName": "Hip Exercise 6",
      "setsCompleted": 1,
      "repsCompleted": 14,
      "durationSeconds": 63,
      "painLevel": 5,
      "notes": "Too challenging"
    },
    {
      "exerciseId": "ex_hip_2_8596",
      "exerciseName": "Hip Exercise 1",
      "setsCompleted": 1,
      "repsCompleted": 5,
      "durationSeconds": 43,
      "painLevel": 1,
      "notes": "Getting easier"
    },
    {
      "exerciseId": "ex_hip_3_5598",
      "exerciseName": "Hip Exercise 5",
      "setsCompleted": 1,
      "repsCompleted": 1,
      "durationSeconds": 34,
      "painLevel": 8,
      "notes": "Need to modify"
    },
    {
      "exerciseId": "ex_hip_4_8802",
      "exerciseName": "Hip Exercise 3",
      "setsCompleted": 3,
      "repsCompleted": 4,
      "durationSeconds": 80,
      "painLevel": 5,
      "notes": "Felt good"
    },
    {
      "exerciseId": "ex_hip_5_4452",
      "exerciseName": "Hip Exercise 2",
      "setsCompleted": 4,
      "repsCompleted": 9,
      "durationSeconds": 56,
      "painLevel": 10,
      "notes": "Need to modify"
    },
    {
      "exerciseId": "ex_hip_6_9718",
      "exerciseName": "Hip Exercise 4",
      "setsCompleted": 4,
      "repsCompleted": 11,
      "durationSeconds": 74,
      "painLevel": 7,
      "notes": "Felt good"
    }
  ],
  "metrics": {
    "hip_rom": 153,
    "hip_strength": 3
  },
  "feedback": null,
  "overallRating": 3,
  "adherencePercentage": 70
}