{
  "id": "progress_25989",
  "userId": "patient_7662",
  "planId": "plan_18040",
  "date": "2025-04-13T13:59:38.678933",
  "exerciseLogs": [
    {
      "exerciseId": "ex_elbow_1_5226",
      "exerciseName": "Elbow Exercise 1",
      "setsCompleted": 4,
      "repsCompleted": 3,
      "durationSeconds": 73,
      "painLevel": 5,
      "notes": null
    },
    {
      "exerciseId": "ex_elbow_2_7573",
      "exerciseName": "Elbow Exercise 5",
      "setsCompleted": 1,
      "repsCompleted": 11,
      "durationSeconds": 88,
      "painLevel": 7,
      "notes": null
    },
    {
      "exerciseId": "ex_elbow_4_7213",
      "exerciseName": "Elbow Exercise 4",
      "setsCompleted": 1,
      "repsCompleted": 8,
      "durationSeconds": 85,
      "painLevel": 2,
      "notes": "Need to modify"
    },
    {
      "exerciseId": "ex_elbow_5_6324",
      "exerciseName": "Elbow Exercise 2",
      "setsCompleted": 1,
      "repsCompleted": 10,
      "durationSeconds": 85,
      "painLevel": 9,
      "notes": "Need to modify"
    }
  ],
  "metrics": {
    "elbow_rom": 103,
    "elbow_strength": 9
  },
  "feedback": "Still experiencing pain during certain movements",
  "overallRating": 1,
  "adherencePercentage": 53
}