{
  "id": "progress_28240",
  "userId": "patient_9174",
  "planId": "plan_29818",
  "date": "2025-03-14T13:59:38.661412",
  "exerciseLogs": [
    {
      "exerciseId": "ex_knee_1_2446",
      "exerciseName": "Hamstring Curls",
      "setsCompleted": 3,
      "repsCompleted": 3,
      "durationSeconds": 61,
      "painLevel": 3,
      "notes": null
    },
    {
      "exerciseId": "ex_knee_2_5079",
      "exerciseName": "Step-Ups",
      "setsCompleted": 1,
      "repsCompleted": 3,
      "durationSeconds": 74,
      "painLevel": 9,
      "notes": "Getting easier"
    },
    {
      "exerciseId": "ex_knee_3_7775",
      "exerciseName": "Knee Extensions",
      "setsCompleted": 3,
      "repsCompleted": 11,
      "durationSeconds": 77,
      "painLevel": 5,
      "notes": "Felt good"
    },
    {
      "exerciseId": "ex_knee_4_7056",
      "exerciseName": "Straight Leg Raises",
      "setsCompleted": 1,
      "repsCompleted": 1,
      "durationSeconds": 79,
      "painLevel": 8,
      "notes": "Getting easier"
    },
    {
      "exerciseId": "ex_knee_5_2655",
      "exerciseName": "Wall Squats",
      "setsCompleted": 1,
      "repsCompleted": 6,
      "durationSeconds": 38,
      "painLevel": 2,
      "notes": null
    }
  ],
  "metrics": {
    "knee_rom": 71,
    "knee_strength": 8
  },
  "feedback": "Exercises are getting easier to perform",
  "overallRating": 4,
  "adherencePercentage": 52
}