{
  "id": "progress_18165",
  "userId": "patient_2011",
  "planId": "plan_87640",
  "date": "2024-10-21T13:59:38.695455",
  "exerciseLogs": [
    {
      "exerciseId": "ex_knee_1_6906",
      "exerciseName": "Knee Extensions",
      "setsCompleted": 1,
      "repsCompleted": 11,
      "durationSeconds": 35,
      "painLevel": 10,
      "notes": "Too challenging"
    },
    {
      "exerciseId": "ex_knee_2_5575",
      "exerciseName": "Wall Squats",
      "setsCompleted": 4,
      "repsCompleted": 8,
      "durationSeconds": 90,
      "painLevel": 6,
      "notes": "Felt good"
    },
    {
      "exerciseId": "ex_knee_3_1716",
      "exerciseName": "Straight Leg Raises",
      "setsCompleted": 3,
      "repsCompleted": 4,
      "durationSeconds": 74,
      "painLevel": 3,
      "notes": null
    },
    {
      "exerciseId": "ex_knee_4_4657",
      "exerciseName": "Terminal Knee Extensions",
      "setsCompleted": 3,
      "repsCompleted": 6,
      "durationSeconds": 64,
      "painLevel": 9,
      "notes": "Getting easier"
    }
  ],
  "metrics": {
    "knee_rom": 159,
    "knee_strength": 6
  },
  "feedback": "Still experiencing pain during certain movements",
  "overallRating": 4,
  "adherencePercentage": 91
}