{
  "id": "progress_30198",
  "userId": "patient_7573",
  "planId": "plan_14623",
  "date": "2025-03-12T13:59:38.714007",
  "exerciseLogs": [
    {
      "exerciseId": "ex_wrist_1_1338",
      "exerciseName": "Wrist Exercise 6",
      "setsCompleted": 3,
      "repsCompleted": 11,
      "durationSeconds": 37,
      "painLevel": 6,
      "notes": null
    },
    {
      "exerciseId": "ex_wrist_2_4579",
      "exerciseName": "Wrist Exercise 3",
      "setsCompleted": 1,
      "repsCompleted": 7,
      "durationSeconds": 75,
      "painLevel": 1,
      "notes": "Felt good"
    },
    {
      "exerciseId": "ex_wrist_3_3718",
      "exerciseName": "Wrist Exercise 5",
      "setsCompleted": 1,
      "repsCompleted": 3,
      "durationSeconds": 73,
      "painLevel": 1,
      "notes": "Getting easier"
    },
    {
      "exerciseId": "ex_wrist_4_6323",
      "exerciseName": "Wrist Exercise 1",
      "setsCompleted": 2,
      "repsCompleted": 7,
      "durationSeconds": 64,
      "painLevel": 3,
      "notes": "Felt good"
    },
    {
      "exerciseId": "ex_wrist_5_4342",
      "exerciseName": "Wrist Exercise 4",
      "setsCompleted": 1,
      "repsCompleted": 4,
      "durationSeconds": 56,
      "painLevel": 10,
      "notes": "Getting easier"
    }
  ],
  "metrics": {
    "wrist_rom": 97,
    "wrist_strength": 3
  },
  "feedback": "Still experiencing pain during certain movements",
  "overallRating": 1,
  "adherencePercentage": 40
}