{
  "id": "progress_14757",
  "userId": "patient_2260",
  "planId": "plan_90969",
  "date": "2025-01-25T13:59:38.729520",
  "exerciseLogs": [
    {
      "exerciseId": "ex_ankle_1_9781",
      "exerciseName": "Ankle Circles",
      "setsCompleted": 4,
      "repsCompleted": 4,
      "durationSeconds": 85,
      "painLevel": 10,
      "notes": "Need to modify"
    },
    {
      "exerciseId": "ex_ankle_2_6163",
      "exerciseName": "Resistance Band Inversion",
      "setsCompleted": 2,
      "repsCompleted": 3,
      "durationSeconds": 61,
      "painLevel": 1,
      "notes": "Felt good"
    },
    {
      "exerciseId": "ex_ankle_3_6295",
      "exerciseName": "Ankle Pumps",
      "setsCompleted": 1,
      "repsCompleted": 13,
      "durationSeconds": 72,
      "painLevel": 3,
      "notes": "Getting easier"
    }
  ],
  "metrics": {
    "ankle_rom": 176,
    "ankle_strength": 9
  },
  "feedback": null,
  "overallRating": 1,
  "adherencePercentage": 63
}