{
  "id": "progress_12278",
  "userId": "patient_3221",
  "planId": "plan_36058",
  "date": "2024-12-04T13:59:38.669413",
  "exerciseLogs": [
    {
      "exerciseId": "ex_elbow_1_5305",
      "exerciseName": "Elbow Exercise 2",
      "setsCompleted": 3,
      "repsCompleted": 3,
      "durationSeconds": 64,
      "painLevel": 1,
      "notes": "Getting easier"
    },
    {
      "exerciseId": "ex_elbow_2_9795",
      "exerciseName": "Elbow Exercise 4",
      "setsCompleted": 1,
      "repsCompleted": 5,
      "durationSeconds": 65,
      "painLevel": 1,
      "notes": "Need to modify"
    },
    {
      "exerciseId": "ex_elbow_3_4178",
      "exerciseName": "Elbow Exercise 1",
      "setsCompleted": 2,
      "repsCompleted": 10,
      "durationSeconds": 74,
      "painLevel": 2,
      "notes": "Too challenging"
    },
    {
      "exerciseId": "ex_elbow_5_4334",
      "exerciseName": "Elbow Exercise 6",
      "setsCompleted": 2,
      "repsCompleted": 6,
      "durationSeconds": 38,
      "painLevel": 7,
      "notes": null
    }
  ],
  "metrics": {
    "elbow_rom": 136,
    "elbow_strength": 8
  },
  "feedback": "Exercises are getting easier to perform",
  "overallRating": 1,
  "adherencePercentage": 50
}