{
  "id": "progress_29311",
  "userId": "patient_9910",
  "planId": "plan_60606",
  "date": "2024-07-16T13:59:38.723516",
  "exerciseLogs": [
    {
      "exerciseId": "ex_neck_1_8625",
      "exerciseName": "Neck Exercise 2",
      "setsCompleted": 1,
      "repsCompleted": 12,
      "durationSeconds": 82,
      "painLevel": 2,
      "notes": "Too challenging"
    },
    {
      "exerciseId": "ex_neck_2_1030",
      "exerciseName": "Neck Exercise 1",
      "setsCompleted": 2,
      "repsCompleted": 7,
      "durationSeconds": 63,
      "painLevel": 7,
      "notes": "Getting easier"
    },
    {
      "exerciseId": "ex_neck_3_4069",
      "exerciseName": "Neck Exercise 5",
      "setsCompleted": 3,
      "repsCompleted": 13,
      "durationSeconds": 83,
      "painLevel": 5,
      "notes": "Felt good"
    },
    {
      "exerciseId": "ex_neck_4_2753",
      "exerciseName": "Neck Exercise 6",
      "setsCompleted": 4,
      "repsCompleted": 6,
      "durationSeconds": 32,
      "painLevel": 6,
      "notes": "Need to modify"
    },
    {
      "exerciseId": "ex_neck_5_7279",
      "exerciseName": "Neck Exercise 3",
      "setsCompleted": 2,
      "repsCompleted": 9,
      "durationSeconds": 60,
      "painLevel": 1,
      "notes": "Need to modify"
    }
  ],
  "metrics": {
    "neck_rom": 70,
    "neck_strength": 9
  },
  "feedback": null,
  "overallRating": 3,
  "adherencePercentage": 80
}