{
  "id": "progress_15523",
  "userId": "patient_5254",
  "planId": "plan_69461",
  "date": "2024-09-23T13:59:38.701987",
  "exerciseLogs": [
    {
      "exerciseId": "ex_elbow_1_4805",
      "exerciseName": "Elbow Exercise 4",
      "setsCompleted": 1,
      "repsCompleted": 3,
      "durationSeconds": 64,
      "painLevel": 8,
      "notes": "Getting easier"
    },
    {
      "exerciseId": "ex_elbow_2_7883",
      "exerciseName": "Elbow Exercise 6",
      "setsCompleted": 1,
      "repsCompleted": 4,
      "durationSeconds": 63,
      "painLevel": 8,
      "notes": "Need to modify"
    },
    {
      "exerciseId": "ex_elbow_3_4137",
      "exerciseName": "Elbow Exercise 5",
      "setsCompleted": 2,
      "repsCompleted": 11,
      "durationSeconds": 32,
      "painLevel": 4,
      "notes": "Felt good"
    },
    {
      "exerciseId": "ex_elbow_4_7672",
      "exerciseName": "Elbow Exercise 1",
      "setsCompleted": 3,
      "repsCompleted": 7,
      "durationSeconds": 34,
      "painLevel": 10,
      "notes": "Too challenging"
    }
  ],
  "metrics": {
    "elbow_rom": 126,
    "elbow_strength": 4
  },
  "feedback": "Feeling improvement in range of motion",
  "overallRating": 5,
  "adherencePercentage": 46
}