{
  "id": "progress_18619",
  "userId": "patient_6639",
  "planId": "plan_21395",
  "date": "2024-07-13T13:59:38.717000",
  "exerciseLogs": [
    {
      "exerciseId": "ex_ankle_1_5449",
      "exerciseName": "Toe Raises",
      "setsCompleted": 2,
      "repsCompleted": 10,
      "durationSeconds": 44,
      "painLevel": 6,
      "notes": "Too challenging"
    },
    {
      "exerciseId": "ex_ankle_2_8014",
      "exerciseName": "Ankle Pumps",
      "setsCompleted": 1,
      "repsCompleted": 3,
      "durationSeconds": 73,
      "painLevel": 3,
      "notes": "Getting easier"
    },
    {
      "exerciseId": "ex_ankle_3_3270",
      "exerciseName": "Resistance Band Inversion",
      "setsCompleted": 1,
      "repsCompleted": 2,
      "durationSeconds": 83,
      "painLevel": 9,
      "notes": null
    },
    {
      "exerciseId": "ex_ankle_4_6140",
      "exerciseName": "Resistance Band Eversion",
      "setsCompleted": 1,
      "repsCompleted": 12,
      "durationSeconds": 66,
      "painLevel": 9,
      "notes": null
    },
    {
      "exerciseId": "ex_ankle_5_8709",
      "exerciseName": "Ankle Circles",
      "setsCompleted": 3,
      "repsCompleted": 2,
      "durationSeconds": 76,
      "painLevel": 2,
      "notes": null
    },
    {
      "exerciseId": "ex_ankle_6_2417",
      "exerciseName": "Heel Raises",
      "setsCompleted": 1,
      "repsCompleted": 4,
      "durationSeconds": 49,
      "painLevel": 6,
      "notes": "Felt good"
    }
  ],
  "metrics": {
    "ankle_rom": 78,
    "ankle_strength": 6
  },
  "feedback": "Exercises are getting easier to perform",
  "overallRating": 2,
  "adherencePercentage": 56
}