{
  "id": "progress_16594",
  "userId": "patient_8373",
  "planId": "plan_69565",
  "date": "2025-01-12T13:59:38.714007",
  "exerciseLogs": [
    {
      "exerciseId": "ex_neck_1_3212",
      "exerciseName": "Neck Exercise 6",
      "setsCompleted": 1,
      "repsCompleted": 13,
      "durationSeconds": 59,
      "painLevel": 6,
      "notes": "Need to modify"
    },
    {
      "exerciseId": "ex_neck_2_8520",
      "exerciseName": "Neck Exercise 4",
      "setsCompleted": 3,
      "repsCompleted": 8,
      "durationSeconds": 41,
      "painLevel": 2,
      "notes": "Need to modify"
    },
    {
      "exerciseId": "ex_neck_3_9259",
      "exerciseName": "Neck Exercise 1",
      "setsCompleted": 2,
      "repsCompleted": 2,
      "durationSeconds": 90,
      "painLevel": 8,
      "notes": null
    },
    {
      "exerciseId": "ex_neck_4_7793",
      "exerciseName": "Neck Exercise 3",
      "setsCompleted": 1,
      "repsCompleted": 12,
      "durationSeconds": 84,
      "painLevel": 2,
      "notes": "Too challenging"
    },
    {
      "exerciseId": "ex_neck_5_5380",
      "exerciseName": "Neck Exercise 2",
      "setsCompleted": 1,
      "repsCompleted": 2,
      "durationSeconds": 58,
      "painLevel": 2,
      "notes": "Need to modify"
    },
    {
      "exerciseId": "ex_neck_6_5578",
      "exerciseName": "Neck Exercise 5",
      "setsCompleted": 1,
      "repsCompleted": 9,
      "durationSeconds": 31,
      "painLevel": 5,
      "notes": "Need to modify"
    }
  ],
  "metrics": {
    "neck_rom": 109,
    "neck_strength": 7
  },
  "feedback": "Still experiencing pain during certain movements",
  "overallRating": 1,
  "adherencePercentage": 47
}