{
  "id": "progress_23699",
  "userId": "patient_4351",
  "planId": "plan_78739",
  "date": "2025-05-09T13:59:38.684932",
  "exerciseLogs": [
    {
      "exerciseId": "ex_shoulder_1_5322",
      "exerciseName": "Pendulum Exercise",
      "setsCompleted": 1,
      "repsCompleted": 8,
      "durationSeconds": 43,
      "painLevel": 6,
      "notes": "Too challenging"
    },
    {
      "exerciseId": "ex_shoulder_2_4977",
      "exerciseName": "Shoulder Flexion",
      "setsCompleted": 3,
      "repsCompleted": 9,
      "durationSeconds": 60,
      "painLevel": 9,
      "notes": "Getting easier"
    },
    {
      "exerciseId": "ex_shoulder_3_8769",
      "exerciseName": "Internal Rotation",
      "setsCompleted": 1,
      "repsCompleted": 8,
      "durationSeconds": 84,
      "painLevel": 3,
      "notes": "Felt good"
    },
    {
      "exerciseId": "ex_shoulder_4_7821",
      "exerciseName": "Shoulder Abduction",
      "setsCompleted": 1,
      "repsCompleted": 11,
      "durationSeconds": 67,
      "painLevel": 9,
      "notes": "Too challenging"
    },
    {
      "exerciseId": "ex_shoulder_5_6676",
      "exerciseName": "Wall Crawl",
      "setsCompleted": 1,
      "repsCompleted": 6,
      "durationSeconds": 66,
      "painLevel": 3,
      "notes": "Need to modify"
    },
    {
      "exerciseId": "ex_shoulder_6_1712",
      "exerciseName": "External Rotation",
      "setsCompleted": 1,
      "repsCompleted": 8,
      "durationSeconds": 80,
      "painLevel": 1,
      "notes": "Too challenging"
    }
  ],
  "metrics": {
    "shoulder_rom": 67,
    "shoulder_strength": 4
  },
  "feedback": null,
  "overallRating": 3,
  "adherencePercentage": 44
}