{
  "id": "progress_20876",
  "userId": "patient_2003",
  "planId": "plan_73318",
  "date": "2024-12-24T13:59:38.680934",
  "exerciseLogs": [
    {
      "exerciseId": "ex_back_1_9236",
      "exerciseName": "Back Exercise 6",
      "setsCompleted": 1,
      "repsCompleted": 7,
      "durationSeconds": 55,
      "painLevel": 7,
      "notes": "Need to modify"
    },
    {
      "exerciseId": "ex_back_2_7551",
      "exerciseName": "Back Exercise 3",
      "setsCompleted": 3,
      "repsCompleted": 2,
      "durationSeconds": 30,
      "painLevel": 8,
      "notes": "Need to modify"
    },
    {
      "exerciseId": "ex_back_3_2752",
      "exerciseName": "Back Exercise 4",
      "setsCompleted": 1,
      "repsCompleted": 1,
      "durationSeconds": 76,
      "painLevel": 4,
      "notes": null
    },
    {
      "exerciseId": "ex_back_4_9908",
      "exerciseName": "Back Exercise 1",
      "setsCompleted": 3,
      "repsCompleted": 4,
      "durationSeconds": 64,
      "painLevel": 6,
      "notes": "Getting easier"
    }
  ],
  "metrics": {
    "back_rom": 69,
    "back_strength": 3
  },
  "feedback": "Need modifications for some exercises",
  "overallRating": 3,
  "adherencePercentage": 66
}