{
  "id": "progress_28724",
  "userId": "patient_2003",
  "planId": "plan_53415",
  "date": "2025-01-02T13:59:38.680934",
  "exerciseLogs": [
    {
      "exerciseId": "ex_back_1_3364",
      "exerciseName": "Back Exercise 1",
      "setsCompleted": 1,
      "repsCompleted": 13,
      "durationSeconds": 45,
      "painLevel": 10,
      "notes": "Too challenging"
    },
    {
      "exerciseId": "ex_back_2_8781",
      "exerciseName": "Back Exercise 6",
      "setsCompleted": 1,
      "repsCompleted": 12,
      "durationSeconds": 80,
      "painLevel": 10,
      "notes": "Felt good"
    },
    {
      "exerciseId": "ex_back_3_3136",
      "exerciseName": "Back Exercise 2",
      "setsCompleted": 1,
      "repsCompleted": 1,
      "durationSeconds": 82,
      "painLevel": 8,
      "notes": "Felt good"
    },
    {
      "exerciseId": "ex_back_4_3867",
      "exerciseName": "Back Exercise 4",
      "setsCompleted": 2,
      "repsCompleted": 8,
      "durationSeconds": 76,
      "painLevel": 10,
      "notes": "Felt good"
    },
    {
      "exerciseId": "ex_back_5_7207",
      "exerciseName": "Back Exercise 5",
      "setsCompleted": 2,
      "repsCompleted": 1,
      "durationSeconds": 41,
      "painLevel": 3,
      "notes": null
    },
    {
      "exerciseId": "ex_back_6_4401",
      "exerciseName": "Back Exercise 3",
      "setsCompleted": 3,
      "repsCompleted": 9,
      "durationSeconds": 71,
      "painLevel": 8,
      "notes": "Too challenging"
    }
  ],
  "metrics": {
    "back_rom": 175,
    "back_strength": 7
  },
  "feedback": "Exercises are getting easier to perform",
  "overallRating": 5,
  "adherencePercentage": 50
}