{
  "id": "progress_11401",
  "userId": "patient_9336",
  "planId": "plan_82051",
  "date": "2024-12-01T13:59:38.728517",
  "exerciseLogs": [
    {
      "exerciseId": "ex_neck_1_7074",
      "exerciseName": "Neck Exercise 1",
      "setsCompleted": 1,
      "repsCompleted": 8,
      "durationSeconds": 53,
      "painLevel": 1,
      "notes": "Too challenging"
    },
    {
      "exerciseId": "ex_neck_2_1417",
      "exerciseName": "Neck Exercise 4",
      "setsCompleted": 1,
      "repsCompleted": 12,
      "durationSeconds": 48,
      "painLevel": 9,
      "notes": "Getting easier"
    },
    {
      "exerciseId": "ex_neck_3_7005",
      "exerciseName": "Neck Exercise 3",
      "setsCompleted": 2,
      "repsCompleted": 3,
      "durationSeconds": 36,
      "painLevel": 4,
      "notes": "Need to modify"
    },
    {
      "exerciseId": "ex_neck_4_8686",
      "exerciseName": "Neck Exercise 6",
      "setsCompleted": 4,
      "repsCompleted": 2,
      "durationSeconds": 61,
      "painLevel": 3,
      "notes": "Need to modify"
    },
    {
      "exerciseId": "ex_neck_5_2998",
      "exerciseName": "Neck Exercise 2",
      "setsCompleted": 2,
      "repsCompleted": 10,
      "durationSeconds": 39,
      "painLevel": 5,
      "notes": "Getting easier"
    }
  ],
  "metrics": {
    "neck_rom": 105,
    "neck_strength": 9
  },
  "feedback": "Exercises are getting easier to perform",
  "overallRating": 4,
  "adherencePercentage": 71
}