{
  "id": "progress_15473",
  "userId": "patient_3809",
  "planId": "plan_31678",
  "date": "2025-03-06T13:59:38.694458",
  "exerciseLogs": [
    {
      "exerciseId": "ex_ankle_1_9437",
      "exerciseName": "Toe Raises",
      "setsCompleted": 1,
      "repsCompleted": 1,
      "durationSeconds": 50,
      "painLevel": 1,
      "notes": "Too challenging"
    },
    {
      "exerciseId": "ex_ankle_2_8623",
      "exerciseName": "Resistance Band Eversion",
      "setsCompleted": 1,
      "repsCompleted": 1,
      "durationSeconds": 79,
      "painLevel": 2,
      "notes": "Felt good"
    },
    {
      "exerciseId": "ex_ankle_3_8124",
      "exerciseName": "Resistance Band Inversion",
      "setsCompleted": 2,
      "repsCompleted": 6,
      "durationSeconds": 63,
      "painLevel": 1,
      "notes": "Need to modify"
    },
    {
      "exerciseId": "ex_ankle_4_2346",
      "exerciseName": "Ankle Circles",
      "setsCompleted": 1,
      "repsCompleted": 12,
      "durationSeconds": 54,
      "painLevel": 5,
      "notes": "Getting easier"
    }
  ],
  "metrics": {
    "ankle_rom": 164,
    "ankle_strength": 10
  },
  "feedback": "Still experiencing pain during certain movements",
  "overallRating": 5,
  "adherencePercentage": 45
}