{
  "id": "progress_15671",
  "userId": "patient_8373",
  "planId": "plan_21206",
  "date": "2025-01-10T13:59:38.714007",
  "exerciseLogs": [
    {
      "exerciseId": "ex_neck_1_1978",
      "exerciseName": "Neck Exercise 5",
      "setsCompleted": 3,
      "repsCompleted": 7,
      "durationSeconds": 50,
      "painLevel": 8,
      "notes": null
    },
    {
      "exerciseId": "ex_neck_2_5084",
      "exerciseName": "Neck Exercise 3",
      "setsCompleted": 4,
      "repsCompleted": 7,
      "durationSeconds": 84,
      "painLevel": 3,
      "notes": "Need to modify"
    },
    {
      "exerciseId": "ex_neck_3_1038",
      "exerciseName": "Neck Exercise 6",
      "setsCompleted": 4,
      "repsCompleted": 2,
      "durationSeconds": 76,
      "painLevel": 1,
      "notes": "Need to modify"
    }
  ],
  "metrics": {
    "neck_rom": 171,
    "neck_strength": 10
  },
  "feedback": null,
  "overallRating": 1,
  "adherencePercentage": 100
}