{
  "id": "progress_17046",
  "userId": "patient_9708",
  "planId": "plan_13471",
  "date": "2024-07-14T13:59:38.705984",
  "exerciseLogs": [
    {
      "exerciseId": "ex_knee_1_9781",
      "exerciseName": "Terminal Knee Extensions",
      "setsCompleted": 1,
      "repsCompleted": 6,
      "durationSeconds": 60,
      "painLevel": 6,
      "notes": "Felt good"
    },
    {
      "exerciseId": "ex_knee_2_4037",
      "exerciseName": "Straight Leg Raises",
      "setsCompleted": 1,
      "repsCompleted": 6,
      "durationSeconds": 46,
      "painLevel": 9,
      "notes": "Felt good"
    },
    {
      "exerciseId": "ex_knee_3_7790",
      "exerciseName": "Step-Ups",
      "setsCompleted": 1,
      "repsCompleted": 1,
      "durationSeconds": 33,
      "painLevel": 1,
      "notes": "Need to modify"
    },
    {
      "exerciseId": "ex_knee_4_4389",
      "exerciseName": "Knee Extensions",
      "setsCompleted": 2,
      "repsCompleted": 5,
      "durationSeconds": 62,
      "painLevel": 5,
      "notes": "Felt good"
    },
    {
      "exerciseId": "ex_knee_5_5815",
      "exerciseName": "Hamstring Curls",
      "setsCompleted": 3,
      "repsCompleted": 8,
      "durationSeconds": 42,
      "painLevel": 10,
      "notes": "Need to modify"
    }
  ],
  "metrics": {
    "knee_rom": 132,
    "knee_strength": 7
  },
  "feedback": "Feeling improvement in range of motion",
  "overallRating": 4,
  "adherencePercentage": 61
}