{
  "id": "progress_13430",
  "userId": "patient_3729",
  "planId": "plan_95194",
  "date": "2024-12-23T13:59:38.673412",
  "exerciseLogs": [
    {
      "exerciseId": "ex_ankle_1_1628",
      "exerciseName": "Resistance Band Eversion",
      "setsCompleted": 2,
      "repsCompleted": 9,
      "durationSeconds": 88,
      "painLevel": 4,
      "notes": "Too challenging"
    },
    {
      "exerciseId": "ex_ankle_2_4202",
      "exerciseName": "Toe Raises",
      "setsCompleted": 1,
      "repsCompleted": 12,
      "durationSeconds": 49,
      "painLevel": 10,
      "notes": "Felt good"
    },
    {
      "exerciseId": "ex_ankle_3_2973",
      "exerciseName": "Resistance Band Inversion",
      "setsCompleted": 2,
      "repsCompleted": 11,
      "durationSeconds": 58,
      "painLevel": 6,
      "notes": null
    },
    {
      "exerciseId": "ex_ankle_4_7892",
      "exerciseName": "Heel Raises",
      "setsCompleted": 1,
      "repsCompleted": 3,
      "durationSeconds": 74,
      "painLevel": 5,
      "notes": "Need to modify"
    },
    {
      "exerciseId": "ex_ankle_5_2626",
      "exerciseName": "Ankle Circles",
      "setsCompleted": 2,
      "repsCompleted": 1,
      "durationSeconds": 65,
      "painLevel": 3,
      "notes": "Getting easier"
    }
  ],
  "metrics": {
    "ankle_rom": 63,
    "ankle_strength": 6
  },
  "feedback": "Exercises are getting easier to perform",
  "overallRating": 2,
  "adherencePercentage": 66
}