{
  "id": "progress_14046",
  "userId": "patient_6804",
  "planId": "plan_44128",
  "date": "2024-12-05T13:59:38.733037",
  "exerciseLogs": [
    {
      "exerciseId": "ex_elbow_1_3223",
      "exerciseName": "Elbow Exercise 1",
      "setsCompleted": 1,
      "repsCompleted": 2,
      "durationSeconds": 73,
      "painLevel": 1,
      "notes": null
    },
    {
      "exerciseId": "ex_elbow_2_8102",
      "exerciseName": "Elbow Exercise 2",
      "setsCompleted": 2,
      "repsCompleted": 3,
      "durationSeconds": 84,
      "painLevel": 1,
      "notes": "Need to modify"
    },
    {
      "exerciseId": "ex_elbow_3_9896",
      "exerciseName": "Elbow Exercise 4",
      "setsCompleted": 4,
      "repsCompleted": 3,
      "durationSeconds": 89,
      "painLevel": 2,
      "notes": "Getting easier"
    },
    {
      "exerciseId": "ex_elbow_4_4901",
      "exerciseName": "Elbow Exercise 3",
      "setsCompleted": 1,
      "repsCompleted": 6,
      "durationSeconds": 54,
      "painLevel": 9,
      "notes": null
    }
  ],
  "metrics": {
    "elbow_rom": 82,
    "elbow_strength": 5
  },
  "feedback": "Still experiencing pain during certain movements",
  "overallRating": 2,
  "adherencePercentage": 57
}