{
  "id": "progress_29951",
  "userId": "patient_3729",
  "planId": "plan_98829",
  "date": "2024-12-24T13:59:38.673412",
  "exerciseLogs": [
    {
      "exerciseId": "ex_ankle_1_3393",
      "exerciseName": "Resistance Band Eversion",
      "setsCompleted": 1,
      "repsCompleted": 8,
      "durationSeconds": 62,
      "painLevel": 10,
      "notes": null
    },
    {
      "exerciseId": "ex_ankle_2_7184",
      "exerciseName": "Toe Raises",
      "setsCompleted": 2,
      "repsCompleted": 2,
      "durationSeconds": 57,
      "painLevel": 5,
      "notes": "Getting easier"
    },
    {
      "exerciseId": "ex_ankle_3_8214",
      "exerciseName": "Heel Raises",
      "setsCompleted": 1,
      "repsCompleted": 10,
      "durationSeconds": 64,
      "painLevel": 6,
      "notes": "Getting easier"
    },
    {
      "exerciseId": "ex_ankle_4_6321",
      "exerciseName": "Resistance Band Inversion",
      "setsCompleted": 1,
      "repsCompleted": 12,
      "durationSeconds": 39,
      "painLevel": 3,
      "notes": "Too challenging"
    },
    {
      "exerciseId": "ex_ankle_5_1485",
      "exerciseName": "Ankle Pumps",
      "setsCompleted": 4,
      "repsCompleted": 15,
      "durationSeconds": 44,
      "painLevel": 10,
      "notes": "Felt good"
    }
  ],
  "metrics": {
    "ankle_rom": 156,
    "ankle_strength": 3
  },
  "feedback": "Still experiencing pain during certain movements",
  "overallRating": 1,
  "adherencePercentage": 56
}