{
  "id": "progress_15533",
  "userId": "patient_4034",
  "planId": "plan_82760",
  "date": "2024-08-26T13:59:38.657413",
  "exerciseLogs": [
    {
      "exerciseId": "ex_hip_1_8331",
      "exerciseName": "Hip Exercise 6",
      "setsCompleted": 2,
      "repsCompleted": 6,
      "durationSeconds": 63,
      "painLevel": 7,
      "notes": null
    },
    {
      "exerciseId": "ex_hip_3_5598",
      "exerciseName": "Hip Exercise 5",
      "setsCompleted": 2,
      "repsCompleted": 5,
      "durationSeconds": 34,
      "painLevel": 7,
      "notes": "Need to modify"
    },
    {
      "exerciseId": "ex_hip_4_8802",
      "exerciseName": "Hip Exercise 3",
      "setsCompleted": 2,
      "repsCompleted": 4,
      "durationSeconds": 80,
      "painLevel": 5,
      "notes": "Felt good"
    },
    {
      "exerciseId": "ex_hip_5_4452",
      "exerciseName": "Hip Exercise 2",
      "setsCompleted": 2,
      "repsCompleted": 9,
      "durationSeconds": 56,
      "painLevel": 10,
      "notes": "Too challenging"
    },
    {
      "exerciseId": "ex_hip_6_9718",
      "exerciseName": "Hip Exercise 4",
      "setsCompleted": 2,
      "repsCompleted": 6,
      "durationSeconds": 74,
      "painLevel": 9,
      "notes": "Felt good"
    }
  ],
  "metrics": {
    "hip_rom": 71,
    "hip_strength": 3
  },
  "feedback": "Still experiencing pain during certain movements",
  "overallRating": 4,
  "adherencePercentage": 50
}