{
  "id": "progress_29848",
  "userId": "patient_3766",
  "planId": "plan_93657",
  "date": "2025-02-01T13:59:38.682937",
  "exerciseLogs": [
    {
      "exerciseId": "ex_hip_1_4240",
      "exerciseName": "Hip Exercise 3",
      "setsCompleted": 1,
      "repsCompleted": 1,
      "durationSeconds": 70,
      "painLevel": 5,
      "notes": "Too challenging"
    },
    {
      "exerciseId": "ex_hip_2_9252",
      "exerciseName": "Hip Exercise 2",
      "setsCompleted": 2,
      "repsCompleted": 1,
      "durationSeconds": 35,
      "painLevel": 3,
      "notes": "Need to modify"
    },
    {
      "exerciseId": "ex_hip_3_7894",
      "exerciseName": "Hip Exercise 4",
      "setsCompleted": 3,
      "repsCompleted": 8,
      "durationSeconds": 41,
      "painLevel": 1,
      "notes": "Need to modify"
    },
    {
      "exerciseId": "ex_hip_4_3659",
      "exerciseName": "Hip Exercise 6",
      "setsCompleted": 4,
      "repsCompleted": 11,
      "durationSeconds": 58,
      "painLevel": 8,
      "notes": "Getting easier"
    },
    {
      "exerciseId": "ex_hip_5_2351",
      "exerciseName": "Hip Exercise 1",
      "setsCompleted": 1,
      "repsCompleted": 4,
      "durationSeconds": 66,
      "painLevel": 8,
      "notes": "Need to modify"
    },
    {
      "exerciseId": "ex_hip_6_2493",
      "exerciseName": "Hip Exercise 5",
      "setsCompleted": 4,
      "repsCompleted": 6,
      "durationSeconds": 72,
      "painLevel": 1,
      "notes": "Too challenging"
    }
  ],
  "metrics": {
    "hip_rom": 148,
    "hip_strength": 6
  },
  "feedback": "Exercises are getting easier to perform",
  "overallRating": 3,
  "adherencePercentage": 88
}