{
  "id": "progress_20502",
  "userId": "patient_9196",
  "planId": "plan_98594",
  "date": "2024-08-29T13:59:38.699985",
  "exerciseLogs": [
    {
      "exerciseId": "ex_elbow_1_5189",
      "exerciseName": "Elbow Exercise 3",
      "setsCompleted": 2,
      "repsCompleted": 12,
      "durationSeconds": 88,
      "painLevel": 7,
      "notes": "Too challenging"
    },
    {
      "exerciseId": "ex_elbow_2_7496",
      "exerciseName": "Elbow Exercise 2",
      "setsCompleted": 2,
      "repsCompleted": 2,
      "durationSeconds": 61,
      "painLevel": 8,
      "notes": "Too challenging"
    },
    {
      "exerciseId": "ex_elbow_3_1758",
      "exerciseName": "Elbow Exercise 5",
      "setsCompleted": 3,
      "repsCompleted": 7,
      "durationSeconds": 89,
      "painLevel": 2,
      "notes": null
    },
    {
      "exerciseId": "ex_elbow_4_7219",
      "exerciseName": "Elbow Exercise 1",
      "setsCompleted": 1,
      "repsCompleted": 6,
      "durationSeconds": 48,
      "painLevel": 1,
      "notes": "Felt good"
    }
  ],
  "metrics": {
    "elbow_rom": 74,
    "elbow_strength": 4
  },
  "feedback": "Still experiencing pain during certain movements",
  "overallRating": 4,
  "adherencePercentage": 66
}