{
  "id": "progress_17319",
  "userId": "patient_8262",
  "planId": "plan_96001",
  "date": "2024-11-25T13:59:38.664412",
  "exerciseLogs": [
    {
      "exerciseId": "ex_wrist_1_7809",
      "exerciseName": "Wrist Exercise 3",
      "setsCompleted": 1,
      "repsCompleted": 3,
      "durationSeconds": 56,
      "painLevel": 6,
      "notes": "Felt good"
    },
    {
      "exerciseId": "ex_wrist_2_7751",
      "exerciseName": "Wrist Exercise 4",
      "setsCompleted": 4,
      "repsCompleted": 6,
      "durationSeconds": 32,
      "painLevel": 7,
      "notes": "Too challenging"
    },
    {
      "exerciseId": "ex_wrist_3_3532",
      "exerciseName": "Wrist Exercise 5",
      "setsCompleted": 2,
      "repsCompleted": 1,
      "durationSeconds": 86,
      "painLevel": 9,
      "notes": "Felt good"
    }
  ],
  "metrics": {
    "wrist_rom": 60,
    "wrist_strength": 5
  },
  "feedback": "Still experiencing pain during certain movements",
  "overallRating": 2,
  "adherencePercentage": 87
}