{
  "id": "progress_13010",
  "userId": "patient_4878",
  "planId": "plan_26738",
  "date": "2025-03-25T13:59:38.664412",
  "exerciseLogs": [
    {
      "exerciseId": "ex_elbow_1_4298",
      "exerciseName": "Elbow Exercise 1",
      "setsCompleted": 3,
      "repsCompleted": 4,
      "durationSeconds": 39,
      "painLevel": 9,
      "notes": "Need to modify"
    },
    {
      "exerciseId": "ex_elbow_2_1450",
      "exerciseName": "Elbow Exercise 5",
      "setsCompleted": 1,
      "repsCompleted": 8,
      "durationSeconds": 47,
      "painLevel": 10,
      "notes": "Getting easier"
    },
    {
      "exerciseId": "ex_elbow_3_2564",
      "exerciseName": "Elbow Exercise 3",
      "setsCompleted": 2,
      "repsCompleted": 7,
      "durationSeconds": 80,
      "painLevel": 8,
      "notes": null
    },
    {
      "exerciseId": "ex_elbow_4_3712",
      "exerciseName": "Elbow Exercise 2",
      "setsCompleted": 1,
      "repsCompleted": 9,
      "durationSeconds": 42,
      "painLevel": 8,
      "notes": "Too challenging"
    }
  ],
  "metrics": {
    "elbow_rom": 61,
    "elbow_strength": 9
  },
  "feedback": "Need modifications for some exercises",
  "overallRating": 2,
  "adherencePercentage": 50
}