{
  "id": "progress_16350",
  "userId": "patient_8798",
  "planId": "plan_65041",
  "date": "2024-05-13T13:59:38.693456",
  "exerciseLogs": [
    {
      "exerciseId": "ex_hip_1_1080",
      "exerciseName": "Hip Exercise 3",
      "setsCompleted": 3,
      "repsCompleted": 6,
      "durationSeconds": 70,
      "painLevel": 7,
      "notes": "Need to modify"
    },
    {
      "exerciseId": "ex_hip_2_6153",
      "exerciseName": "Hip Exercise 2",
      "setsCompleted": 2,
      "repsCompleted": 13,
      "durationSeconds": 85,
      "painLevel": 1,
      "notes": "Felt good"
    },
    {
      "exerciseId": "ex_hip_3_7650",
      "exerciseName": "Hip Exercise 4",
      "setsCompleted": 3,
      "repsCompleted": 3,
      "durationSeconds": 52,
      "painLevel": 1,
      "notes": "Need to modify"
    },
    {
      "exerciseId": "ex_hip_4_9616",
      "exerciseName": "Hip Exercise 1",
      "setsCompleted": 1,
      "repsCompleted": 8,
      "durationSeconds": 52,
      "painLevel": 2,
      "notes": "Need to modify"
    }
  ],
  "metrics": {
    "hip_rom": 120,
    "hip_strength": 3
  },
  "feedback": "Exercises are getting easier to perform",
  "overallRating": 1,
  "adherencePercentage": 75
}