{
  "id": "progress_23890",
  "userId": "patient_3809",
  "planId": "plan_38978",
  "date": "2025-04-11T13:59:38.694458",
  "exerciseLogs": [
    {
      "exerciseId": "ex_ankle_2_2598",
      "exerciseName": "Ankle Pumps",
      "setsCompleted": 4,
      "repsCompleted": 1,
      "durationSeconds": 79,
      "painLevel": 7,
      "notes": "Getting easier"
    },
    {
      "exerciseId": "ex_ankle_3_3336",
      "exerciseName": "Toe Raises",
      "setsCompleted": 1,
      "repsCompleted": 6,
      "durationSeconds": 42,
      "painLevel": 3,
      "notes": "Need to modify"
    }
  ],
  "metrics": {
    "ankle_rom": 107,
    "ankle_strength": 5
  },
  "feedback": "Still experiencing pain during certain movements",
  "overallRating": 3,
  "adherencePercentage": 55
}