{
  "id": "progress_20291",
  "userId": "patient_3729",
  "planId": "plan_98829",
  "date": "2025-01-06T13:59:38.673412",
  "exerciseLogs": [
    {
      "exerciseId": "ex_ankle_1_3393",
      "exerciseName": "Resistance Band Eversion",
      "setsCompleted": 1,
      "repsCompleted": 6,
      "durationSeconds": 62,
      "painLevel": 8,
      "notes": "Getting easier"
    },
    {
      "exerciseId": "ex_ankle_2_7184",
      "exerciseName": "Toe Raises",
      "setsCompleted": 3,
      "repsCompleted": 11,
      "durationSeconds": 57,
      "painLevel": 3,
      "notes": null
    },
    {
      "exerciseId": "ex_ankle_3_8214",
      "exerciseName": "Heel Raises",
      "setsCompleted": 1,
      "repsCompleted": 7,
      "durationSeconds": 64,
      "painLevel": 6,
      "notes": "Getting easier"
    },
    {
      "exerciseId": "ex_ankle_4_6321",
      "exerciseName": "Resistance Band Inversion",
      "setsCompleted": 1,
      "repsCompleted": 3,
      "durationSeconds": 39,
      "painLevel": 7,
      "notes": "Need to modify"
    },
    {
      "exerciseId": "ex_ankle_5_1485",
      "exerciseName": "Ankle Pumps",
      "setsCompleted": 1,
      "repsCompleted": 5,
      "durationSeconds": 44,
      "painLevel": 9,
      "notes": "Getting easier"
    }
  ],
  "metrics": {
    "ankle_rom": 117,
    "ankle_strength": 8
  },
  "feedback": null,
  "overallRating": 3,
  "adherencePercentage": 43
}