{
  "id": "progress_15312",
  "userId": "patient_1860",
  "planId": "plan_95623",
  "date": "2024-10-10T13:59:38.667410",
  "exerciseLogs": [
    {
      "exerciseId": "ex_wrist_1_6103",
      "exerciseName": "Wrist Exercise 6",
      "setsCompleted": 1,
      "repsCompleted": 1,
      "durationSeconds": 31,
      "painLevel": 5,
      "notes": "Getting easier"
    },
    {
      "exerciseId": "ex_wrist_2_1247",
      "exerciseName": "Wrist Exercise 3",
      "setsCompleted": 2,
      "repsCompleted": 4,
      "durationSeconds": 55,
      "painLevel": 9,
      "notes": "Felt good"
    },
    {
      "exerciseId": "ex_wrist_3_4811",
      "exerciseName": "Wrist Exercise 2",
      "setsCompleted": 1,
      "repsCompleted": 4,
      "durationSeconds": 32,
      "painLevel": 10,
      "notes": "Getting easier"
    }
  ],
  "metrics": {
    "wrist_rom": 111,
    "wrist_strength": 6
  },
  "feedback": null,
  "overallRating": 3,
  "adherencePercentage": 50
}