{
  "id": "progress_20002",
  "userId": "patient_4351",
  "planId": "plan_29802",
  "date": "2025-04-21T13:59:38.684932",
  "exerciseLogs": [
    {
      "exerciseId": "ex_shoulder_1_6810",
      "exerciseName": "Wall Crawl",
      "setsCompleted": 2,
      "repsCompleted": 7,
      "durationSeconds": 75,
      "painLevel": 10,
      "notes": "Felt good"
    },
    {
      "exerciseId": "ex_shoulder_2_4487",
      "exerciseName": "External Rotation",
      "setsCompleted": 2,
      "repsCompleted": 3,
      "durationSeconds": 63,
      "painLevel": 10,
      "notes": null
    },
    {
      "exerciseId": "ex_shoulder_3_2908",
      "exerciseName": "Shoulder Flexion",
      "setsCompleted": 2,
      "repsCompleted": 9,
      "durationSeconds": 49,
      "painLevel": 9,
      "notes": "Felt good"
    },
    {
      "exerciseId": "ex_shoulder_4_2472",
      "exerciseName": "Pendulum Exercise",
      "setsCompleted": 1,
      "repsCompleted": 6,
      "durationSeconds": 46,
      "painLevel": 9,
      "notes": "Getting easier"
    },
    {
      "exerciseId": "ex_shoulder_5_6017",
      "exerciseName": "Shoulder Abduction",
      "setsCompleted": 2,
      "repsCompleted": 3,
      "durationSeconds": 70,
      "painLevel": 7,
      "notes": null
    },
    {
      "exerciseId": "ex_shoulder_6_5254",
      "exerciseName": "Internal Rotation",
      "setsCompleted": 1,
      "repsCompleted": 8,
      "durationSeconds": 53,
      "painLevel": 2,
      "notes": "Felt good"
    }
  ],
  "metrics": {
    "shoulder_rom": 66,
    "shoulder_strength": 8
  },
  "feedback": "Feeling improvement in range of motion",
  "overallRating": 5,
  "adherencePercentage": 58
}