{
  "id": "progress_22104",
  "userId": "patient_9982",
  "planId": "plan_20367",
  "date": "2024-07-26T13:59:38.662411",
  "exerciseLogs": [
    {
      "exerciseId": "ex_neck_3_7775",
      "exerciseName": "Neck Exercise 2",
      "setsCompleted": 1,
      "repsCompleted": 11,
      "durationSeconds": 72,
      "painLevel": 6,
      "notes": "Felt good"
    },
    {
      "exerciseId": "ex_neck_4_7556",
      "exerciseName": "Neck Exercise 4",
      "setsCompleted": 1,
      "repsCompleted": 5,
      "durationSeconds": 76,
      "painLevel": 2,
      "notes": "Felt good"
    }
  ],
  "metrics": {
    "neck_rom": 69,
    "neck_strength": 9
  },
  "feedback": "Exercises are getting easier to perform",
  "overallRating": 2,
  "adherencePercentage": 25
}