{
  "id": "progress_15831",
  "userId": "patient_5204",
  "planId": "plan_24699",
  "date": "2024-05-25T13:59:38.674414",
  "exerciseLogs": [
    {
      "exerciseId": "ex_ankle_2_1590",
      "exerciseName": "Ankle Pumps",
      "setsCompleted": 1,
      "repsCompleted": 2,
      "durationSeconds": 84,
      "painLevel": 9,
      "notes": "Need to modify"
    },
    {
      "exerciseId": "ex_ankle_3_8682",
      "exerciseName": "Resistance Band Inversion",
      "setsCompleted": 4,
      "repsCompleted": 8,
      "durationSeconds": 35,
      "painLevel": 5,
      "notes": "Need to modify"
    },
    {
      "exerciseId": "ex_ankle_4_7075",
      "exerciseName": "Resistance Band Eversion",
      "setsCompleted": 2,
      "repsCompleted": 10,
      "durationSeconds": 44,
      "painLevel": 3,
      "notes": "Felt good"
    }
  ],
  "metrics": {
    "ankle_rom": 178,
    "ankle_strength": 6
  },
  "feedback": null,
  "overallRating": 4,
  "adherencePercentage": 58
}