{
  "id": "progress_11126",
  "userId": "patient_4931",
  "planId": "plan_18332",
  "date": "2024-10-26T13:59:38.679936",
  "exerciseLogs": [
    {
      "exerciseId": "ex_back_1_8607",
      "exerciseName": "Back Exercise 5",
      "setsCompleted": 2,
      "repsCompleted": 3,
      "durationSeconds": 57,
      "painLevel": 7,
      "notes": "Getting easier"
    },
    {
      "exerciseId": "ex_back_2_2443",
      "exerciseName": "Back Exercise 4",
      "setsCompleted": 1,
      "repsCompleted": 9,
      "durationSeconds": 43,
      "painLevel": 10,
      "notes": "Getting easier"
    }
  ],
  "metrics": {
    "back_rom": 145,
    "back_strength": 9
  },
  "feedback": "Feeling improvement in range of motion",
  "overallRating": 2,
  "adherencePercentage": 27
}