{
  "id": "progress_23761",
  "userId": "patient_8373",
  "planId": "plan_69565",
  "date": "2024-11-19T13:59:38.714007",
  "exerciseLogs": [
    {
      "exerciseId": "ex_neck_1_3212",
      "exerciseName": "Neck Exercise 6",
      "setsCompleted": 3,
      "repsCompleted": 8,
      "durationSeconds": 59,
      "painLevel": 9,
      "notes": "Too challenging"
    },
    {
      "exerciseId": "ex_neck_2_8520",
      "exerciseName": "Neck Exercise 4",
      "setsCompleted": 1,
      "repsCompleted": 1,
      "durationSeconds": 41,
      "painLevel": 8,
      "notes": "Too challenging"
    },
    {
      "exerciseId": "ex_neck_3_9259",
      "exerciseName": "Neck Exercise 1",
      "setsCompleted": 1,
      "repsCompleted": 4,
      "durationSeconds": 90,
      "painLevel": 5,
      "notes": "Need to modify"
    },
    {
      "exerciseId": "ex_neck_4_7793",
      "exerciseName": "Neck Exercise 3",
      "setsCompleted": 1,
      "repsCompleted": 3,
      "durationSeconds": 84,
      "painLevel": 2,
      "notes": "Need to modify"
    },
    {
      "exerciseId": "ex_neck_5_5380",
      "exerciseName": "Neck Exercise 2",
      "setsCompleted": 1,
      "repsCompleted": 7,
      "durationSeconds": 58,
      "painLevel": 3,
      "notes": "Need to modify"
    },
    {
      "exerciseId": "ex_neck_6_5578",
      "exerciseName": "Neck Exercise 5",
      "setsCompleted": 2,
      "repsCompleted": 10,
      "durationSeconds": 31,
      "painLevel": 2,
      "notes": "Need to modify"
    }
  ],
  "metrics": {
    "neck_rom": 96,
    "neck_strength": 5
  },
  "feedback": "Exercises are getting easier to perform",
  "overallRating": 2,
  "adherencePercentage": 47
}