{
  "id": "progress_26078",
  "userId": "patient_2273",
  "planId": "plan_86423",
  "date": "2024-06-09T13:59:38.704984",
  "exerciseLogs": [
    {
      "exerciseId": "ex_elbow_1_5918",
      "exerciseName": "Elbow Exercise 3",
      "setsCompleted": 1,
      "repsCompleted": 7,
      "durationSeconds": 36,
      "painLevel": 10,
      "notes": null
    },
    {
      "exerciseId": "ex_elbow_3_4454",
      "exerciseName": "Elbow Exercise 6",
      "setsCompleted": 1,
      "repsCompleted": 11,
      "durationSeconds": 77,
      "painLevel": 5,
      "notes": "Need to modify"
    },
    {
      "exerciseId": "ex_elbow_4_4582",
      "exerciseName": "Elbow Exercise 4",
      "setsCompleted": 3,
      "repsCompleted": 8,
      "durationSeconds": 77,
      "painLevel": 5,
      "notes": null
    },
    {
      "exerciseId": "ex_elbow_5_3975",
      "exerciseName": "Elbow Exercise 2",
      "setsCompleted": 2,
      "repsCompleted": 9,
      "durationSeconds": 72,
      "painLevel": 4,
      "notes": "Getting easier"
    }
  ],
  "metrics": {
    "elbow_rom": 138,
    "elbow_strength": 10
  },
  "feedback": "Exercises are getting easier to perform",
  "overallRating": 2,
  "adherencePercentage": 53
}