{
  "id": "progress_14015",
  "userId": "patient_4296",
  "planId": "plan_76355",
  "date": "2025-05-14T13:59:38.677924",
  "exerciseLogs": [
    {
      "exerciseId": "ex_wrist_1_7912",
      "exerciseName": "Wrist Exercise 4",
      "setsCompleted": 2,
      "repsCompleted": 1,
      "durationSeconds": 59,
      "painLevel": 5,
      "notes": "Too challenging"
    },
    {
      "exerciseId": "ex_wrist_2_8696",
      "exerciseName": "Wrist Exercise 5",
      "setsCompleted": 1,
      "repsCompleted": 3,
      "durationSeconds": 36,
      "painLevel": 3,
      "notes": null
    },
    {
      "exerciseId": "ex_wrist_4_8167",
      "exerciseName": "Wrist Exercise 3",
      "setsCompleted": 1,
      "repsCompleted": 3,
      "durationSeconds": 49,
      "painLevel": 9,
      "notes": null
    },
    {
      "exerciseId": "ex_wrist_5_6693",
      "exerciseName": "Wrist Exercise 2",
      "setsCompleted": 2,
      "repsCompleted": 7,
      "durationSeconds": 47,
      "painLevel": 6,
      "notes": "Felt good"
    }
  ],
  "metrics": {
    "wrist_rom": 107,
    "wrist_strength": 10
  },
  "feedback": "Still experiencing pain during certain movements",
  "overallRating": 1,
  "adherencePercentage": 35
}