{
  "id": "progress_19573",
  "userId": "patient_5888",
  "planId": "plan_61786",
  "date": "2024-11-05T13:59:38.671412",
  "exerciseLogs": [
    {
      "exerciseId": "ex_wrist_1_5939",
      "exerciseName": "Wrist Exercise 6",
      "setsCompleted": 2,
      "repsCompleted": 2,
      "durationSeconds": 48,
      "painLevel": 1,
      "notes": "Felt good"
    },
    {
      "exerciseId": "ex_wrist_2_4260",
      "exerciseName": "Wrist Exercise 3",
      "setsCompleted": 3,
      "repsCompleted": 3,
      "durationSeconds": 69,
      "painLevel": 6,
      "notes": null
    },
    {
      "exerciseId": "ex_wrist_3_5417",
      "exerciseName": "Wrist Exercise 1",
      "setsCompleted": 1,
      "repsCompleted": 10,
      "durationSeconds": 58,
      "painLevel": 1,
      "notes": "Getting easier"
    },
    {
      "exerciseId": "ex_wrist_4_5826",
      "exerciseName": "Wrist Exercise 4",
      "setsCompleted": 2,
      "repsCompleted": 4,
      "durationSeconds": 62,
      "painLevel": 3,
      "notes": "Need to modify"
    },
    {
      "exerciseId": "ex_wrist_5_7705",
      "exerciseName": "Wrist Exercise 2",
      "setsCompleted": 3,
      "repsCompleted": 2,
      "durationSeconds": 52,
      "painLevel": 8,
      "notes": "Felt good"
    },
    {
      "exerciseId": "ex_wrist_6_8229",
      "exerciseName": "Wrist Exercise 5",
      "setsCompleted": 2,
      "repsCompleted": 5,
      "durationSeconds": 84,
      "painLevel": 8,
      "notes": "Too challenging"
    }
  ],
  "metrics": {
    "wrist_rom": 122,
    "wrist_strength": 10
  },
  "feedback": "Still experiencing pain during certain movements",
  "overallRating": 3,
  "adherencePercentage": 68
}