{
  "id": "progress_11363",
  "userId": "patient_9336",
  "planId": "plan_82051",
  "date": "2024-11-24T13:59:38.728517",
  "exerciseLogs": [
    {
      "exerciseId": "ex_neck_1_7074",
      "exerciseName": "Neck Exercise 1",
      "setsCompleted": 1,
      "repsCompleted": 1,
      "durationSeconds": 53,
      "painLevel": 6,
      "notes": "Too challenging"
    },
    {
      "exerciseId": "ex_neck_2_1417",
      "exerciseName": "Neck Exercise 4",
      "setsCompleted": 3,
      "repsCompleted": 5,
      "durationSeconds": 48,
      "painLevel": 2,
      "notes": "Need to modify"
    },
    {
      "exerciseId": "ex_neck_3_7005",
      "exerciseName": "Neck Exercise 3",
      "setsCompleted": 2,
      "repsCompleted": 8,
      "durationSeconds": 36,
      "painLevel": 2,
      "notes": "Need to modify"
    },
    {
      "exerciseId": "ex_neck_4_8686",
      "exerciseName": "Neck Exercise 6",
      "setsCompleted": 3,
      "repsCompleted": 7,
      "durationSeconds": 61,
      "painLevel": 1,
      "notes": "Getting easier"
    },
    {
      "exerciseId": "ex_neck_5_2998",
      "exerciseName": "Neck Exercise 2",
      "setsCompleted": 1,
      "repsCompleted": 9,
      "durationSeconds": 39,
      "painLevel": 7,
      "notes": null
    }
  ],
  "metrics": {
    "neck_rom": 95,
    "neck_strength": 4
  },
  "feedback": "Exercises are getting easier to perform",
  "overallRating": 1,
  "adherencePercentage": 71
}