{
  "id": "progress_29735",
  "userId": "patient_9898",
  "planId": "plan_59772",
  "date": "2024-07-13T13:59:38.711002",
  "exerciseLogs": [
    {
      "exerciseId": "ex_hip_1_1768",
      "exerciseName": "Hip Exercise 5",
      "setsCompleted": 4,
      "repsCompleted": 13,
      "durationSeconds": 36,
      "painLevel": 9,
      "notes": "Getting easier"
    },
    {
      "exerciseId": "ex_hip_2_4490",
      "exerciseName": "Hip Exercise 6",
      "setsCompleted": 1,
      "repsCompleted": 7,
      "durationSeconds": 35,
      "painLevel": 5,
      "notes": "Getting easier"
    },
    {
      "exerciseId": "ex_hip_4_8438",
      "exerciseName": "Hip Exercise 2",
      "setsCompleted": 2,
      "repsCompleted": 5,
      "durationSeconds": 34,
      "painLevel": 7,
      "notes": "Too challenging"
    },
    {
      "exerciseId": "ex_hip_5_2896",
      "exerciseName": "Hip Exercise 3",
      "setsCompleted": 1,
      "repsCompleted": 4,
      "durationSeconds": 89,
      "painLevel": 5,
      "notes": "Felt good"
    },
    {
      "exerciseId": "ex_hip_6_3443",
      "exerciseName": "Hip Exercise 1",
      "setsCompleted": 2,
      "repsCompleted": 6,
      "durationSeconds": 62,
      "painLevel": 1,
      "notes": "Getting easier"
    }
  ],
  "metrics": {
    "hip_rom": 138,
    "hip_strength": 4
  },
  "feedback": "Exercises are getting easier to perform",
  "overallRating": 2,
  "adherencePercentage": 58
}