{
  "id": "progress_10068",
  "userId": "patient_9306",
  "planId": "plan_23007",
  "date": "2025-02-26T13:59:38.732038",
  "exerciseLogs": [
    {
      "exerciseId": "ex_back_1_6263",
      "exerciseName": "Back Exercise 3",
      "setsCompleted": 1,
      "repsCompleted": 4,
      "durationSeconds": 59,
      "painLevel": 5,
      "notes": null
    },
    {
      "exerciseId": "ex_back_2_3570",
      "exerciseName": "Back Exercise 5",
      "setsCompleted": 2,
      "repsCompleted": 3,
      "durationSeconds": 72,
      "painLevel": 9,
      "notes": "Felt good"
    },
    {
      "exerciseId": "ex_back_3_4425",
      "exerciseName": "Back Exercise 4",
      "setsCompleted": 1,
      "repsCompleted": 2,
      "durationSeconds": 39,
      "painLevel": 5,
      "notes": null
    },
    {
      "exerciseId": "ex_back_4_7500",
      "exerciseName": "Back Exercise 6",
      "setsCompleted": 2,
      "repsCompleted": 12,
      "durationSeconds": 67,
      "painLevel": 1,
      "notes": "Too challenging"
    }
  ],
  "metrics": {
    "back_rom": 117,
    "back_strength": 8
  },
  "feedback": "Exercises are getting easier to perform",
  "overallRating": 4,
  "adherencePercentage": 31
}