{
  "id": "progress_14941",
  "userId": "patient_2003",
  "planId": "plan_73318",
  "date": "2025-01-12T13:59:38.680934",
  "exerciseLogs": [
    {
      "exerciseId": "ex_back_2_7551",
      "exerciseName": "Back Exercise 3",
      "setsCompleted": 2,
      "repsCompleted": 1,
      "durationSeconds": 30,
      "painLevel": 1,
      "notes": "Need to modify"
    },
    {
      "exerciseId": "ex_back_3_2752",
      "exerciseName": "Back Exercise 4",
      "setsCompleted": 3,
      "repsCompleted": 8,
      "durationSeconds": 76,
      "painLevel": 2,
      "notes": "Felt good"
    },
    {
      "exerciseId": "ex_back_4_9908",
      "exerciseName": "Back Exercise 1",
      "setsCompleted": 3,
      "repsCompleted": 6,
      "durationSeconds": 64,
      "painLevel": 2,
      "notes": "Felt good"
    }
  ],
  "metrics": {
    "back_rom": 64,
    "back_strength": 7
  },
  "feedback": "Feeling improvement in range of motion",
  "overallRating": 3,
  "adherencePercentage": 66
}