{
  "id": "progress_17041",
  "userId": "patient_5888",
  "planId": "plan_50658",
  "date": "2024-10-28T13:59:38.671412",
  "exerciseLogs": [
    {
      "exerciseId": "ex_wrist_1_9757",
      "exerciseName": "Wrist Exercise 5",
      "setsCompleted": 2,
      "repsCompleted": 12,
      "durationSeconds": 41,
      "painLevel": 2,
      "notes": "Too challenging"
    },
    {
      "exerciseId": "ex_wrist_2_2661",
      "exerciseName": "Wrist Exercise 1",
      "setsCompleted": 2,
      "repsCompleted": 3,
      "durationSeconds": 73,
      "painLevel": 7,
      "notes": "Too challenging"
    },
    {
      "exerciseId": "ex_wrist_3_1220",
      "exerciseName": "Wrist Exercise 2",
      "setsCompleted": 3,
      "repsCompleted": 2,
      "durationSeconds": 37,
      "painLevel": 8,
      "notes": "Getting easier"
    },
    {
      "exerciseId": "ex_wrist_4_7484",
      "exerciseName": "Wrist Exercise 4",
      "setsCompleted": 3,
      "repsCompleted": 11,
      "durationSeconds": 90,
      "painLevel": 10,
      "notes": "Getting easier"
    }
  ],
  "metrics": {
    "wrist_rom": 73,
    "wrist_strength": 9
  },
  "feedback": "Need modifications for some exercises",
  "overallRating": 3,
  "adherencePercentage": 83
}