{
  "id": "progress_16431",
  "userId": "patient_8723",
  "planId": "plan_66925",
  "date": "2024-06-29T13:59:38.724518",
  "exerciseLogs": [
    {
      "exerciseId": "ex_knee_1_9337",
      "exerciseName": "Knee Extensions",
      "setsCompleted": 3,
      "repsCompleted": 12,
      "durationSeconds": 89,
      "painLevel": 10,
      "notes": "Felt good"
    },
    {
      "exerciseId": "ex_knee_3_5798",
      "exerciseName": "Step-Ups",
      "setsCompleted": 1,
      "repsCompleted": 11,
      "durationSeconds": 62,
      "painLevel": 1,
      "notes": "Felt good"
    },
    {
      "exerciseId": "ex_knee_4_6078",
      "exerciseName": "Hamstring Curls",
      "setsCompleted": 2,
      "repsCompleted": 4,
      "durationSeconds": 63,
      "painLevel": 4,
      "notes": "Too challenging"
    },
    {
      "exerciseId": "ex_knee_5_7002",
      "exerciseName": "Straight Leg Raises",
      "setsCompleted": 2,
      "repsCompleted": 3,
      "durationSeconds": 59,
      "painLevel": 6,
      "notes": "Need to modify"
    }
  ],
  "metrics": {
    "knee_rom": 90,
    "knee_strength": 5
  },
  "feedback": "Exercises are getting easier to perform",
  "overallRating": 1,
  "adherencePercentage": 53
}