{
  "id": "progress_28087",
  "userId": "patient_2374",
  "planId": "plan_68551",
  "date": "2025-04-05T13:59:38.699985",
  "exerciseLogs": [
    {
      "exerciseId": "ex_hip_1_1820",
      "exerciseName": "Hip Exercise 1",
      "setsCompleted": 3,
      "repsCompleted": 12,
      "durationSeconds": 79,
      "painLevel": 9,
      "notes": "Need to modify"
    },
    {
      "exerciseId": "ex_hip_3_2520",
      "exerciseName": "Hip Exercise 2",
      "setsCompleted": 2,
      "repsCompleted": 7,
      "durationSeconds": 36,
      "painLevel": 5,
      "notes": "Felt good"
    },
    {
      "exerciseId": "ex_hip_4_8634",
      "exerciseName": "Hip Exercise 4",
      "setsCompleted": 1,
      "repsCompleted": 3,
      "durationSeconds": 69,
      "painLevel": 10,
      "notes": "Getting easier"
    }
  ],
  "metrics": {
    "hip_rom": 66,
    "hip_strength": 4
  },
  "feedback": "Need modifications for some exercises",
  "overallRating": 3,
  "adherencePercentage": 46
}