{
  "id": "progress_13042",
  "userId": "patient_8607",
  "planId": "plan_52901",
  "date": "2025-01-26T13:59:38.731028",
  "exerciseLogs": [
    {
      "exerciseId": "ex_back_2_5945",
      "exerciseName": "Back Exercise 3",
      "setsCompleted": 2,
      "repsCompleted": 8,
      "durationSeconds": 83,
      "painLevel": 6,
      "notes": "Getting easier"
    },
    {
      "exerciseId": "ex_back_3_8572",
      "exerciseName": "Back Exercise 2",
      "setsCompleted": 1,
      "repsCompleted": 6,
      "durationSeconds": 39,
      "painLevel": 8,
      "notes": "Need to modify"
    },
    {
      "exerciseId": "ex_back_4_2116",
      "exerciseName": "Back Exercise 4",
      "setsCompleted": 3,
      "repsCompleted": 9,
      "durationSeconds": 32,
      "painLevel": 1,
      "notes": null
    },
    {
      "exerciseId": "ex_back_5_9897",
      "exerciseName": "Back Exercise 5",
      "setsCompleted": 3,
      "repsCompleted": 3,
      "durationSeconds": 42,
      "painLevel": 3,
      "notes": "Too challenging"
    }
  ],
  "metrics": {
    "back_rom": 101,
    "back_strength": 6
  },
  "feedback": "Feeling improvement in range of motion",
  "overallRating": 4,
  "adherencePercentage": 64
}