{
  "id": "progress_25426",
  "userId": "patient_6258",
  "planId": "plan_39413",
  "date": "2025-03-25T13:59:38.725518",
  "exerciseLogs": [
    {
      "exerciseId": "ex_knee_1_4374",
      "exerciseName": "Hamstring Curls",
      "setsCompleted": 1,
      "repsCompleted": 5,
      "durationSeconds": 73,
      "painLevel": 5,
      "notes": null
    },
    {
      "exerciseId": "ex_knee_3_2626",
      "exerciseName": "Knee Extensions",
      "setsCompleted": 2,
      "repsCompleted": 5,
      "durationSeconds": 52,
      "painLevel": 8,
      "notes": "Need to modify"
    },
    {
      "exerciseId": "ex_knee_4_1980",
      "exerciseName": "Straight Leg Raises",
      "setsCompleted": 2,
      "repsCompleted": 3,
      "durationSeconds": 49,
      "painLevel": 10,
      "notes": "Getting easier"
    },
    {
      "exerciseId": "ex_knee_5_3698",
      "exerciseName": "Wall Squats",
      "setsCompleted": 1,
      "repsCompleted": 8,
      "durationSeconds": 47,
      "painLevel": 7,
      "notes": null
    }
  ],
  "metrics": {
    "knee_rom": 151,
    "knee_strength": 7
  },
  "feedback": "Exercises are getting easier to perform",
  "overallRating": 1,
  "adherencePercentage": 42
}