{
  "id": "progress_15767",
  "userId": "patient_6001",
  "planId": "plan_72029",
  "date": "2025-03-28T13:59:38.663413",
  "exerciseLogs": [
    {
      "exerciseId": "ex_wrist_1_2849",
      "exerciseName": "Wrist Exercise 1",
      "setsCompleted": 2,
      "repsCompleted": 2,
      "durationSeconds": 40,
      "painLevel": 6,
      "notes": null
    },
    {
      "exerciseId": "ex_wrist_2_4938",
      "exerciseName": "Wrist Exercise 5",
      "setsCompleted": 1,
      "repsCompleted": 11,
      "durationSeconds": 85,
      "painLevel": 10,
      "notes": null
    },
    {
      "exerciseId": "ex_wrist_3_7907",
      "exerciseName": "Wrist Exercise 6",
      "setsCompleted": 1,
      "repsCompleted": 6,
      "durationSeconds": 56,
      "painLevel": 9,
      "notes": "Getting easier"
    }
  ],
  "metrics": {
    "wrist_rom": 121,
    "wrist_strength": 10
  },
  "feedback": "Exercises are getting easier to perform",
  "overallRating": 5,
  "adherencePercentage": 66
}