{
  "id": "progress_18178",
  "userId": "patient_9174",
  "planId": "plan_25624",
  "date": "2025-03-17T13:59:38.661412",
  "exerciseLogs": [
    {
      "exerciseId": "ex_knee_2_8563",
      "exerciseName": "Wall Squats",
      "setsCompleted": 1,
      "repsCompleted": 3,
      "durationSeconds": 52,
      "painLevel": 5,
      "notes": "Getting easier"
    },
    {
      "exerciseId": "ex_knee_5_2598",
      "exerciseName": "Straight Leg Raises",
      "setsCompleted": 1,
      "repsCompleted": 6,
      "durationSeconds": 72,
      "painLevel": 1,
      "notes": "Getting easier"
    },
    {
      "exerciseId": "ex_knee_6_9594",
      "exerciseName": "Hamstring Curls",
      "setsCompleted": 1,
      "repsCompleted": 3,
      "durationSeconds": 48,
      "painLevel": 2,
      "notes": null
    }
  ],
  "metrics": {
    "knee_rom": 69,
    "knee_strength": 10
  },
  "feedback": "Feeling improvement in range of motion",
  "overallRating": 1,
  "adherencePercentage": 16
}