{
  "id": "progress_10945",
  "userId": "patient_4687",
  "planId": "plan_48057",
  "date": "2025-02-18T13:59:38.668413",
  "exerciseLogs": [
    {
      "exerciseId": "ex_neck_1_6519",
      "exerciseName": "Neck Exercise 4",
      "setsCompleted": 2,
      "repsCompleted": 8,
      "durationSeconds": 88,
      "painLevel": 5,
      "notes": "Need to modify"
    },
    {
      "exerciseId": "ex_neck_2_6456",
      "exerciseName": "Neck Exercise 5",
      "setsCompleted": 2,
      "repsCompleted": 5,
      "durationSeconds": 43,
      "painLevel": 6,
      "notes": "Getting easier"
    },
    {
      "exerciseId": "ex_neck_3_2667",
      "exerciseName": "Neck Exercise 3",
      "setsCompleted": 3,
      "repsCompleted": 11,
      "durationSeconds": 62,
      "painLevel": 1,
      "notes": "Getting easier"
    }
  ],
  "metrics": {
    "neck_rom": 107,
    "neck_strength": 6
  },
  "feedback": "Exercises are getting easier to perform",
  "overallRating": 4,
  "adherencePercentage": 77
}