{
  "id": "progress_14837",
  "userId": "patient_4034",
  "planId": "plan_74408",
  "date": "2024-09-06T13:59:38.657413",
  "exerciseLogs": [
    {
      "exerciseId": "ex_hip_1_3808",
      "exerciseName": "Hip Exercise 6",
      "setsCompleted": 2,
      "repsCompleted": 3,
      "durationSeconds": 83,
      "painLevel": 9,
      "notes": "Felt good"
    },
    {
      "exerciseId": "ex_hip_2_9613",
      "exerciseName": "Hip Exercise 1",
      "setsCompleted": 3,
      "repsCompleted": 11,
      "durationSeconds": 34,
      "painLevel": 3,
      "notes": "Need to modify"
    },
    {
      "exerciseId": "ex_hip_3_8969",
      "exerciseName": "Hip Exercise 5",
      "setsCompleted": 2,
      "repsCompleted": 15,
      "durationSeconds": 47,
      "painLevel": 3,
      "notes": "Felt good"
    },
    {
      "exerciseId": "ex_hip_4_5199",
      "exerciseName": "Hip Exercise 2",
      "setsCompleted": 2,
      "repsCompleted": 3,
      "durationSeconds": 32,
      "painLevel": 10,
      "notes": "Too challenging"
    },
    {
      "exerciseId": "ex_hip_5_2516",
      "exerciseName": "Hip Exercise 4",
      "setsCompleted": 2,
      "repsCompleted": 5,
      "durationSeconds": 54,
      "painLevel": 3,
      "notes": "Need to modify"
    },
    {
      "exerciseId": "ex_hip_6_7563",
      "exerciseName": "Hip Exercise 3",
      "setsCompleted": 1,
      "repsCompleted": 4,
      "durationSeconds": 82,
      "painLevel": 8,
      "notes": "Too challenging"
    }
  ],
  "metrics": {
    "hip_rom": 150,
    "hip_strength": 3
  },
  "feedback": null,
  "overallRating": 4,
  "adherencePercentage": 63
}