{
  "id": "progress_14592",
  "userId": "patient_9708",
  "planId": "plan_24063",
  "date": "2024-06-24T13:59:38.705984",
  "exerciseLogs": [
    {
      "exerciseId": "ex_knee_1_8373",
      "exerciseName": "Terminal Knee Extensions",
      "setsCompleted": 4,
      "repsCompleted": 11,
      "durationSeconds": 90,
      "painLevel": 2,
      "notes": "Getting easier"
    },
    {
      "exerciseId": "ex_knee_2_9981",
      "exerciseName": "Step-Ups",
      "setsCompleted": 1,
      "repsCompleted": 5,
      "durationSeconds": 38,
      "painLevel": 4,
      "notes": "Getting easier"
    },
    {
      "exerciseId": "ex_knee_3_4748",
      "exerciseName": "Knee Extensions",
      "setsCompleted": 1,
      "repsCompleted": 6,
      "durationSeconds": 86,
      "painLevel": 5,
      "notes": "Need to modify"
    },
    {
      "exerciseId": "ex_knee_4_4870",
      "exerciseName": "Straight Leg Raises",
      "setsCompleted": 1,
      "repsCompleted": 10,
      "durationSeconds": 88,
      "painLevel": 4,
      "notes": "Need to modify"
    },
    {
      "exerciseId": "ex_knee_5_1083",
      "exerciseName": "Hamstring Curls",
      "setsCompleted": 3,
      "repsCompleted": 4,
      "durationSeconds": 60,
      "painLevel": 2,
      "notes": "Felt good"
    }
  ],
  "metrics": {
    "knee_rom": 111,
    "knee_strength": 6
  },
  "feedback": "Need modifications for some exercises",
  "overallRating": 5,
  "adherencePercentage": 76
}