{
  "id": "progress_17081",
  "userId": "patient_9982",
  "planId": "plan_20367",
  "date": "2024-07-15T13:59:38.662411",
  "exerciseLogs": [
    {
      "exerciseId": "ex_neck_1_6424",
      "exerciseName": "Neck Exercise 1",
      "setsCompleted": 2,
      "repsCompleted": 11,
      "durationSeconds": 31,
      "painLevel": 6,
      "notes": "Need to modify"
    },
    {
      "exerciseId": "ex_neck_2_6123",
      "exerciseName": "Neck Exercise 3",
      "setsCompleted": 2,
      "repsCompleted": 8,
      "durationSeconds": 50,
      "painLevel": 5,
      "notes": "Need to modify"
    },
    {
      "exerciseId": "ex_neck_3_7775",
      "exerciseName": "Neck Exercise 2",
      "setsCompleted": 1,
      "repsCompleted": 2,
      "durationSeconds": 72,
      "painLevel": 6,
      "notes": "Felt good"
    },
    {
      "exerciseId": "ex_neck_4_7556",
      "exerciseName": "Neck Exercise 4",
      "setsCompleted": 2,
      "repsCompleted": 8,
      "durationSeconds": 76,
      "painLevel": 8,
      "notes": null
    }
  ],
  "metrics": {
    "neck_rom": 115,
    "neck_strength": 7
  },
  "feedback": "Need modifications for some exercises",
  "overallRating": 5,
  "adherencePercentage": 87
}