{
  "id": "progress_11473",
  "userId": "patient_1365",
  "planId": "plan_84750",
  "date": "2025-01-07T13:59:38.670412",
  "exerciseLogs": [
    {
      "exerciseId": "ex_neck_1_1243",
      "exerciseName": "Neck Exercise 5",
      "setsCompleted": 1,
      "repsCompleted": 9,
      "durationSeconds": 32,
      "painLevel": 3,
      "notes": null
    },
    {
      "exerciseId": "ex_neck_2_2245",
      "exerciseName": "Neck Exercise 3",
      "setsCompleted": 1,
      "repsCompleted": 8,
      "durationSeconds": 65,
      "painLevel": 9,
      "notes": "Getting easier"
    },
    {
      "exerciseId": "ex_neck_3_7752",
      "exerciseName": "Neck Exercise 4",
      "setsCompleted": 2,
      "repsCompleted": 9,
      "durationSeconds": 68,
      "painLevel": 5,
      "notes": null
    }
  ],
  "metrics": {
    "neck_rom": 129,
    "neck_strength": 10
  },
  "feedback": null,
  "overallRating": 5,
  "adherencePercentage": 50
}