{
  "id": "progress_17495",
  "userId": "patient_3729",
  "planId": "plan_98829",
  "date": "2024-12-28T13:59:38.673412",
  "exerciseLogs": [
    {
      "exerciseId": "ex_ankle_1_3393",
      "exerciseName": "Resistance Band Eversion",
      "setsCompleted": 1,
      "repsCompleted": 14,
      "durationSeconds": 62,
      "painLevel": 1,
      "notes": "Too challenging"
    },
    {
      "exerciseId": "ex_ankle_2_7184",
      "exerciseName": "Toe Raises",
      "setsCompleted": 3,
      "repsCompleted": 7,
      "durationSeconds": 57,
      "painLevel": 10,
      "notes": null
    },
    {
      "exerciseId": "ex_ankle_3_8214",
      "exerciseName": "Heel Raises",
      "setsCompleted": 1,
      "repsCompleted": 7,
      "durationSeconds": 64,
      "painLevel": 3,
      "notes": null
    },
    {
      "exerciseId": "ex_ankle_4_6321",
      "exerciseName": "Resistance Band Inversion",
      "setsCompleted": 1,
      "repsCompleted": 12,
      "durationSeconds": 39,
      "painLevel": 3,
      "notes": "Getting easier"
    },
    {
      "exerciseId": "ex_ankle_5_1485",
      "exerciseName": "Ankle Pumps",
      "setsCompleted": 4,
      "repsCompleted": 5,
      "durationSeconds": 44,
      "painLevel": 10,
      "notes": null
    }
  ],
  "metrics": {
    "ankle_rom": 63,
    "ankle_strength": 10
  },
  "feedback": "Feeling improvement in range of motion",
  "overallRating": 5,
  "adherencePercentage": 62
}