{
  "id": "progress_23443",
  "userId": "patient_5644",
  "planId": "plan_65979",
  "date": "2025-01-02T13:59:38.701987",
  "exerciseLogs": [
    {
      "exerciseId": "ex_back_1_9247",
      "exerciseName": "Back Exercise 2",
      "setsCompleted": 2,
      "repsCompleted": 8,
      "durationSeconds": 31,
      "painLevel": 1,
      "notes": null
    },
    {
      "exerciseId": "ex_back_2_1344",
      "exerciseName": "Back Exercise 1",
      "setsCompleted": 4,
      "repsCompleted": 2,
      "durationSeconds": 34,
      "painLevel": 8,
      "notes": "Getting easier"
    }
  ],
  "metrics": {
    "back_rom": 85,
    "back_strength": 8
  },
  "feedback": "Need modifications for some exercises",
  "overallRating": 2,
  "adherencePercentage": 54
}