{
  "id": "progress_19518",
  "userId": "patient_4034",
  "planId": "plan_82760",
  "date": "2024-09-20T13:59:38.657413",
  "exerciseLogs": [
    {
      "exerciseId": "ex_hip_1_8331",
      "exerciseName": "Hip Exercise 6",
      "setsCompleted": 1,
      "repsCompleted": 1,
      "durationSeconds": 63,
      "painLevel": 2,
      "notes": null
    },
    {
      "exerciseId": "ex_hip_2_8596",
      "exerciseName": "Hip Exercise 1",
      "setsCompleted": 1,
      "repsCompleted": 2,
      "durationSeconds": 43,
      "painLevel": 9,
      "notes": "Getting easier"
    },
    {
      "exerciseId": "ex_hip_4_8802",
      "exerciseName": "Hip Exercise 3",
      "setsCompleted": 2,
      "repsCompleted": 3,
      "durationSeconds": 80,
      "painLevel": 9,
      "notes": null
    },
    {
      "exerciseId": "ex_hip_5_4452",
      "exerciseName": "Hip Exercise 2",
      "setsCompleted": 1,
      "repsCompleted": 9,
      "durationSeconds": 56,
      "painLevel": 3,
      "notes": "Need to modify"
    },
    {
      "exerciseId": "ex_hip_6_9718",
      "exerciseName": "Hip Exercise 4",
      "setsCompleted": 1,
      "repsCompleted": 8,
      "durationSeconds": 74,
      "painLevel": 2,
      "notes": null
    }
  ],
  "metrics": {
    "hip_rom": 148,
    "hip_strength": 10
  },
  "feedback": "Exercises are getting easier to perform",
  "overallRating": 5,
  "adherencePercentage": 30
}