{
  "id": "progress_19811",
  "userId": "patient_3766",
  "planId": "plan_22659",
  "date": "2025-01-07T13:59:38.682937",
  "exerciseLogs": [
    {
      "exerciseId": "ex_hip_2_2616",
      "exerciseName": "Hip Exercise 2",
      "setsCompleted": 1,
      "repsCompleted": 9,
      "durationSeconds": 57,
      "painLevel": 3,
      "notes": "Felt good"
    }
  ],
  "metrics": {
    "hip_rom": 75,
    "hip_strength": 4
  },
  "feedback": "Still experiencing pain during certain movements",
  "overallRating": 4,
  "adherencePercentage": 10
}