{
  "id": "progress_24704",
  "userId": "patient_9776",
  "planId": "plan_48962",
  "date": "2024-05-22T13:59:38.728517",
  "exerciseLogs": [
    {
      "exerciseId": "ex_hip_1_2526",
      "exerciseName": "Hip Exercise 4",
      "setsCompleted": 3,
      "repsCompleted": 15,
      "durationSeconds": 50,
      "painLevel": 8,
      "notes": null
    },
    {
      "exerciseId": "ex_hip_2_3905",
      "exerciseName": "Hip Exercise 1",
      "setsCompleted": 2,
      "repsCompleted": 1,
      "durationSeconds": 42,
      "painLevel": 5,
      "notes": null
    },
    {
      "exerciseId": "ex_hip_3_3419",
      "exerciseName": "Hip Exercise 5",
      "setsCompleted": 1,
      "repsCompleted": 8,
      "durationSeconds": 57,
      "painLevel": 8,
      "notes": "Getting easier"
    },
    {
      "exerciseId": "ex_hip_4_7403",
      "exerciseName": "Hip Exercise 3",
      "setsCompleted": 2,
      "repsCompleted": 7,
      "durationSeconds": 43,
      "painLevel": 3,
      "notes": "Too challenging"
    },
    {
      "exerciseId": "ex_hip_5_3393",
      "exerciseName": "Hip Exercise 2",
      "setsCompleted": 1,
      "repsCompleted": 15,
      "durationSeconds": 59,
      "painLevel": 8,
      "notes": "Need to modify"
    }
  ],
  "metrics": {
    "hip_rom": 87,
    "hip_strength": 7
  },
  "feedback": "Need modifications for some exercises",
  "overallRating": 2,
  "adherencePercentage": 75
}