{
  "id": "progress_23497",
  "userId": "patient_1463",
  "planId": "plan_81524",
  "date": "2025-04-02T13:59:38.676417",
  "exerciseLogs": [
    {
      "exerciseId": "ex_wrist_1_2549",
      "exerciseName": "Wrist Exercise 1",
      "setsCompleted": 2,
      "repsCompleted": 9,
      "durationSeconds": 36,
      "painLevel": 6,
      "notes": "Felt good"
    },
    {
      "exerciseId": "ex_wrist_2_2020",
      "exerciseName": "Wrist Exercise 2",
      "setsCompleted": 1,
      "repsCompleted": 5,
      "durationSeconds": 70,
      "painLevel": 10,
      "notes": "Too challenging"
    },
    {
      "exerciseId": "ex_wrist_3_6799",
      "exerciseName": "Wrist Exercise 5",
      "setsCompleted": 2,
      "repsCompleted": 10,
      "durationSeconds": 80,
      "painLevel": 6,
      "notes": "Need to modify"
    },
    {
      "exerciseId": "ex_wrist_4_3564",
      "exerciseName": "Wrist Exercise 4",
      "setsCompleted": 2,
      "repsCompleted": 3,
      "durationSeconds": 73,
      "painLevel": 3,
      "notes": "Felt good"
    },
    {
      "exerciseId": "ex_wrist_5_9784",
      "exerciseName": "Wrist Exercise 6",
      "setsCompleted": 3,
      "repsCompleted": 4,
      "durationSeconds": 75,
      "painLevel": 4,
      "notes": "Getting easier"
    },
    {
      "exerciseId": "ex_wrist_6_4462",
      "exerciseName": "Wrist Exercise 3",
      "setsCompleted": 3,
      "repsCompleted": 2,
      "durationSeconds": 41,
      "painLevel": 8,
      "notes": "Too challenging"
    }
  ],
  "metrics": {
    "wrist_rom": 69,
    "wrist_strength": 7
  },
  "feedback": "Feeling improvement in range of motion",
  "overallRating": 2,
  "adherencePercentage": 68
}