{
  "id": "progress_13663",
  "userId": "patient_5649",
  "planId": "plan_48593",
  "date": "2024-07-01T13:59:38.697977",
  "exerciseLogs": [
    {
      "exerciseId": "ex_knee_1_5232",
      "exerciseName": "Step-Ups",
      "setsCompleted": 4,
      "repsCompleted": 9,
      "durationSeconds": 68,
      "painLevel": 2,
      "notes": "Need to modify"
    },
    {
      "exerciseId": "ex_knee_2_4736",
      "exerciseName": "Hamstring Curls",
      "setsCompleted": 1,
      "repsCompleted": 12,
      "durationSeconds": 73,
      "painLevel": 4,
      "notes": "Need to modify"
    },
    {
      "exerciseId": "ex_knee_3_4320",
      "exerciseName": "Straight Leg Raises",
      "setsCompleted": 1,
      "repsCompleted": 7,
      "durationSeconds": 84,
      "painLevel": 8,
      "notes": "Too challenging"
    },
    {
      "exerciseId": "ex_knee_4_7001",
      "exerciseName": "Terminal Knee Extensions",
      "setsCompleted": 2,
      "repsCompleted": 8,
      "durationSeconds": 77,
      "painLevel": 6,
      "notes": "Too challenging"
    }
  ],
  "metrics": {
    "knee_rom": 70,
    "knee_strength": 7
  },
  "feedback": "Feeling improvement in range of motion",
  "overallRating": 1,
  "adherencePercentage": 47
}