{
  "id": "progress_16744",
  "userId": "patient_7662",
  "planId": "plan_18040",
  "date": "2025-05-03T13:59:38.678933",
  "exerciseLogs": [
    {
      "exerciseId": "ex_elbow_1_5226",
      "exerciseName": "Elbow Exercise 1",
      "setsCompleted": 3,
      "repsCompleted": 2,
      "durationSeconds": 73,
      "painLevel": 9,
      "notes": "Felt good"
    },
    {
      "exerciseId": "ex_elbow_2_7573",
      "exerciseName": "Elbow Exercise 5",
      "setsCompleted": 2,
      "repsCompleted": 12,
      "durationSeconds": 88,
      "painLevel": 6,
      "notes": "Too challenging"
    },
    {
      "exerciseId": "ex_elbow_3_2717",
      "exerciseName": "Elbow Exercise 6",
      "setsCompleted": 1,
      "repsCompleted": 8,
      "durationSeconds": 81,
      "painLevel": 8,
      "notes": null
    },
    {
      "exerciseId": "ex_elbow_4_7213",
      "exerciseName": "Elbow Exercise 4",
      "setsCompleted": 3,
      "repsCompleted": 10,
      "durationSeconds": 85,
      "painLevel": 2,
      "notes": "Getting easier"
    },
    {
      "exerciseId": "ex_elbow_5_6324",
      "exerciseName": "Elbow Exercise 2",
      "setsCompleted": 2,
      "repsCompleted": 4,
      "durationSeconds": 85,
      "painLevel": 2,
      "notes": null
    }
  ],
  "metrics": {
    "elbow_rom": 82,
    "elbow_strength": 10
  },
  "feedback": "Exercises are getting easier to perform",
  "overallRating": 4,
  "adherencePercentage": 84
}