{
  "id": "progress_14690",
  "userId": "patient_1571",
  "planId": "plan_94745",
  "date": "2025-01-20T13:59:38.721518",
  "exerciseLogs": [
    {
      "exerciseId": "ex_ankle_1_3120",
      "exerciseName": "Toe Raises",
      "setsCompleted": 2,
      "repsCompleted": 2,
      "durationSeconds": 62,
      "painLevel": 5,
      "notes": null
    },
    {
      "exerciseId": "ex_ankle_2_3460",
      "exerciseName": "Ankle Circles",
      "setsCompleted": 2,
      "repsCompleted": 4,
      "durationSeconds": 85,
      "painLevel": 7,
      "notes": "Need to modify"
    },
    {
      "exerciseId": "ex_ankle_3_2270",
      "exerciseName": "Resistance Band Inversion",
      "setsCompleted": 3,
      "repsCompleted": 3,
      "durationSeconds": 89,
      "painLevel": 4,
      "notes": "Too challenging"
    },
    {
      "exerciseId": "ex_ankle_4_4289",
      "exerciseName": "Resistance Band Eversion",
      "setsCompleted": 2,
      "repsCompleted": 13,
      "durationSeconds": 85,
      "painLevel": 1,
      "notes": "Too challenging"
    },
    {
      "exerciseId": "ex_ankle_5_2155",
      "exerciseName": "Ankle Pumps",
      "setsCompleted": 4,
      "repsCompleted": 10,
      "durationSeconds": 34,
      "painLevel": 8,
      "notes": "Felt good"
    }
  ],
  "metrics": {
    "ankle_rom": 87,
    "ankle_strength": 9
  },
  "feedback": "Still experiencing pain during certain movements",
  "overallRating": 2,
  "adherencePercentage": 86
}