{
  "id": "progress_27520",
  "userId": "patient_4878",
  "planId": "plan_26738",
  "date": "2025-04-29T13:59:38.664412",
  "exerciseLogs": [
    {
      "exerciseId": "ex_elbow_1_4298",
      "exerciseName": "Elbow Exercise 1",
      "setsCompleted": 2,
      "repsCompleted": 3,
      "durationSeconds": 39,
      "painLevel": 5,
      "notes": "Getting easier"
    },
    {
      "exerciseId": "ex_elbow_2_1450",
      "exerciseName": "Elbow Exercise 5",
      "setsCompleted": 1,
      "repsCompleted": 1,
      "durationSeconds": 47,
      "painLevel": 3,
      "notes": "Too challenging"
    },
    {
      "exerciseId": "ex_elbow_3_2564",
      "exerciseName": "Elbow Exercise 3",
      "setsCompleted": 2,
      "repsCompleted": 5,
      "durationSeconds": 80,
      "painLevel": 4,
      "notes": "Getting easier"
    },
    {
      "exerciseId": "ex_elbow_4_3712",
      "exerciseName": "Elbow Exercise 2",
      "setsCompleted": 1,
      "repsCompleted": 4,
      "durationSeconds": 42,
      "painLevel": 1,
      "notes": "Need to modify"
    },
    {
      "exerciseId": "ex_elbow_5_1025",
      "exerciseName": "Elbow Exercise 4",
      "setsCompleted": 1,
      "repsCompleted": 9,
      "durationSeconds": 78,
      "painLevel": 8,
      "notes": "Need to modify"
    }
  ],
  "metrics": {
    "elbow_rom": 111,
    "elbow_strength": 8
  },
  "feedback": "Feeling improvement in range of motion",
  "overallRating": 3,
  "adherencePercentage": 50
}