{
  "id": "progress_21285",
  "userId": "patient_5894",
  "planId": "plan_58492",
  "date": "2024-04-29T13:59:38.706985",
  "exerciseLogs": [
    {
      "exerciseId": "ex_back_1_9140",
      "exerciseName": "Back Exercise 4",
      "setsCompleted": 3,
      "repsCompleted": 7,
      "durationSeconds": 50,
      "painLevel": 8,
      "notes": "Need to modify"
    },
    {
      "exerciseId": "ex_back_2_2770",
      "exerciseName": "Back Exercise 3",
      "setsCompleted": 2,
      "repsCompleted": 7,
      "durationSeconds": 46,
      "painLevel": 4,
      "notes": "Felt good"
    },
    {
      "exerciseId": "ex_back_3_4723",
      "exerciseName": "Back Exercise 6",
      "setsCompleted": 2,
      "repsCompleted": 1,
      "durationSeconds": 81,
      "painLevel": 6,
      "notes": "Getting easier"
    },
    {
      "exerciseId": "ex_back_4_9500",
      "exerciseName": "Back Exercise 1",
      "setsCompleted": 4,
      "repsCompleted": 6,
      "durationSeconds": 56,
      "painLevel": 6,
      "notes": null
    }
  ],
  "metrics": {
    "back_rom": 78,
    "back_strength": 5
  },
  "feedback": "Still experiencing pain during certain movements",
  "overallRating": 3,
  "adherencePercentage": 78
}