{
  "id": "progress_19017",
  "userId": "patient_8262",
  "planId": "plan_96001",
  "date": "2024-12-16T13:59:38.664412",
  "exerciseLogs": [
    {
      "exerciseId": "ex_wrist_1_7809",
      "exerciseName": "Wrist Exercise 3",
      "setsCompleted": 1,
      "repsCompleted": 6,
      "durationSeconds": 56,
      "painLevel": 6,
      "notes": "Felt good"
    },
    {
      "exerciseId": "ex_wrist_2_7751",
      "exerciseName": "Wrist Exercise 4",
      "setsCompleted": 2,
      "repsCompleted": 9,
      "durationSeconds": 32,
      "painLevel": 10,
      "notes": null
    },
    {
      "exerciseId": "ex_wrist_3_3532",
      "exerciseName": "Wrist Exercise 5",
      "setsCompleted": 1,
      "repsCompleted": 12,
      "durationSeconds": 86,
      "painLevel": 10,
      "notes": "Need to modify"
    }
  ],
  "metrics": {
    "wrist_rom": 160,
    "wrist_strength": 4
  },
  "feedback": "Still experiencing pain during certain movements",
  "overallRating": 1,
  "adherencePercentage": 50
}