{
  "id": "progress_16845",
  "userId": "patient_7662",
  "planId": "plan_46871",
  "date": "2025-03-18T13:59:38.678933",
  "exerciseLogs": [
    {
      "exerciseId": "ex_elbow_1_4952",
      "exerciseName": "Elbow Exercise 6",
      "setsCompleted": 2,
      "repsCompleted": 4,
      "durationSeconds": 73,
      "painLevel": 9,
      "notes": "Getting easier"
    },
    {
      "exerciseId": "ex_elbow_2_2412",
      "exerciseName": "Elbow Exercise 5",
      "setsCompleted": 2,
      "repsCompleted": 10,
      "durationSeconds": 78,
      "painLevel": 3,
      "notes": "Too challenging"
    },
    {
      "exerciseId": "ex_elbow_3_3837",
      "exerciseName": "Elbow Exercise 4",
      "setsCompleted": 2,
      "repsCompleted": 13,
      "durationSeconds": 58,
      "painLevel": 1,
      "notes": "Too challenging"
    },
    {
      "exerciseId": "ex_elbow_4_8272",
      "exerciseName": "Elbow Exercise 3",
      "setsCompleted": 2,
      "repsCompleted": 4,
      "durationSeconds": 64,
      "painLevel": 8,
      "notes": "Need to modify"
    }
  ],
  "metrics": {
    "elbow_rom": 81,
    "elbow_strength": 4
  },
  "feedback": "Still experiencing pain during certain movements",
  "overallRating": 4,
  "adherencePercentage": 53
}