{
  "id": "progress_19297",
  "userId": "patient_2813",
  "planId": "plan_70614",
  "date": "2025-01-11T13:59:38.686938",
  "exerciseLogs": [
    {
      "exerciseId": "ex_ankle_1_7543",
      "exerciseName": "Ankle Pumps",
      "setsCompleted": 1,
      "repsCompleted": 8,
      "durationSeconds": 48,
      "painLevel": 10,
      "notes": null
    },
    {
      "exerciseId": "ex_ankle_2_7305",
      "exerciseName": "Resistance Band Eversion",
      "setsCompleted": 2,
      "repsCompleted": 6,
      "durationSeconds": 48,
      "painLevel": 10,
      "notes": "Too challenging"
    },
    {
      "exerciseId": "ex_ankle_3_1290",
      "exerciseName": "Ankle Circles",
      "setsCompleted": 2,
      "repsCompleted": 5,
      "durationSeconds": 80,
      "painLevel": 4,
      "notes": null
    },
    {
      "exerciseId": "ex_ankle_4_7502",
      "exerciseName": "Toe Raises",
      "setsCompleted": 3,
      "repsCompleted": 8,
      "durationSeconds": 37,
      "painLevel": 1,
      "notes": "Need to modify"
    },
    {
      "exerciseId": "ex_ankle_5_7211",
      "exerciseName": "Resistance Band Inversion",
      "setsCompleted": 2,
      "repsCompleted": 6,
      "durationSeconds": 49,
      "painLevel": 1,
      "notes": "Felt good"
    },
    {
      "exerciseId": "ex_ankle_6_9998",
      "exerciseName": "Heel Raises",
      "setsCompleted": 1,
      "repsCompleted": 10,
      "durationSeconds": 50,
      "painLevel": 3,
      "notes": "Getting easier"
    }
  ],
  "metrics": {
    "ankle_rom": 96,
    "ankle_strength": 4
  },
  "feedback": "Feeling improvement in range of motion",
  "overallRating": 1,
  "adherencePercentage": 78
}