{
  "id": "progress_28977",
  "userId": "patient_7573",
  "planId": "plan_14623",
  "date": "2025-03-18T13:59:38.714007",
  "exerciseLogs": [
    {
      "exerciseId": "ex_wrist_1_1338",
      "exerciseName": "Wrist Exercise 6",
      "setsCompleted": 1,
      "repsCompleted": 11,
      "durationSeconds": 37,
      "painLevel": 4,
      "notes": "Felt good"
    },
    {
      "exerciseId": "ex_wrist_2_4579",
      "exerciseName": "Wrist Exercise 3",
      "setsCompleted": 3,
      "repsCompleted": 1,
      "durationSeconds": 75,
      "painLevel": 5,
      "notes": null
    },
    {
      "exerciseId": "ex_wrist_3_3718",
      "exerciseName": "Wrist Exercise 5",
      "setsCompleted": 1,
      "repsCompleted": 5,
      "durationSeconds": 73,
      "painLevel": 6,
      "notes": "Too challenging"
    },
    {
      "exerciseId": "ex_wrist_4_6323",
      "exerciseName": "Wrist Exercise 1",
      "setsCompleted": 3,
      "repsCompleted": 6,
      "durationSeconds": 64,
      "painLevel": 3,
      "notes": "Too challenging"
    },
    {
      "exerciseId": "ex_wrist_5_4342",
      "exerciseName": "Wrist Exercise 4",
      "setsCompleted": 3,
      "repsCompleted": 11,
      "durationSeconds": 56,
      "painLevel": 8,
      "notes": "Too challenging"
    },
    {
      "exerciseId": "ex_wrist_6_7722",
      "exerciseName": "Wrist Exercise 2",
      "setsCompleted": 3,
      "repsCompleted": 8,
      "durationSeconds": 39,
      "painLevel": 6,
      "notes": "Need to modify"
    }
  ],
  "metrics": {
    "wrist_rom": 74,
    "wrist_strength": 7
  },
  "feedback": "Need modifications for some exercises",
  "overallRating": 5,
  "adherencePercentage": 70
}