{
  "id": "progress_22122",
  "userId": "patient_4351",
  "planId": "plan_29802",
  "date": "2025-04-17T13:59:38.684932",
  "exerciseLogs": [
    {
      "exerciseId": "ex_shoulder_1_6810",
      "exerciseName": "Wall Crawl",
      "setsCompleted": 2,
      "repsCompleted": 3,
      "durationSeconds": 75,
      "painLevel": 3,
      "notes": "Felt good"
    },
    {
      "exerciseId": "ex_shoulder_2_4487",
      "exerciseName": "External Rotation",
      "setsCompleted": 4,
      "repsCompleted": 2,
      "durationSeconds": 63,
      "painLevel": 5,
      "notes": "Too challenging"
    },
    {
      "exerciseId": "ex_shoulder_3_2908",
      "exerciseName": "Shoulder Flexion",
      "setsCompleted": 3,
      "repsCompleted": 4,
      "durationSeconds": 49,
      "painLevel": 2,
      "notes": "Felt good"
    },
    {
      "exerciseId": "ex_shoulder_4_2472",
      "exerciseName": "Pendulum Exercise",
      "setsCompleted": 2,
      "repsCompleted": 6,
      "durationSeconds": 46,
      "painLevel": 5,
      "notes": "Felt good"
    },
    {
      "exerciseId": "ex_shoulder_5_6017",
      "exerciseName": "Shoulder Abduction",
      "setsCompleted": 2,
      "repsCompleted": 7,
      "durationSeconds": 70,
      "painLevel": 4,
      "notes": "Felt good"
    },
    {
      "exerciseId": "ex_shoulder_6_5254",
      "exerciseName": "Internal Rotation",
      "setsCompleted": 1,
      "repsCompleted": 5,
      "durationSeconds": 53,
      "painLevel": 1,
      "notes": "Need to modify"
    }
  ],
  "metrics": {
    "shoulder_rom": 85,
    "shoulder_strength": 9
  },
  "feedback": null,
  "overallRating": 2,
  "adherencePercentage": 82
}