{
  "id": "progress_21423",
  "userId": "patient_9174",
  "planId": "plan_43555",
  "date": "2025-03-06T13:59:38.661412",
  "exerciseLogs": [
    {
      "exerciseId": "ex_knee_1_3135",
      "exerciseName": "Straight Leg Raises",
      "setsCompleted": 1,
      "repsCompleted": 1,
      "durationSeconds": 90,
      "painLevel": 10,
      "notes": null
    },
    {
      "exerciseId": "ex_knee_2_4553",
      "exerciseName": "Terminal Knee Extensions",
      "setsCompleted": 2,
      "repsCompleted": 6,
      "durationSeconds": 30,
      "painLevel": 4,
      "notes": "Getting easier"
    },
    {
      "exerciseId": "ex_knee_3_6628",
      "exerciseName": "Wall Squats",
      "setsCompleted": 2,
      "repsCompleted": 6,
      "durationSeconds": 59,
      "painLevel": 4,
      "notes": null
    },
    {
      "exerciseId": "ex_knee_4_2789",
      "exerciseName": "Step-Ups",
      "setsCompleted": 1,
      "repsCompleted": 7,
      "durationSeconds": 76,
      "painLevel": 8,
      "notes": "Too challenging"
    },
    {
      "exerciseId": "ex_knee_5_4374",
      "exerciseName": "Knee Extensions",
      "setsCompleted": 2,
      "repsCompleted": 1,
      "durationSeconds": 90,
      "painLevel": 5,
      "notes": "Getting easier"
    },
    {
      "exerciseId": "ex_knee_6_9921",
      "exerciseName": "Hamstring Curls",
      "setsCompleted": 3,
      "repsCompleted": 5,
      "durationSeconds": 44,
      "painLevel": 7,
      "notes": "Need to modify"
    }
  ],
  "metrics": {
    "knee_rom": 138,
    "knee_strength": 9
  },
  "feedback": null,
  "overallRating": 1,
  "adherencePercentage": 68
}