{
  "id": "progress_18888",
  "userId": "patient_4454",
  "planId": "plan_51793",
  "date": "2025-01-27T13:59:38.660413",
  "exerciseLogs": [
    {
      "exerciseId": "ex_wrist_1_2844",
      "exerciseName": "Wrist Exercise 1",
      "setsCompleted": 2,
      "repsCompleted": 6,
      "durationSeconds": 53,
      "painLevel": 3,
      "notes": null
    },
    {
      "exerciseId": "ex_wrist_2_4141",
      "exerciseName": "Wrist Exercise 3",
      "setsCompleted": 2,
      "repsCompleted": 10,
      "durationSeconds": 44,
      "painLevel": 5,
      "notes": "Need to modify"
    },
    {
      "exerciseId": "ex_wrist_3_6337",
      "exerciseName": "Wrist Exercise 4",
      "setsCompleted": 2,
      "repsCompleted": 1,
      "durationSeconds": 39,
      "painLevel": 7,
      "notes": "Getting easier"
    },
    {
      "exerciseId": "ex_wrist_4_8677",
      "exerciseName": "Wrist Exercise 5",
      "setsCompleted": 4,
      "repsCompleted": 4,
      "durationSeconds": 45,
      "painLevel": 5,
      "notes": "Getting easier"
    }
  ],
  "metrics": {
    "wrist_rom": 171,
    "wrist_strength": 9
  },
  "feedback": "Exercises are getting easier to perform",
  "overallRating": 2,
  "adherencePercentage": 100
}