{
  "id": "progress_26641",
  "userId": "patient_3656",
  "planId": "plan_52864",
  "date": "2024-07-03T13:59:38.675413",
  "exerciseLogs": [
    {
      "exerciseId": "ex_wrist_1_8819",
      "exerciseName": "Wrist Exercise 3",
      "setsCompleted": 1,
      "repsCompleted": 9,
      "durationSeconds": 34,
      "painLevel": 7,
      "notes": "Too challenging"
    },
    {
      "exerciseId": "ex_wrist_2_2397",
      "exerciseName": "Wrist Exercise 5",
      "setsCompleted": 1,
      "repsCompleted": 2,
      "durationSeconds": 37,
      "painLevel": 1,
      "notes": null
    },
    {
      "exerciseId": "ex_wrist_3_2402",
      "exerciseName": "Wrist Exercise 4",
      "setsCompleted": 3,
      "repsCompleted": 2,
      "durationSeconds": 63,
      "painLevel": 1,
      "notes": "Getting easier"
    },
    {
      "exerciseId": "ex_wrist_4_2980",
      "exerciseName": "Wrist Exercise 6",
      "setsCompleted": 2,
      "repsCompleted": 2,
      "durationSeconds": 87,
      "painLevel": 3,
      "notes": null
    },
    {
      "exerciseId": "ex_wrist_5_1867",
      "exerciseName": "Wrist Exercise 2",
      "setsCompleted": 1,
      "repsCompleted": 5,
      "durationSeconds": 84,
      "painLevel": 6,
      "notes": null
    },
    {
      "exerciseId": "ex_wrist_6_7307",
      "exerciseName": "Wrist Exercise 1",
      "setsCompleted": 2,
      "repsCompleted": 6,
      "durationSeconds": 63,
      "painLevel": 8,
      "notes": "Too challenging"
    }
  ],
  "metrics": {
    "wrist_rom": 118,
    "wrist_strength": 9
  },
  "feedback": null,
  "overallRating": 1,
  "adherencePercentage": 45
}