{
  "id": "progress_29020",
  "userId": "patient_6891",
  "planId": "plan_99777",
  "date": "2025-02-27T13:59:38.719000",
  "exerciseLogs": [
    {
      "exerciseId": "ex_ankle_1_6599",
      "exerciseName": "Resistance Band Eversion",
      "setsCompleted": 2,
      "repsCompleted": 1,
      "durationSeconds": 52,
      "painLevel": 1,
      "notes": "Felt good"
    },
    {
      "exerciseId": "ex_ankle_2_6850",
      "exerciseName": "Ankle Circles",
      "setsCompleted": 1,
      "repsCompleted": 9,
      "durationSeconds": 64,
      "painLevel": 4,
      "notes": "Too challenging"
    },
    {
      "exerciseId": "ex_ankle_3_1078",
      "exerciseName": "Ankle Pumps",
      "setsCompleted": 1,
      "repsCompleted": 5,
      "durationSeconds": 33,
      "painLevel": 1,
      "notes": "Felt good"
    }
  ],
  "metrics": {
    "ankle_rom": 133,
    "ankle_strength": 10
  },
  "feedback": "Need modifications for some exercises",
  "overallRating": 3,
  "adherencePercentage": 50
}