{
  "id": "progress_16623",
  "userId": "patient_6449",
  "planId": "plan_70242",
  "date": "2024-11-07T13:59:38.660413",
  "exerciseLogs": [
    {
      "exerciseId": "ex_wrist_1_4926",
      "exerciseName": "Wrist Exercise 3",
      "setsCompleted": 1,
      "repsCompleted": 2,
      "durationSeconds": 47,
      "painLevel": 4,
      "notes": "Need to modify"
    },
    {
      "exerciseId": "ex_wrist_2_1782",
      "exerciseName": "Wrist Exercise 1",
      "setsCompleted": 1,
      "repsCompleted": 3,
      "durationSeconds": 63,
      "painLevel": 5,
      "notes": "Too challenging"
    },
    {
      "exerciseId": "ex_wrist_4_9585",
      "exerciseName": "Wrist Exercise 4",
      "setsCompleted": 2,
      "repsCompleted": 6,
      "durationSeconds": 34,
      "painLevel": 6,
      "notes": "Need to modify"
    },
    {
      "exerciseId": "ex_wrist_5_5596",
      "exerciseName": "Wrist Exercise 5",
      "setsCompleted": 1,
      "repsCompleted": 5,
      "durationSeconds": 88,
      "painLevel": 6,
      "notes": "Getting easier"
    }
  ],
  "metrics": {
    "wrist_rom": 67,
    "wrist_strength": 8
  },
  "feedback": "Need modifications for some exercises",
  "overallRating": 3,
  "adherencePercentage": 31
}