{
  "id": "progress_27282",
  "userId": "patient_7867",
  "planId": "plan_12988",
  "date": "2025-02-20T13:59:38.712000",
  "exerciseLogs": [
    {
      "exerciseId": "ex_ankle_1_2275",
      "exerciseName": "Toe Raises",
      "setsCompleted": 1,
      "repsCompleted": 7,
      "durationSeconds": 53,
      "painLevel": 5,
      "notes": "Need to modify"
    },
    {
      "exerciseId": "ex_ankle_2_8472",
      "exerciseName": "Heel Raises",
      "setsCompleted": 3,
      "repsCompleted": 5,
      "durationSeconds": 70,
      "painLevel": 3,
      "notes": "Too challenging"
    },
    {
      "exerciseId": "ex_ankle_3_4994",
      "exerciseName": "Resistance Band Inversion",
      "setsCompleted": 2,
      "repsCompleted": 6,
      "durationSeconds": 75,
      "painLevel": 2,
      "notes": null
    },
    {
      "exerciseId": "ex_ankle_4_7380",
      "exerciseName": "Ankle Pumps",
      "setsCompleted": 3,
      "repsCompleted": 1,
      "durationSeconds": 77,
      "painLevel": 8,
      "notes": "Need to modify"
    },
    {
      "exerciseId": "ex_ankle_5_9997",
      "exerciseName": "Resistance Band Eversion",
      "setsCompleted": 4,
      "repsCompleted": 10,
      "durationSeconds": 73,
      "painLevel": 7,
      "notes": "Too challenging"
    },
    {
      "exerciseId": "ex_ankle_6_1711",
      "exerciseName": "Ankle Circles",
      "setsCompleted": 3,
      "repsCompleted": 6,
      "durationSeconds": 54,
      "painLevel": 10,
      "notes": "Felt good"
    }
  ],
  "metrics": {
    "ankle_rom": 98,
    "ankle_strength": 7
  },
  "feedback": "Still experiencing pain during certain movements",
  "overallRating": 3,
  "adherencePercentage": 76
}