{
  "id": "progress_21361",
  "userId": "patient_4351",
  "planId": "plan_29802",
  "date": "2025-05-07T13:59:38.684932",
  "exerciseLogs": [
    {
      "exerciseId": "ex_shoulder_1_6810",
      "exerciseName": "Wall Crawl",
      "setsCompleted": 1,
      "repsCompleted": 13,
      "durationSeconds": 75,
      "painLevel": 7,
      "notes": "Getting easier"
    },
    {
      "exerciseId": "ex_shoulder_2_4487",
      "exerciseName": "External Rotation",
      "setsCompleted": 3,
      "repsCompleted": 3,
      "durationSeconds": 63,
      "painLevel": 6,
      "notes": "Need to modify"
    },
    {
      "exerciseId": "ex_shoulder_3_2908",
      "exerciseName": "Shoulder Flexion",
      "setsCompleted": 2,
      "repsCompleted": 14,
      "durationSeconds": 49,
      "painLevel": 3,
      "notes": "Need to modify"
    },
    {
      "exerciseId": "ex_shoulder_5_6017",
      "exerciseName": "Shoulder Abduction",
      "setsCompleted": 1,
      "repsCompleted": 3,
      "durationSeconds": 70,
      "painLevel": 4,
      "notes": null
    },
    {
      "exerciseId": "ex_shoulder_6_5254",
      "exerciseName": "Internal Rotation",
      "setsCompleted": 2,
      "repsCompleted": 4,
      "durationSeconds": 53,
      "painLevel": 4,
      "notes": null
    }
  ],
  "metrics": {
    "shoulder_rom": 156,
    "shoulder_strength": 4
  },
  "feedback": "Feeling improvement in range of motion",
  "overallRating": 1,
  "adherencePercentage": 52
}