{
  "id": "progress_28147",
  "userId": "patient_8882",
  "planId": "plan_98030",
  "date": "2025-05-02T13:59:38.708486",
  "exerciseLogs": [
    {
      "exerciseId": "ex_wrist_1_8689",
      "exerciseName": "Wrist Exercise 1",
      "setsCompleted": 3,
      "repsCompleted": 1,
      "durationSeconds": 67,
      "painLevel": 1,
      "notes": "Felt good"
    },
    {
      "exerciseId": "ex_wrist_2_1803",
      "exerciseName": "Wrist Exercise 6",
      "setsCompleted": 2,
      "repsCompleted": 1,
      "durationSeconds": 67,
      "painLevel": 7,
      "notes": "Need to modify"
    },
    {
      "exerciseId": "ex_wrist_3_2259",
      "exerciseName": "Wrist Exercise 3",
      "setsCompleted": 3,
      "repsCompleted": 9,
      "durationSeconds": 71,
      "painLevel": 1,
      "notes": "Too challenging"
    },
    {
      "exerciseId": "ex_wrist_4_1696",
      "exerciseName": "Wrist Exercise 4",
      "setsCompleted": 1,
      "repsCompleted": 3,
      "durationSeconds": 49,
      "painLevel": 3,
      "notes": "Getting easier"
    }
  ],
  "metrics": {
    "wrist_rom": 163,
    "wrist_strength": 4
  },
  "feedback": null,
  "overallRating": 4,
  "adherencePercentage": 52
}