{
  "id": "progress_21773",
  "userId": "patient_9027",
  "planId": "plan_78877",
  "date": "2024-05-31T13:59:38.689456",
  "exerciseLogs": [
    {
      "exerciseId": "ex_elbow_1_1083",
      "exerciseName": "Elbow Exercise 5",
      "setsCompleted": 2,
      "repsCompleted": 8,
      "durationSeconds": 41,
      "painLevel": 8,
      "notes": "Need to modify"
    },
    {
      "exerciseId": "ex_elbow_3_1074",
      "exerciseName": "Elbow Exercise 3",
      "setsCompleted": 1,
      "repsCompleted": 5,
      "durationSeconds": 43,
      "painLevel": 1,
      "notes": "Too challenging"
    }
  ],
  "metrics": {
    "elbow_rom": 155,
    "elbow_strength": 9
  },
  "feedback": "Feeling improvement in range of motion",
  "overallRating": 2,
  "adherencePercentage": 37
}