{
  "id": "progress_30030",
  "userId": "patient_1463",
  "planId": "plan_27872",
  "date": "2025-04-19T13:59:38.676417",
  "exerciseLogs": [
    {
      "exerciseId": "ex_wrist_1_8498",
      "exerciseName": "Wrist Exercise 5",
      "setsCompleted": 1,
      "repsCompleted": 14,
      "durationSeconds": 32,
      "painLevel": 9,
      "notes": "Need to modify"
    },
    {
      "exerciseId": "ex_wrist_2_6619",
      "exerciseName": "Wrist Exercise 1",
      "setsCompleted": 2,
      "repsCompleted": 9,
      "durationSeconds": 45,
      "painLevel": 3,
      "notes": null
    },
    {
      "exerciseId": "ex_wrist_3_3633",
      "exerciseName": "Wrist Exercise 3",
      "setsCompleted": 4,
      "repsCompleted": 3,
      "durationSeconds": 77,
      "painLevel": 8,
      "notes": "Need to modify"
    }
  ],
  "metrics": {
    "wrist_rom": 67,
    "wrist_strength": 4
  },
  "feedback": "Feeling improvement in range of motion",
  "overallRating": 1,
  "adherencePercentage": 63
}