{
  "id": "progress_12289",
  "userId": "patient_2273",
  "planId": "plan_37204",
  "date": "2024-06-18T13:59:38.704984",
  "exerciseLogs": [
    {
      "exerciseId": "ex_elbow_2_2477",
      "exerciseName": "Elbow Exercise 5",
      "setsCompleted": 2,
      "repsCompleted": 6,
      "durationSeconds": 53,
      "painLevel": 8,
      "notes": "Felt good"
    },
    {
      "exerciseId": "ex_elbow_3_5780",
      "exerciseName": "Elbow Exercise 1",
      "setsCompleted": 4,
      "repsCompleted": 1,
      "durationSeconds": 73,
      "painLevel": 8,
      "notes": "Too challenging"
    }
  ],
  "metrics": {
    "elbow_rom": 164,
    "elbow_strength": 4
  },
  "feedback": "Exercises are getting easier to perform",
  "overallRating": 2,
  "adherencePercentage": 66
}