{
  "id": "progress_23748",
  "userId": "patient_7662",
  "planId": "plan_18040",
  "date": "2025-04-30T13:59:38.678933",
  "exerciseLogs": [
    {
      "exerciseId": "ex_elbow_1_5226",
      "exerciseName": "Elbow Exercise 1",
      "setsCompleted": 1,
      "repsCompleted": 1,
      "durationSeconds": 73,
      "painLevel": 9,
      "notes": "Need to modify"
    },
    {
      "exerciseId": "ex_elbow_2_7573",
      "exerciseName": "Elbow Exercise 5",
      "setsCompleted": 2,
      "repsCompleted": 12,
      "durationSeconds": 88,
      "painLevel": 9,
      "notes": "Getting easier"
    },
    {
      "exerciseId": "ex_elbow_3_2717",
      "exerciseName": "Elbow Exercise 6",
      "setsCompleted": 1,
      "repsCompleted": 11,
      "durationSeconds": 81,
      "painLevel": 1,
      "notes": null
    },
    {
      "exerciseId": "ex_elbow_4_7213",
      "exerciseName": "Elbow Exercise 4",
      "setsCompleted": 3,
      "repsCompleted": 6,
      "durationSeconds": 85,
      "painLevel": 5,
      "notes": "Need to modify"
    },
    {
      "exerciseId": "ex_elbow_5_6324",
      "exerciseName": "Elbow Exercise 2",
      "setsCompleted": 2,
      "repsCompleted": 3,
      "durationSeconds": 85,
      "painLevel": 7,
      "notes": "Felt good"
    }
  ],
  "metrics": {
    "elbow_rom": 146,
    "elbow_strength": 9
  },
  "feedback": "Still experiencing pain during certain movements",
  "overallRating": 4,
  "adherencePercentage": 69
}