{
  "id": "progress_24309",
  "userId": "patient_6258",
  "planId": "plan_48354",
  "date": "2025-03-14T13:59:38.725518",
  "exerciseLogs": [
    {
      "exerciseId": "ex_knee_1_8606",
      "exerciseName": "Terminal Knee Extensions",
      "setsCompleted": 4,
      "repsCompleted": 3,
      "durationSeconds": 86,
      "painLevel": 8,
      "notes": "Getting easier"
    },
    {
      "exerciseId": "ex_knee_3_9466",
      "exerciseName": "Straight Leg Raises",
      "setsCompleted": 3,
      "repsCompleted": 9,
      "durationSeconds": 63,
      "painLevel": 10,
      "notes": "Too challenging"
    },
    {
      "exerciseId": "ex_knee_4_8336",
      "exerciseName": "Hamstring Curls",
      "setsCompleted": 2,
      "repsCompleted": 3,
      "durationSeconds": 54,
      "painLevel": 8,
      "notes": "Too challenging"
    },
    {
      "exerciseId": "ex_knee_5_7563",
      "exerciseName": "Wall Squats",
      "setsCompleted": 3,
      "repsCompleted": 6,
      "durationSeconds": 62,
      "painLevel": 6,
      "notes": "Felt good"
    }
  ],
  "metrics": {
    "knee_rom": 108,
    "knee_strength": 9
  },
  "feedback": "Still experiencing pain during certain movements",
  "overallRating": 1,
  "adherencePercentage": 70
}