{
  "id": "progress_13265",
  "userId": "patient_3441",
  "planId": "plan_70154",
  "date": "2024-07-03T13:59:38.688446",
  "exerciseLogs": [
    {
      "exerciseId": "ex_elbow_1_4050",
      "exerciseName": "Elbow Exercise 3",
      "setsCompleted": 2,
      "repsCompleted": 6,
      "durationSeconds": 39,
      "painLevel": 6,
      "notes": null
    },
    {
      "exerciseId": "ex_elbow_2_1937",
      "exerciseName": "Elbow Exercise 4",
      "setsCompleted": 1,
      "repsCompleted": 7,
      "durationSeconds": 49,
      "painLevel": 1,
      "notes": "Too challenging"
    },
    {
      "exerciseId": "ex_elbow_3_4240",
      "exerciseName": "Elbow Exercise 2",
      "setsCompleted": 1,
      "repsCompleted": 11,
      "durationSeconds": 53,
      "painLevel": 8,
      "notes": null
    },
    {
      "exerciseId": "ex_elbow_5_9810",
      "exerciseName": "Elbow Exercise 5",
      "setsCompleted": 2,
      "repsCompleted": 7,
      "durationSeconds": 71,
      "painLevel": 3,
      "notes": "Need to modify"
    }
  ],
  "metrics": {
    "elbow_rom": 62,
    "elbow_strength": 7
  },
  "feedback": "Still experiencing pain during certain movements",
  "overallRating": 3,
  "adherencePercentage": 40
}