{
  "id": "progress_29153",
  "userId": "patient_6891",
  "planId": "plan_99777",
  "date": "2025-03-24T13:59:38.719000",
  "exerciseLogs": [
    {
      "exerciseId": "ex_ankle_1_6599",
      "exerciseName": "Resistance Band Eversion",
      "setsCompleted": 2,
      "repsCompleted": 1,
      "durationSeconds": 52,
      "painLevel": 5,
      "notes": null
    },
    {
      "exerciseId": "ex_ankle_2_6850",
      "exerciseName": "Ankle Circles",
      "setsCompleted": 4,
      "repsCompleted": 7,
      "durationSeconds": 64,
      "painLevel": 7,
      "notes": "Felt good"
    },
    {
      "exerciseId": "ex_ankle_3_1078",
      "exerciseName": "Ankle Pumps",
      "setsCompleted": 2,
      "repsCompleted": 3,
      "durationSeconds": 33,
      "painLevel": 2,
      "notes": "Getting easier"
    }
  ],
  "metrics": {
    "ankle_rom": 86,
    "ankle_strength": 5
  },
  "feedback": "Need modifications for some exercises",
  "overallRating": 1,
  "adherencePercentage": 100
}