{
  "id": "progress_18433",
  "userId": "patient_1860",
  "planId": "plan_95623",
  "date": "2024-10-23T13:59:38.667410",
  "exerciseLogs": [
    {
      "exerciseId": "ex_wrist_1_6103",
      "exerciseName": "Wrist Exercise 6",
      "setsCompleted": 1,
      "repsCompleted": 14,
      "durationSeconds": 31,
      "painLevel": 2,
      "notes": "Felt good"
    },
    {
      "exerciseId": "ex_wrist_2_1247",
      "exerciseName": "Wrist Exercise 3",
      "setsCompleted": 1,
      "repsCompleted": 7,
      "durationSeconds": 55,
      "painLevel": 7,
      "notes": "Getting easier"
    },
    {
      "exerciseId": "ex_wrist_3_4811",
      "exerciseName": "Wrist Exercise 2",
      "setsCompleted": 2,
      "repsCompleted": 3,
      "durationSeconds": 32,
      "painLevel": 2,
      "notes": "Too challenging"
    }
  ],
  "metrics": {
    "wrist_rom": 160,
    "wrist_strength": 3
  },
  "feedback": "Need modifications for some exercises",
  "overallRating": 3,
  "adherencePercentage": 50
}