{
  "id": "progress_18356",
  "userId": "patient_7253",
  "planId": "plan_68534",
  "date": "2024-09-29T13:59:38.703984",
  "exerciseLogs": [
    {
      "exerciseId": "ex_neck_1_8502",
      "exerciseName": "Neck Exercise 2",
      "setsCompleted": 1,
      "repsCompleted": 11,
      "durationSeconds": 50,
      "painLevel": 7,
      "notes": "Need to modify"
    },
    {
      "exerciseId": "ex_neck_3_6536",
      "exerciseName": "Neck Exercise 3",
      "setsCompleted": 2,
      "repsCompleted": 8,
      "durationSeconds": 73,
      "painLevel": 8,
      "notes": "Getting easier"
    }
  ],
  "metrics": {
    "neck_rom": 153,
    "neck_strength": 4
  },
  "feedback": "Exercises are getting easier to perform",
  "overallRating": 2,
  "adherencePercentage": 42
}