{
  "id": "progress_25985",
  "userId": "patient_5401",
  "planId": "plan_22673",
  "date": "2024-09-05T13:59:38.715001",
  "exerciseLogs": [
    {
      "exerciseId": "ex_knee_1_3461",
      "exerciseName": "Wall Squats",
      "setsCompleted": 1,
      "repsCompleted": 8,
      "durationSeconds": 67,
      "painLevel": 5,
      "notes": "Need to modify"
    },
    {
      "exerciseId": "ex_knee_2_8152",
      "exerciseName": "Straight Leg Raises",
      "setsCompleted": 4,
      "repsCompleted": 9,
      "durationSeconds": 70,
      "painLevel": 7,
      "notes": "Getting easier"
    },
    {
      "exerciseId": "ex_knee_3_1641",
      "exerciseName": "Hamstring Curls",
      "setsCompleted": 3,
      "repsCompleted": 11,
      "durationSeconds": 83,
      "painLevel": 4,
      "notes": "Too challenging"
    },
    {
      "exerciseId": "ex_knee_4_7625",
      "exerciseName": "Terminal Knee Extensions",
      "setsCompleted": 2,
      "repsCompleted": 2,
      "durationSeconds": 77,
      "painLevel": 2,
      "notes": "Getting easier"
    },
    {
      "exerciseId": "ex_knee_5_5895",
      "exerciseName": "Step-Ups",
      "setsCompleted": 4,
      "repsCompleted": 8,
      "durationSeconds": 65,
      "painLevel": 5,
      "notes": "Need to modify"
    },
    {
      "exerciseId": "ex_knee_6_8936",
      "exerciseName": "Knee Extensions",
      "setsCompleted": 4,
      "repsCompleted": 11,
      "durationSeconds": 38,
      "painLevel": 4,
      "notes": null
    }
  ],
  "metrics": {
    "knee_rom": 144,
    "knee_strength": 7
  },
  "feedback": "Need modifications for some exercises",
  "overallRating": 1,
  "adherencePercentage": 90
}