{
  "id": "progress_28906",
  "userId": "patient_6258",
  "planId": "plan_48354",
  "date": "2025-03-29T13:59:38.725518",
  "exerciseLogs": [
    {
      "exerciseId": "ex_knee_1_8606",
      "exerciseName": "Terminal Knee Extensions",
      "setsCompleted": 3,
      "repsCompleted": 8,
      "durationSeconds": 86,
      "painLevel": 5,
      "notes": "Getting easier"
    },
    {
      "exerciseId": "ex_knee_2_2599",
      "exerciseName": "Step-Ups",
      "setsCompleted": 2,
      "repsCompleted": 9,
      "durationSeconds": 69,
      "painLevel": 8,
      "notes": "Need to modify"
    },
    {
      "exerciseId": "ex_knee_3_9466",
      "exerciseName": "Straight Leg Raises",
      "setsCompleted": 1,
      "repsCompleted": 10,
      "durationSeconds": 63,
      "painLevel": 4,
      "notes": null
    },
    {
      "exerciseId": "ex_knee_4_8336",
      "exerciseName": "Hamstring Curls",
      "setsCompleted": 2,
      "repsCompleted": 5,
      "durationSeconds": 54,
      "painLevel": 1,
      "notes": null
    },
    {
      "exerciseId": "ex_knee_5_7563",
      "exerciseName": "Wall Squats",
      "setsCompleted": 2,
      "repsCompleted": 7,
      "durationSeconds": 62,
      "painLevel": 4,
      "notes": "Felt good"
    }
  ],
  "metrics": {
    "knee_rom": 70,
    "knee_strength": 10
  },
  "feedback": "Need modifications for some exercises",
  "overallRating": 3,
  "adherencePercentage": 58
}