{
  "id": "progress_13913",
  "userId": "patient_6449",
  "planId": "plan_33430",
  "date": "2024-12-13T13:59:38.660413",
  "exerciseLogs": [
    {
      "exerciseId": "ex_wrist_1_7723",
      "exerciseName": "Wrist Exercise 6",
      "setsCompleted": 2,
      "repsCompleted": 3,
      "durationSeconds": 48,
      "painLevel": 2,
      "notes": "Felt good"
    },
    {
      "exerciseId": "ex_wrist_2_4554",
      "exerciseName": "Wrist Exercise 4",
      "setsCompleted": 1,
      "repsCompleted": 2,
      "durationSeconds": 77,
      "painLevel": 3,
      "notes": null
    },
    {
      "exerciseId": "ex_wrist_3_1262",
      "exerciseName": "Wrist Exercise 5",
      "setsCompleted": 1,
      "repsCompleted": 5,
      "durationSeconds": 60,
      "painLevel": 10,
      "notes": "Too challenging"
    },
    {
      "exerciseId": "ex_wrist_4_5446",
      "exerciseName": "Wrist Exercise 1",
      "setsCompleted": 2,
      "repsCompleted": 12,
      "durationSeconds": 89,
      "painLevel": 9,
      "notes": "Too challenging"
    },
    {
      "exerciseId": "ex_wrist_5_6834",
      "exerciseName": "Wrist Exercise 3",
      "setsCompleted": 2,
      "repsCompleted": 8,
      "durationSeconds": 84,
      "painLevel": 9,
      "notes": "Too challenging"
    }
  ],
  "metrics": {
    "wrist_rom": 75,
    "wrist_strength": 4
  },
  "feedback": "Still experiencing pain during certain movements",
  "overallRating": 3,
  "adherencePercentage": 50
}