{
  "id": "progress_16790",
  "userId": "patient_1463",
  "planId": "plan_81524",
  "date": "2025-04-24T13:59:38.676417",
  "exerciseLogs": [
    {
      "exerciseId": "ex_wrist_1_2549",
      "exerciseName": "Wrist Exercise 1",
      "setsCompleted": 2,
      "repsCompleted": 2,
      "durationSeconds": 36,
      "painLevel": 7,
      "notes": "Need to modify"
    },
    {
      "exerciseId": "ex_wrist_2_2020",
      "exerciseName": "Wrist Exercise 2",
      "setsCompleted": 3,
      "repsCompleted": 6,
      "durationSeconds": 70,
      "painLevel": 5,
      "notes": null
    },
    {
      "exerciseId": "ex_wrist_3_6799",
      "exerciseName": "Wrist Exercise 5",
      "setsCompleted": 2,
      "repsCompleted": 5,
      "durationSeconds": 80,
      "painLevel": 4,
      "notes": "Need to modify"
    },
    {
      "exerciseId": "ex_wrist_4_3564",
      "exerciseName": "Wrist Exercise 4",
      "setsCompleted": 2,
      "repsCompleted": 1,
      "durationSeconds": 73,
      "painLevel": 4,
      "notes": "Need to modify"
    },
    {
      "exerciseId": "ex_wrist_5_9784",
      "exerciseName": "Wrist Exercise 6",
      "setsCompleted": 3,
      "repsCompleted": 4,
      "durationSeconds": 75,
      "painLevel": 9,
      "notes": "Too challenging"
    },
    {
      "exerciseId": "ex_wrist_6_4462",
      "exerciseName": "Wrist Exercise 3",
      "setsCompleted": 1,
      "repsCompleted": 2,
      "durationSeconds": 41,
      "painLevel": 7,
      "notes": "Need to modify"
    }
  ],
  "metrics": {
    "wrist_rom": 93,
    "wrist_strength": 9
  },
  "feedback": "Still experiencing pain during certain movements",
  "overallRating": 5,
  "adherencePercentage": 68
}