{
  "id": "progress_20081",
  "userId": "patient_9027",
  "planId": "plan_85488",
  "date": "2024-05-21T13:59:38.689456",
  "exerciseLogs": [
    {
      "exerciseId": "ex_elbow_1_9464",
      "exerciseName": "Elbow Exercise 2",
      "setsCompleted": 1,
      "repsCompleted": 3,
      "durationSeconds": 87,
      "painLevel": 6,
      "notes": "Getting easier"
    },
    {
      "exerciseId": "ex_elbow_2_6939",
      "exerciseName": "Elbow Exercise 1",
      "setsCompleted": 2,
      "repsCompleted": 4,
      "durationSeconds": 79,
      "painLevel": 1,
      "notes": null
    },
    {
      "exerciseId": "ex_elbow_3_8403",
      "exerciseName": "Elbow Exercise 5",
      "setsCompleted": 1,
      "repsCompleted": 5,
      "durationSeconds": 63,
      "painLevel": 8,
      "notes": "Getting easier"
    }
  ],
  "metrics": {
    "elbow_rom": 92,
    "elbow_strength": 9
  },
  "feedback": null,
  "overallRating": 1,
  "adherencePercentage": 50
}