{
  "id": "progress_15524",
  "userId": "patient_8798",
  "planId": "plan_65041",
  "date": "2024-06-14T13:59:38.693456",
  "exerciseLogs": [
    {
      "exerciseId": "ex_hip_1_1080",
      "exerciseName": "Hip Exercise 3",
      "setsCompleted": 1,
      "repsCompleted": 3,
      "durationSeconds": 70,
      "painLevel": 6,
      "notes": "Getting easier"
    },
    {
      "exerciseId": "ex_hip_2_6153",
      "exerciseName": "Hip Exercise 2",
      "setsCompleted": 2,
      "repsCompleted": 7,
      "durationSeconds": 85,
      "painLevel": 3,
      "notes": "Need to modify"
    },
    {
      "exerciseId": "ex_hip_3_7650",
      "exerciseName": "Hip Exercise 4",
      "setsCompleted": 4,
      "repsCompleted": 15,
      "durationSeconds": 52,
      "painLevel": 8,
      "notes": "Felt good"
    },
    {
      "exerciseId": "ex_hip_4_9616",
      "exerciseName": "Hip Exercise 1",
      "setsCompleted": 3,
      "repsCompleted": 3,
      "durationSeconds": 52,
      "painLevel": 9,
      "notes": "Felt good"
    }
  ],
  "metrics": {
    "hip_rom": 143,
    "hip_strength": 7
  },
  "feedback": "Need modifications for some exercises",
  "overallRating": 4,
  "adherencePercentage": 83
}