{
  "id": "progress_12971",
  "userId": "patient_4296",
  "planId": "plan_76355",
  "date": "2025-04-26T13:59:38.677924",
  "exerciseLogs": [
    {
      "exerciseId": "ex_wrist_1_7912",
      "exerciseName": "Wrist Exercise 4",
      "setsCompleted": 1,
      "repsCompleted": 11,
      "durationSeconds": 59,
      "painLevel": 4,
      "notes": "Felt good"
    },
    {
      "exerciseId": "ex_wrist_2_8696",
      "exerciseName": "Wrist Exercise 5",
      "setsCompleted": 2,
      "repsCompleted": 5,
      "durationSeconds": 36,
      "painLevel": 2,
      "notes": "Too challenging"
    },
    {
      "exerciseId": "ex_wrist_3_3849",
      "exerciseName": "Wrist Exercise 1",
      "setsCompleted": 2,
      "repsCompleted": 1,
      "durationSeconds": 77,
      "painLevel": 4,
      "notes": null
    },
    {
      "exerciseId": "ex_wrist_4_8167",
      "exerciseName": "Wrist Exercise 3",
      "setsCompleted": 2,
      "repsCompleted": 2,
      "durationSeconds": 49,
      "painLevel": 10,
      "notes": "Felt good"
    },
    {
      "exerciseId": "ex_wrist_5_6693",
      "exerciseName": "Wrist Exercise 2",
      "setsCompleted": 2,
      "repsCompleted": 8,
      "durationSeconds": 47,
      "painLevel": 4,
      "notes": null
    },
    {
      "exerciseId": "ex_wrist_6_7182",
      "exerciseName": "Wrist Exercise 6",
      "setsCompleted": 2,
      "repsCompleted": 7,
      "durationSeconds": 50,
      "painLevel": 8,
      "notes": "Too challenging"
    }
  ],
  "metrics": {
    "wrist_rom": 130,
    "wrist_strength": 9
  },
  "feedback": "Exercises are getting easier to perform",
  "overallRating": 4,
  "adherencePercentage": 64
}