{
  "id": "progress_30048",
  "userId": "patient_8798",
  "planId": "plan_65041",
  "date": "2024-06-26T13:59:38.693456",
  "exerciseLogs": [
    {
      "exerciseId": "ex_hip_1_1080",
      "exerciseName": "Hip Exercise 3",
      "setsCompleted": 2,
      "repsCompleted": 6,
      "durationSeconds": 70,
      "painLevel": 3,
      "notes": "Getting easier"
    },
    {
      "exerciseId": "ex_hip_2_6153",
      "exerciseName": "Hip Exercise 2",
      "setsCompleted": 2,
      "repsCompleted": 13,
      "durationSeconds": 85,
      "painLevel": 3,
      "notes": "Getting easier"
    },
    {
      "exerciseId": "ex_hip_3_7650",
      "exerciseName": "Hip Exercise 4",
      "setsCompleted": 3,
      "repsCompleted": 11,
      "durationSeconds": 52,
      "painLevel": 6,
      "notes": null
    },
    {
      "exerciseId": "ex_hip_4_9616",
      "exerciseName": "Hip Exercise 1",
      "setsCompleted": 1,
      "repsCompleted": 5,
      "durationSeconds": 52,
      "painLevel": 3,
      "notes": "Getting easier"
    }
  ],
  "metrics": {
    "hip_rom": 123,
    "hip_strength": 10
  },
  "feedback": null,
  "overallRating": 2,
  "adherencePercentage": 66
}