{
  "id": "progress_20202",
  "userId": "patient_9781",
  "planId": "plan_81078",
  "date": "2024-11-17T13:59:38.655405",
  "exerciseLogs": [
    {
      "exerciseId": "ex_shoulder_1_9613",
      "exerciseName": "Shoulder Flexion",
      "setsCompleted": 4,
      "repsCompleted": 10,
      "durationSeconds": 72,
      "painLevel": 7,
      "notes": "Felt good"
    },
    {
      "exerciseId": "ex_shoulder_2_5471",
      "exerciseName": "Shoulder Abduction",
      "setsCompleted": 1,
      "repsCompleted": 3,
      "durationSeconds": 62,
      "painLevel": 7,
      "notes": "Felt good"
    },
    {
      "exerciseId": "ex_shoulder_3_6325",
      "exerciseName": "Wall Crawl",
      "setsCompleted": 1,
      "repsCompleted": 1,
      "durationSeconds": 68,
      "painLevel": 8,
      "notes": null
    },
    {
      "exerciseId": "ex_shoulder_4_7443",
      "exerciseName": "External Rotation",
      "setsCompleted": 2,
      "repsCompleted": 13,
      "durationSeconds": 35,
      "painLevel": 8,
      "notes": "Felt good"
    },
    {
      "exerciseId": "ex_shoulder_5_6963",
      "exerciseName": "Internal Rotation",
      "setsCompleted": 2,
      "repsCompleted": 9,
      "durationSeconds": 60,
      "painLevel": 10,
      "notes": "Getting easier"
    },
    {
      "exerciseId": "ex_shoulder_6_7116",
      "exerciseName": "Pendulum Exercise",
      "setsCompleted": 2,
      "repsCompleted": 4,
      "durationSeconds": 36,
      "painLevel": 10,
      "notes": "Getting easier"
    }
  ],
  "metrics": {
    "shoulder_rom": 146,
    "shoulder_strength": 3
  },
  "feedback": null,
  "overallRating": 1,
  "adherencePercentage": 70
}