{
  "id": "progress_15678",
  "userId": "patient_9237",
  "planId": "plan_24015",
  "date": "2024-10-27T13:59:38.725518",
  "exerciseLogs": [
    {
      "exerciseId": "ex_hip_2_2455",
      "exerciseName": "Hip Exercise 1",
      "setsCompleted": 1,
      "repsCompleted": 10,
      "durationSeconds": 85,
      "painLevel": 9,
      "notes": "Too challenging"
    },
    {
      "exerciseId": "ex_hip_3_9130",
      "exerciseName": "Hip Exercise 3",
      "setsCompleted": 3,
      "repsCompleted": 3,
      "durationSeconds": 42,
      "painLevel": 10,
      "notes": "Getting easier"
    },
    {
      "exerciseId": "ex_hip_4_6143",
      "exerciseName": "Hip Exercise 4",
      "setsCompleted": 2,
      "repsCompleted": 5,
      "durationSeconds": 67,
      "painLevel": 3,
      "notes": "Too challenging"
    },
    {
      "exerciseId": "ex_hip_5_6141",
      "exerciseName": "Hip Exercise 2",
      "setsCompleted": 2,
      "repsCompleted": 2,
      "durationSeconds": 63,
      "painLevel": 6,
      "notes": null
    }
  ],
  "metrics": {
    "hip_rom": 98,
    "hip_strength": 5
  },
  "feedback": "Still experiencing pain during certain movements",
  "overallRating": 1,
  "adherencePercentage": 50
}