{
  "id": "progress_13015",
  "userId": "patient_6248",
  "planId": "plan_38068",
  "date": "2025-02-24T13:59:38.672414",
  "exerciseLogs": [
    {
      "exerciseId": "ex_ankle_1_1067",
      "exerciseName": "Ankle Circles",
      "setsCompleted": 4,
      "repsCompleted": 11,
      "durationSeconds": 65,
      "painLevel": 4,
      "notes": "Getting easier"
    },
    {
      "exerciseId": "ex_ankle_2_3483",
      "exerciseName": "Ankle Pumps",
      "setsCompleted": 1,
      "repsCompleted": 10,
      "durationSeconds": 79,
      "painLevel": 5,
      "notes": "Too challenging"
    },
    {
      "exerciseId": "ex_ankle_3_9710",
      "exerciseName": "Toe Raises",
      "setsCompleted": 2,
      "repsCompleted": 14,
      "durationSeconds": 62,
      "painLevel": 8,
      "notes": "Felt good"
    },
    {
      "exerciseId": "ex_ankle_4_7373",
      "exerciseName": "Resistance Band Eversion",
      "setsCompleted": 1,
      "repsCompleted": 10,
      "durationSeconds": 82,
      "painLevel": 7,
      "notes": "Need to modify"
    },
    {
      "exerciseId": "ex_ankle_5_2366",
      "exerciseName": "Heel Raises",
      "setsCompleted": 1,
      "repsCompleted": 3,
      "durationSeconds": 58,
      "painLevel": 2,
      "notes": "Getting easier"
    },
    {
      "exerciseId": "ex_ankle_6_6025",
      "exerciseName": "Resistance Band Inversion",
      "setsCompleted": 1,
      "repsCompleted": 2,
      "durationSeconds": 45,
      "painLevel": 9,
      "notes": "Need to modify"
    }
  ],
  "metrics": {
    "ankle_rom": 85,
    "ankle_strength": 8
  },
  "feedback": "Exercises are getting easier to perform",
  "overallRating": 1,
  "adherencePercentage": 50
}