{
  "id": "progress_22745",
  "userId": "patient_7962",
  "planId": "plan_11306",
  "date": "2024-11-23T13:59:38.670412",
  "exerciseLogs": [
    {
      "exerciseId": "ex_ankle_1_7258",
      "exerciseName": "Resistance Band Eversion",
      "setsCompleted": 4,
      "repsCompleted": 1,
      "durationSeconds": 59,
      "painLevel": 8,
      "notes": "Getting easier"
    },
    {
      "exerciseId": "ex_ankle_2_9086",
      "exerciseName": "Resistance Band Inversion",
      "setsCompleted": 2,
      "repsCompleted": 6,
      "durationSeconds": 49,
      "painLevel": 1,
      "notes": "Too challenging"
    },
    {
      "exerciseId": "ex_ankle_3_1922",
      "exerciseName": "Ankle Pumps",
      "setsCompleted": 3,
      "repsCompleted": 4,
      "durationSeconds": 50,
      "painLevel": 4,
      "notes": "Felt good"
    },
    {
      "exerciseId": "ex_ankle_4_6619",
      "exerciseName": "Ankle Circles",
      "setsCompleted": 1,
      "repsCompleted": 10,
      "durationSeconds": 74,
      "painLevel": 3,
      "notes": "Need to modify"
    },
    {
      "exerciseId": "ex_ankle_5_1207",
      "exerciseName": "Heel Raises",
      "setsCompleted": 4,
      "repsCompleted": 8,
      "durationSeconds": 32,
      "painLevel": 4,
      "notes": "Too challenging"
    },
    {
      "exerciseId": "ex_ankle_6_5863",
      "exerciseName": "Toe Raises",
      "setsCompleted": 1,
      "repsCompleted": 5,
      "durationSeconds": 41,
      "painLevel": 5,
      "notes": "Need to modify"
    }
  ],
  "metrics": {
    "ankle_rom": 146,
    "ankle_strength": 9
  },
  "feedback": null,
  "overallRating": 5,
  "adherencePercentage": 75
}