{
  "id": "progress_25793",
  "userId": "patient_7662",
  "planId": "plan_46871",
  "date": "2025-04-13T13:59:38.678933",
  "exerciseLogs": [
    {
      "exerciseId": "ex_elbow_1_4952",
      "exerciseName": "Elbow Exercise 6",
      "setsCompleted": 2,
      "repsCompleted": 6,
      "durationSeconds": 73,
      "painLevel": 1,
      "notes": "Getting easier"
    },
    {
      "exerciseId": "ex_elbow_2_2412",
      "exerciseName": "Elbow Exercise 5",
      "setsCompleted": 2,
      "repsCompleted": 7,
      "durationSeconds": 78,
      "painLevel": 3,
      "notes": "Need to modify"
    },
    {
      "exerciseId": "ex_elbow_3_3837",
      "exerciseName": "Elbow Exercise 4",
      "setsCompleted": 1,
      "repsCompleted": 8,
      "durationSeconds": 58,
      "painLevel": 7,
      "notes": "Too challenging"
    },
    {
      "exerciseId": "ex_elbow_4_8272",
      "exerciseName": "Elbow Exercise 3",
      "setsCompleted": 3,
      "repsCompleted": 3,
      "durationSeconds": 64,
      "painLevel": 6,
      "notes": "Getting easier"
    }
  ],
  "metrics": {
    "elbow_rom": 107,
    "elbow_strength": 5
  },
  "feedback": "Still experiencing pain during certain movements",
  "overallRating": 4,
  "adherencePercentage": 53
}