{
  "id": "progress_26335",
  "userId": "patient_6891",
  "planId": "plan_99777",
  "date": "2025-03-23T13:59:38.719000",
  "exerciseLogs": [
    {
      "exerciseId": "ex_ankle_1_6599",
      "exerciseName": "Resistance Band Eversion",
      "setsCompleted": 2,
      "repsCompleted": 8,
      "durationSeconds": 52,
      "painLevel": 7,
      "notes": "Need to modify"
    },
    {
      "exerciseId": "ex_ankle_2_6850",
      "exerciseName": "Ankle Circles",
      "setsCompleted": 4,
      "repsCompleted": 8,
      "durationSeconds": 64,
      "painLevel": 8,
      "notes": "Too challenging"
    },
    {
      "exerciseId": "ex_ankle_3_1078",
      "exerciseName": "Ankle Pumps",
      "setsCompleted": 2,
      "repsCompleted": 9,
      "durationSeconds": 33,
      "painLevel": 2,
      "notes": "Need to modify"
    }
  ],
  "metrics": {
    "ankle_rom": 128,
    "ankle_strength": 10
  },
  "feedback": "Exercises are getting easier to perform",
  "overallRating": 1,
  "adherencePercentage": 100
}