{
  "id": "progress_25856",
  "userId": "patient_1351",
  "planId": "plan_64309",
  "date": "2024-12-17T13:59:38.726518",
  "exerciseLogs": [
    {
      "exerciseId": "ex_ankle_1_4683",
      "exerciseName": "Toe Raises",
      "setsCompleted": 1,
      "repsCompleted": 6,
      "durationSeconds": 53,
      "painLevel": 8,
      "notes": null
    },
    {
      "exerciseId": "ex_ankle_2_2412",
      "exerciseName": "Ankle Pumps",
      "setsCompleted": 2,
      "repsCompleted": 3,
      "durationSeconds": 35,
      "painLevel": 4,
      "notes": "Getting easier"
    },
    {
      "exerciseId": "ex_ankle_4_8977",
      "exerciseName": "Resistance Band Eversion",
      "setsCompleted": 1,
      "repsCompleted": 4,
      "durationSeconds": 53,
      "painLevel": 1,
      "notes": null
    },
    {
      "exerciseId": "ex_ankle_5_6176",
      "exerciseName": "Ankle Circles",
      "setsCompleted": 3,
      "repsCompleted": 3,
      "durationSeconds": 68,
      "painLevel": 8,
      "notes": "Felt good"
    },
    {
      "exerciseId": "ex_ankle_6_5339",
      "exerciseName": "Heel Raises",
      "setsCompleted": 3,
      "repsCompleted": 6,
      "durationSeconds": 83,
      "painLevel": 6,
      "notes": null
    }
  ],
  "metrics": {
    "ankle_rom": 168,
    "ankle_strength": 10
  },
  "feedback": "Feeling improvement in range of motion",
  "overallRating": 4,
  "adherencePercentage": 66
}