{
  "id": "progress_15507",
  "userId": "patient_3153",
  "planId": "plan_46807",
  "date": "2024-11-09T13:59:38.658412",
  "exerciseLogs": [
    {
      "exerciseId": "ex_shoulder_1_2270",
      "exerciseName": "Pendulum Exercise",
      "setsCompleted": 1,
      "repsCompleted": 14,
      "durationSeconds": 89,
      "painLevel": 8,
      "notes": "Need to modify"
    },
    {
      "exerciseId": "ex_shoulder_2_8392",
      "exerciseName": "Wall Crawl",
      "setsCompleted": 2,
      "repsCompleted": 2,
      "durationSeconds": 78,
      "painLevel": 4,
      "notes": "Need to modify"
    },
    {
      "exerciseId": "ex_shoulder_3_9727",
      "exerciseName": "External Rotation",
      "setsCompleted": 1,
      "repsCompleted": 5,
      "durationSeconds": 53,
      "painLevel": 7,
      "notes": null
    },
    {
      "exerciseId": "ex_shoulder_5_7260",
      "exerciseName": "Shoulder Abduction",
      "setsCompleted": 1,
      "repsCompleted": 5,
      "durationSeconds": 63,
      "painLevel": 10,
      "notes": "Felt good"
    },
    {
      "exerciseId": "ex_shoulder_6_4073",
      "exerciseName": "Internal Rotation",
      "setsCompleted": 1,
      "repsCompleted": 3,
      "durationSeconds": 47,
      "painLevel": 2,
      "notes": "Getting easier"
    }
  ],
  "metrics": {
    "shoulder_rom": 156,
    "shoulder_strength": 6
  },
  "feedback": "Exercises are getting easier to perform",
  "overallRating": 5,
  "adherencePercentage": 33
}