{
  "id": "progress_22923",
  "userId": "patient_5894",
  "planId": "plan_58492",
  "date": "2024-05-23T13:59:38.706985",
  "exerciseLogs": [
    {
      "exerciseId": "ex_back_1_9140",
      "exerciseName": "Back Exercise 4",
      "setsCompleted": 2,
      "repsCompleted": 4,
      "durationSeconds": 50,
      "painLevel": 9,
      "notes": "Felt good"
    },
    {
      "exerciseId": "ex_back_2_2770",
      "exerciseName": "Back Exercise 3",
      "setsCompleted": 4,
      "repsCompleted": 7,
      "durationSeconds": 46,
      "painLevel": 3,
      "notes": "Getting easier"
    },
    {
      "exerciseId": "ex_back_3_4723",
      "exerciseName": "Back Exercise 6",
      "setsCompleted": 1,
      "repsCompleted": 4,
      "durationSeconds": 81,
      "painLevel": 3,
      "notes": "Felt good"
    },
    {
      "exerciseId": "ex_back_4_9500",
      "exerciseName": "Back Exercise 1",
      "setsCompleted": 3,
      "repsCompleted": 5,
      "durationSeconds": 56,
      "painLevel": 7,
      "notes": null
    }
  ],
  "metrics": {
    "back_rom": 75,
    "back_strength": 8
  },
  "feedback": null,
  "overallRating": 3,
  "adherencePercentage": 71
}