{
  "id": "progress_15117",
  "userId": "patient_3729",
  "planId": "plan_25330",
  "date": "2024-12-10T13:59:38.673412",
  "exerciseLogs": [
    {
      "exerciseId": "ex_ankle_1_3478",
      "exerciseName": "Resistance Band Eversion",
      "setsCompleted": 1,
      "repsCompleted": 7,
      "durationSeconds": 64,
      "painLevel": 3,
      "notes": "Too challenging"
    },
    {
      "exerciseId": "ex_ankle_2_6355",
      "exerciseName": "Heel Raises",
      "setsCompleted": 2,
      "repsCompleted": 7,
      "durationSeconds": 41,
      "painLevel": 5,
      "notes": "Felt good"
    },
    {
      "exerciseId": "ex_ankle_3_3436",
      "exerciseName": "Resistance Band Inversion",
      "setsCompleted": 3,
      "repsCompleted": 5,
      "durationSeconds": 44,
      "painLevel": 5,
      "notes": "Felt good"
    },
    {
      "exerciseId": "ex_ankle_4_4992",
      "exerciseName": "Toe Raises",
      "setsCompleted": 2,
      "repsCompleted": 10,
      "durationSeconds": 88,
      "painLevel": 5,
      "notes": "Too challenging"
    }
  ],
  "metrics": {
    "ankle_rom": 166,
    "ankle_strength": 8
  },
  "feedback": "Still experiencing pain during certain movements",
  "overallRating": 2,
  "adherencePercentage": 88
}