{
  "id": "progress_17553",
  "userId": "patient_9776",
  "planId": "plan_48962",
  "date": "2024-07-07T13:59:38.728517",
  "exerciseLogs": [
    {
      "exerciseId": "ex_hip_2_3905",
      "exerciseName": "Hip Exercise 1",
      "setsCompleted": 2,
      "repsCompleted": 2,
      "durationSeconds": 42,
      "painLevel": 5,
      "notes": null
    },
    {
      "exerciseId": "ex_hip_3_3419",
      "exerciseName": "Hip Exercise 5",
      "setsCompleted": 2,
      "repsCompleted": 3,
      "durationSeconds": 57,
      "painLevel": 6,
      "notes": "Getting easier"
    },
    {
      "exerciseId": "ex_hip_4_7403",
      "exerciseName": "Hip Exercise 3",
      "setsCompleted": 1,
      "repsCompleted": 5,
      "durationSeconds": 43,
      "painLevel": 2,
      "notes": "Too challenging"
    },
    {
      "exerciseId": "ex_hip_5_3393",
      "exerciseName": "Hip Exercise 2",
      "setsCompleted": 1,
      "repsCompleted": 6,
      "durationSeconds": 59,
      "painLevel": 9,
      "notes": "Too challenging"
    }
  ],
  "metrics": {
    "hip_rom": 149,
    "hip_strength": 10
  },
  "feedback": "Exercises are getting easier to perform",
  "overallRating": 4,
  "adherencePercentage": 50
}