{
  "id": "progress_14209",
  "userId": "patient_9898",
  "planId": "plan_59772",
  "date": "2024-08-14T13:59:38.711002",
  "exerciseLogs": [
    {
      "exerciseId": "ex_hip_1_1768",
      "exerciseName": "Hip Exercise 5",
      "setsCompleted": 2,
      "repsCompleted": 12,
      "durationSeconds": 36,
      "painLevel": 8,
      "notes": "Getting easier"
    },
    {
      "exerciseId": "ex_hip_2_4490",
      "exerciseName": "Hip Exercise 6",
      "setsCompleted": 3,
      "repsCompleted": 5,
      "durationSeconds": 35,
      "painLevel": 3,
      "notes": "Too challenging"
    },
    {
      "exerciseId": "ex_hip_3_1925",
      "exerciseName": "Hip Exercise 4",
      "setsCompleted": 2,
      "repsCompleted": 11,
      "durationSeconds": 48,
      "painLevel": 7,
      "notes": "Felt good"
    },
    {
      "exerciseId": "ex_hip_4_8438",
      "exerciseName": "Hip Exercise 2",
      "setsCompleted": 1,
      "repsCompleted": 2,
      "durationSeconds": 34,
      "painLevel": 7,
      "notes": "Need to modify"
    },
    {
      "exerciseId": "ex_hip_5_2896",
      "exerciseName": "Hip Exercise 3",
      "setsCompleted": 2,
      "repsCompleted": 1,
      "durationSeconds": 89,
      "painLevel": 2,
      "notes": "Getting easier"
    },
    {
      "exerciseId": "ex_hip_6_3443",
      "exerciseName": "Hip Exercise 1",
      "setsCompleted": 3,
      "repsCompleted": 3,
      "durationSeconds": 62,
      "painLevel": 6,
      "notes": "Getting easier"
    }
  ],
  "metrics": {
    "hip_rom": 112,
    "hip_strength": 4
  },
  "feedback": "Feeling improvement in range of motion",
  "overallRating": 2,
  "adherencePercentage": 76
}