{
  "id": "progress_10401",
  "userId": "patient_9910",
  "planId": "plan_94943",
  "date": "2024-08-01T13:59:38.723516",
  "exerciseLogs": [
    {
      "exerciseId": "ex_neck_1_1669",
      "exerciseName": "Neck Exercise 2",
      "setsCompleted": 2,
      "repsCompleted": 12,
      "durationSeconds": 63,
      "painLevel": 7,
      "notes": "Getting easier"
    },
    {
      "exerciseId": "ex_neck_2_1165",
      "exerciseName": "Neck Exercise 5",
      "setsCompleted": 1,
      "repsCompleted": 8,
      "durationSeconds": 57,
      "painLevel": 10,
      "notes": "Too challenging"
    },
    {
      "exerciseId": "ex_neck_3_7258",
      "exerciseName": "Neck Exercise 6",
      "setsCompleted": 1,
      "repsCompleted": 5,
      "durationSeconds": 59,
      "painLevel": 3,
      "notes": "Felt good"
    },
    {
      "exerciseId": "ex_neck_4_7263",
      "exerciseName": "Neck Exercise 3",
      "setsCompleted": 1,
      "repsCompleted": 5,
      "durationSeconds": 48,
      "painLevel": 9,
      "notes": "Getting easier"
    },
    {
      "exerciseId": "ex_neck_5_4718",
      "exerciseName": "Neck Exercise 1",
      "setsCompleted": 2,
      "repsCompleted": 3,
      "durationSeconds": 31,
      "painLevel": 8,
      "notes": null
    }
  ],
  "metrics": {
    "neck_rom": 141,
    "neck_strength": 5
  },
  "feedback": "Feeling improvement in range of motion",
  "overallRating": 3,
  "adherencePercentage": 58
}