{
  "id": "progress_14453",
  "userId": "patient_2374",
  "planId": "plan_68551",
  "date": "2025-05-27T13:59:38.699985",
  "exerciseLogs": [
    {
      "exerciseId": "ex_hip_1_1820",
      "exerciseName": "Hip Exercise 1",
      "setsCompleted": 3,
      "repsCompleted": 11,
      "durationSeconds": 79,
      "painLevel": 7,
      "notes": "Felt good"
    },
    {
      "exerciseId": "ex_hip_3_2520",
      "exerciseName": "Hip Exercise 2",
      "setsCompleted": 3,
      "repsCompleted": 3,
      "durationSeconds": 36,
      "painLevel": 5,
      "notes": "Felt good"
    },
    {
      "exerciseId": "ex_hip_4_8634",
      "exerciseName": "Hip Exercise 4",
      "setsCompleted": 1,
      "repsCompleted": 2,
      "durationSeconds": 69,
      "painLevel": 9,
      "notes": "Need to modify"
    }
  ],
  "metrics": {
    "hip_rom": 85,
    "hip_strength": 9
  },
  "feedback": "Need modifications for some exercises",
  "overallRating": 4,
  "adherencePercentage": 53
}