{
  "id": "progress_19057",
  "userId": "patient_7684",
  "planId": "plan_49185",
  "date": "2025-02-16T13:59:38.720509",
  "exerciseLogs": [
    {
      "exerciseId": "ex_wrist_1_3170",
      "exerciseName": "Wrist Exercise 4",
      "setsCompleted": 2,
      "repsCompleted": 11,
      "durationSeconds": 89,
      "painLevel": 8,
      "notes": "Getting easier"
    },
    {
      "exerciseId": "ex_wrist_2_5414",
      "exerciseName": "Wrist Exercise 3",
      "setsCompleted": 1,
      "repsCompleted": 1,
      "durationSeconds": 50,
      "painLevel": 7,
      "notes": null
    },
    {
      "exerciseId": "ex_wrist_3_3284",
      "exerciseName": "Wrist Exercise 2",
      "setsCompleted": 1,
      "repsCompleted": 11,
      "durationSeconds": 62,
      "painLevel": 1,
      "notes": "Felt good"
    },
    {
      "exerciseId": "ex_wrist_4_7554",
      "exerciseName": "Wrist Exercise 6",
      "setsCompleted": 1,
      "repsCompleted": 3,
      "durationSeconds": 62,
      "painLevel": 1,
      "notes": "Too challenging"
    },
    {
      "exerciseId": "ex_wrist_5_4016",
      "exerciseName": "Wrist Exercise 5",
      "setsCompleted": 2,
      "repsCompleted": 5,
      "durationSeconds": 35,
      "painLevel": 9,
      "notes": "Felt good"
    }
  ],
  "metrics": {
    "wrist_rom": 136,
    "wrist_strength": 5
  },
  "feedback": "Exercises are getting easier to perform",
  "overallRating": 2,
  "adherencePercentage": 50
}