{
  "id": "progress_15620",
  "userId": "patient_1365",
  "planId": "plan_84750",
  "date": "2025-01-04T13:59:38.670412",
  "exerciseLogs": [
    {
      "exerciseId": "ex_neck_1_1243",
      "exerciseName": "Neck Exercise 5",
      "setsCompleted": 1,
      "repsCompleted": 8,
      "durationSeconds": 32,
      "painLevel": 8,
      "notes": "Too challenging"
    }
  ],
  "metrics": {
    "neck_rom": 130,
    "neck_strength": 5
  },
  "feedback": "Feeling improvement in range of motion",
  "overallRating": 4,
  "adherencePercentage": 12
}