{
  "id": "progress_26878",
  "userId": "patient_5401",
  "planId": "plan_22673",
  "date": "2024-09-02T13:59:38.715001",
  "exerciseLogs": [
    {
      "exerciseId": "ex_knee_1_3461",
      "exerciseName": "Wall Squats",
      "setsCompleted": 2,
      "repsCompleted": 1,
      "durationSeconds": 67,
      "painLevel": 6,
      "notes": "Getting easier"
    },
    {
      "exerciseId": "ex_knee_2_8152",
      "exerciseName": "Straight Leg Raises",
      "setsCompleted": 3,
      "repsCompleted": 1,
      "durationSeconds": 70,
      "painLevel": 10,
      "notes": null
    },
    {
      "exerciseId": "ex_knee_3_1641",
      "exerciseName": "Hamstring Curls",
      "setsCompleted": 3,
      "repsCompleted": 8,
      "durationSeconds": 83,
      "painLevel": 3,
      "notes": "Felt good"
    },
    {
      "exerciseId": "ex_knee_4_7625",
      "exerciseName": "Terminal Knee Extensions",
      "setsCompleted": 2,
      "repsCompleted": 7,
      "durationSeconds": 77,
      "painLevel": 3,
      "notes": "Too challenging"
    },
    {
      "exerciseId": "ex_knee_5_5895",
      "exerciseName": "Step-Ups",
      "setsCompleted": 1,
      "repsCompleted": 3,
      "durationSeconds": 65,
      "painLevel": 6,
      "notes": "Need to modify"
    },
    {
      "exerciseId": "ex_knee_6_8936",
      "exerciseName": "Knee Extensions",
      "setsCompleted": 2,
      "repsCompleted": 15,
      "durationSeconds": 38,
      "painLevel": 8,
      "notes": "Too challenging"
    }
  ],
  "metrics": {
    "knee_rom": 115,
    "knee_strength": 6
  },
  "feedback": "Exercises are getting easier to perform",
  "overallRating": 5,
  "adherencePercentage": 65
}