{
  "id": "progress_15156",
  "userId": "patient_6449",
  "planId": "plan_33430",
  "date": "2024-11-02T13:59:38.660413",
  "exerciseLogs": [
    {
      "exerciseId": "ex_wrist_1_7723",
      "exerciseName": "Wrist Exercise 6",
      "setsCompleted": 2,
      "repsCompleted": 5,
      "durationSeconds": 48,
      "painLevel": 4,
      "notes": "Felt good"
    },
    {
      "exerciseId": "ex_wrist_2_4554",
      "exerciseName": "Wrist Exercise 4",
      "setsCompleted": 2,
      "repsCompleted": 2,
      "durationSeconds": 77,
      "painLevel": 7,
      "notes": "Felt good"
    },
    {
      "exerciseId": "ex_wrist_3_1262",
      "exerciseName": "Wrist Exercise 5",
      "setsCompleted": 2,
      "repsCompleted": 3,
      "durationSeconds": 60,
      "painLevel": 2,
      "notes": "Need to modify"
    },
    {
      "exerciseId": "ex_wrist_4_5446",
      "exerciseName": "Wrist Exercise 1",
      "setsCompleted": 3,
      "repsCompleted": 3,
      "durationSeconds": 89,
      "painLevel": 1,
      "notes": "Too challenging"
    },
    {
      "exerciseId": "ex_wrist_5_6834",
      "exerciseName": "Wrist Exercise 3",
      "setsCompleted": 3,
      "repsCompleted": 1,
      "durationSeconds": 84,
      "painLevel": 7,
      "notes": "Need to modify"
    }
  ],
  "metrics": {
    "wrist_rom": 117,
    "wrist_strength": 6
  },
  "feedback": "Feeling improvement in range of motion",
  "overallRating": 2,
  "adherencePercentage": 75
}