{
  "id": "progress_27412",
  "userId": "patient_7573",
  "planId": "plan_14623",
  "date": "2025-02-17T13:59:38.714007",
  "exerciseLogs": [
    {
      "exerciseId": "ex_wrist_1_1338",
      "exerciseName": "Wrist Exercise 6",
      "setsCompleted": 2,
      "repsCompleted": 2,
      "durationSeconds": 37,
      "painLevel": 10,
      "notes": "Too challenging"
    },
    {
      "exerciseId": "ex_wrist_2_4579",
      "exerciseName": "Wrist Exercise 3",
      "setsCompleted": 1,
      "repsCompleted": 2,
      "durationSeconds": 75,
      "painLevel": 6,
      "notes": "Getting easier"
    },
    {
      "exerciseId": "ex_wrist_3_3718",
      "exerciseName": "Wrist Exercise 5",
      "setsCompleted": 1,
      "repsCompleted": 2,
      "durationSeconds": 73,
      "painLevel": 3,
      "notes": "Getting easier"
    },
    {
      "exerciseId": "ex_wrist_4_6323",
      "exerciseName": "Wrist Exercise 1",
      "setsCompleted": 2,
      "repsCompleted": 10,
      "durationSeconds": 64,
      "painLevel": 9,
      "notes": "Too challenging"
    },
    {
      "exerciseId": "ex_wrist_5_4342",
      "exerciseName": "Wrist Exercise 4",
      "setsCompleted": 4,
      "repsCompleted": 6,
      "durationSeconds": 56,
      "painLevel": 6,
      "notes": "Need to modify"
    },
    {
      "exerciseId": "ex_wrist_6_7722",
      "exerciseName": "Wrist Exercise 2",
      "setsCompleted": 2,
      "repsCompleted": 3,
      "durationSeconds": 39,
      "painLevel": 7,
      "notes": null
    }
  ],
  "metrics": {
    "wrist_rom": 90,
    "wrist_strength": 3
  },
  "feedback": "Exercises are getting easier to perform",
  "overallRating": 4,
  "adherencePercentage": 60
}