{
  "id": "progress_19955",
  "userId": "patient_2273",
  "planId": "plan_37204",
  "date": "2024-07-18T13:59:38.704984",
  "exerciseLogs": [
    {
      "exerciseId": "ex_elbow_1_3351",
      "exerciseName": "Elbow Exercise 6",
      "setsCompleted": 2,
      "repsCompleted": 3,
      "durationSeconds": 35,
      "painLevel": 1,
      "notes": "Felt good"
    },
    {
      "exerciseId": "ex_elbow_3_5780",
      "exerciseName": "Elbow Exercise 1",
      "setsCompleted": 4,
      "repsCompleted": 8,
      "durationSeconds": 73,
      "painLevel": 8,
      "notes": "Felt good"
    }
  ],
  "metrics": {
    "elbow_rom": 92,
    "elbow_strength": 6
  },
  "feedback": "Exercises are getting easier to perform",
  "overallRating": 2,
  "adherencePercentage": 66
}