{
  "id": "progress_29216",
  "userId": "patient_8607",
  "planId": "plan_86254",
  "date": "2025-02-23T13:59:38.731028",
  "exerciseLogs": [
    {
      "exerciseId": "ex_back_1_9439",
      "exerciseName": "Back Exercise 3",
      "setsCompleted": 3,
      "repsCompleted": 10,
      "durationSeconds": 88,
      "painLevel": 2,
      "notes": null
    },
    {
      "exerciseId": "ex_back_2_3820",
      "exerciseName": "Back Exercise 6",
      "setsCompleted": 2,
      "repsCompleted": 4,
      "durationSeconds": 53,
      "painLevel": 3,
      "notes": "Getting easier"
    },
    {
      "exerciseId": "ex_back_3_1291",
      "exerciseName": "Back Exercise 1",
      "setsCompleted": 2,
      "repsCompleted": 4,
      "durationSeconds": 50,
      "painLevel": 1,
      "notes": "Felt good"
    }
  ],
  "metrics": {
    "back_rom": 173,
    "back_strength": 6
  },
  "feedback": "Need modifications for some exercises",
  "overallRating": 5,
  "adherencePercentage": 87
}