{
  "id": "progress_13258",
  "userId": "patient_2003",
  "planId": "plan_73318",
  "date": "2025-01-01T13:59:38.680934",
  "exerciseLogs": [
    {
      "exerciseId": "ex_back_1_9236",
      "exerciseName": "Back Exercise 6",
      "setsCompleted": 2,
      "repsCompleted": 11,
      "durationSeconds": 55,
      "painLevel": 2,
      "notes": "Felt good"
    },
    {
      "exerciseId": "ex_back_2_7551",
      "exerciseName": "Back Exercise 3",
      "setsCompleted": 2,
      "repsCompleted": 14,
      "durationSeconds": 30,
      "painLevel": 7,
      "notes": "Too challenging"
    },
    {
      "exerciseId": "ex_back_3_2752",
      "exerciseName": "Back Exercise 4",
      "setsCompleted": 4,
      "repsCompleted": 4,
      "durationSeconds": 76,
      "painLevel": 1,
      "notes": "Too challenging"
    },
    {
      "exerciseId": "ex_back_4_9908",
      "exerciseName": "Back Exercise 1",
      "setsCompleted": 3,
      "repsCompleted": 1,
      "durationSeconds": 64,
      "painLevel": 10,
      "notes": "Too challenging"
    }
  ],
  "metrics": {
    "back_rom": 148,
    "back_strength": 8
  },
  "feedback": "Need modifications for some exercises",
  "overallRating": 2,
  "adherencePercentage": 91
}