{
  "id": "progress_17712",
  "userId": "patient_1860",
  "planId": "plan_95623",
  "date": "2024-10-24T13:59:38.667410",
  "exerciseLogs": [
    {
      "exerciseId": "ex_wrist_1_6103",
      "exerciseName": "Wrist Exercise 6",
      "setsCompleted": 1,
      "repsCompleted": 14,
      "durationSeconds": 31,
      "painLevel": 9,
      "notes": null
    },
    {
      "exerciseId": "ex_wrist_2_1247",
      "exerciseName": "Wrist Exercise 3",
      "setsCompleted": 2,
      "repsCompleted": 2,
      "durationSeconds": 55,
      "painLevel": 9,
      "notes": "Getting easier"
    },
    {
      "exerciseId": "ex_wrist_3_4811",
      "exerciseName": "Wrist Exercise 2",
      "setsCompleted": 2,
      "repsCompleted": 8,
      "durationSeconds": 32,
      "painLevel": 6,
      "notes": null
    }
  ],
  "metrics": {
    "wrist_rom": 156,
    "wrist_strength": 5
  },
  "feedback": "Need modifications for some exercises",
  "overallRating": 4,
  "adherencePercentage": 62
}