{
  "id": "plan_88617",
  "userId": "patient_6576",
  "therapistId": "therapist_2343",
  "title": "Neck Rehabilitation Plan",
  "description": "Personalized rehabilitation plan for Neck recovery",
  "exercises": [
    {
      "id": "ex_neck_1_9210",
      "name": "Neck Exercise 4",
      "description": "Description for neck exercise 4",
      "bodyPart": "Neck",
      "sets": 3,
      "reps": 13,
      "durationSeconds": 65,
      "difficultyLevel": "beginner"
    },
    {
      "id": "ex_neck_2_5364",
      "name": "Neck Exercise 3",
      "description": "Description for neck exercise 3",
      "bodyPart": "Neck",
      "sets": 3,
      "reps": 10,
      "durationSeconds": 37,
      "difficultyLevel": "beginner"
    },
    {
      "id": "ex_neck_3_1704",
      "name": "Neck Exercise 6",
      "description": "Description for neck exercise 6",
      "bodyPart": "Neck",
      "sets": 2,
      "reps": 10,
      "durationSeconds": 37,
      "difficultyLevel": "beginner"
    }
  ],
  "startDate": "2024-07-01T13:59:38.732038",
  "endDate": null,
  "status": "completed",
  "goals": {
    "primary": "Increase strength",
    "bodyPart": "Neck",
    "painReduction": "high"
  },
  "lastUpdated": "2024-07-01T13:59:38.732038",
  "isDynamicallyAdjusted": false
}