{
  "id": "plan_21206",
  "userId": "patient_8373",
  "therapistId": "therapist_8799",
  "title": "Neck Rehabilitation Plan",
  "description": "Personalized rehabilitation plan for Neck recovery",
  "exercises": [
    {
      "id": "ex_neck_1_1978",
      "name": "Neck Exercise 5",
      "description": "Description for neck exercise 5",
      "bodyPart": "Neck",
      "sets": 3,
      "reps": 11,
      "durationSeconds": 50,
      "difficultyLevel": "advanced"
    },
    {
      "id": "ex_neck_2_5084",
      "name": "Neck Exercise 3",
      "description": "Description for neck exercise 3",
      "bodyPart": "Neck",
      "sets": 4,
      "reps": 10,
      "durationSeconds": 84,
      "difficultyLevel": "advanced"
    },
    {
      "id": "ex_neck_3_1038",
      "name": "Neck Exercise 6",
      "description": "Description for neck exercise 6",
      "bodyPart": "Neck",
      "sets": 4,
      "reps": 9,
      "durationSeconds": 76,
      "difficultyLevel": "advanced"
    }
  ],
  "startDate": "2024-11-15T13:59:38.714007",
  "endDate": null,
  "status": "completed",
  "goals": {
    "primary": "Increase strength",
    "bodyPart": "Neck",
    "painReduction": "low"
  },
  "lastUpdated": "2024-11-15T13:59:38.714007",
  "isDynamicallyAdjusted": false
}