{
  "id": "plan_39700",
  "userId": "patient_5894",
  "therapistId": "therapist_6083",
  "title": "Back Rehabilitation Plan",
  "description": "Personalized rehabilitation plan for Back recovery",
  "exercises": [
    {
      "id": "ex_back_1_2785",
      "name": "Back Exercise 4",
      "description": "Description for back exercise 4",
      "bodyPart": "Back",
      "sets": 3,
      "reps": 13,
      "durationSeconds": 44,
      "difficultyLevel": "beginner"
    },
    {
      "id": "ex_back_2_3351",
      "name": "Back Exercise 1",
      "description": "Description for back exercise 1",
      "bodyPart": "Back",
      "sets": 4,
      "reps": 14,
      "durationSeconds": 63,
      "difficultyLevel": "beginner"
    },
    {
      "id": "ex_back_3_9860",
      "name": "Back Exercise 2",
      "description": "Description for back exercise 2",
      "bodyPart": "Back",
      "sets": 3,
      "reps": 13,
      "durationSeconds": 35,
      "difficultyLevel": "beginner"
    },
    {
      "id": "ex_back_4_8961",
      "name": "Back Exercise 6",
      "description": "Description for back exercise 6",
      "bodyPart": "Back",
      "sets": 4,
      "reps": 11,
      "durationSeconds": 58,
      "difficultyLevel": "beginner"
    },
    {
      "id": "ex_back_5_4551",
      "name": "Back Exercise 5",
      "description": "Description for back exercise 5",
      "bodyPart": "Back",
      "sets": 2,
      "reps": 9,
      "durationSeconds": 85,
      "difficultyLevel": "beginner"
    },
    {
      "id": "ex_back_6_2883",
      "name": "Back Exercise 3",
      "description": "Description for back exercise 3",
      "bodyPart": "Back",
      "sets": 4,
      "reps": 10,
      "durationSeconds": 84,
      "difficultyLevel": "beginner"
    }
  ],
  "startDate": "2024-04-22T13:59:38.706985",
  "endDate": null,
  "status": "active",
  "goals": {
    "primary": "Improve daily function",
    "bodyPart": "Back",
    "painReduction": "high"
  },
  "lastUpdated": "2024-04-22T13:59:38.706985",
  "isDynamicallyAdjusted": true
}