{
  "id": "plan_66925",
  "userId": "patient_8723",
  "therapistId": "therapist_3161",
  "title": "Knee Rehabilitation Plan",
  "description": "Personalized rehabilitation plan for Knee recovery",
  "exercises": [
    {
      "id": "ex_knee_1_9337",
      "name": "Knee Extensions",
      "description": "Sit in a chair and straighten your knee",
      "bodyPart": "Knee",
      "sets": 4,
      "reps": 13,
      "durationSeconds": 89,
      "difficultyLevel": "beginner"
    },
    {
      "id": "ex_knee_2_9246",
      "name": "Wall Squats",
      "description": "Stand with your back against a wall and bend your knees",
      "bodyPart": "Knee",
      "sets": 2,
      "reps": 10,
      "durationSeconds": 72,
      "difficultyLevel": "beginner"
    },
    {
      "id": "ex_knee_3_5798",
      "name": "Step-Ups",
      "description": "Step up onto a platform with one leg, then the other",
      "bodyPart": "Knee",
      "sets": 3,
      "reps": 15,
      "durationSeconds": 62,
      "difficultyLevel": "beginner"
    },
    {
      "id": "ex_knee_4_6078",
      "name": "Hamstring Curls",
      "description": "Lie face down and bend your knee, bringing your heel toward your buttock",
      "bodyPart": "Knee",
      "sets": 4,
      "reps": 8,
      "durationSeconds": 63,
      "difficultyLevel": "beginner"
    },
    {
      "id": "ex_knee_5_7002",
      "name": "Straight Leg Raises",
      "description": "Lie flat on your back and lift your leg straight up",
      "bodyPart": "Knee",
      "sets": 2,
      "reps": 15,
      "durationSeconds": 59,
      "difficultyLevel": "beginner"
    }
  ],
  "startDate": "2024-06-02T13:59:38.724518",
  "endDate": null,
  "status": "active",
  "goals": {
    "primary": "Improve daily function",
    "bodyPart": "Knee",
    "painReduction": "high"
  },
  "lastUpdated": "2024-06-02T13:59:38.724518",
  "isDynamicallyAdjusted": false
}