{
  "id": "plan_30784",
  "userId": "patient_5760",
  "therapistId": "therapist_2343",
  "title": "Shoulder Rehabilitation Plan",
  "description": "Personalized rehabilitation plan for Shoulder recovery",
  "exercises": [
    {
      "id": "ex_shoulder_1_8426",
      "name": "Shoulder Abduction",
      "description": "Raise your arm out to the side",
      "bodyPart": "Shoulder",
      "sets": 2,
      "reps": 9,
      "durationSeconds": 64,
      "difficultyLevel": "intermediate"
    },
    {
      "id": "ex_shoulder_2_5897",
      "name": "Pendulum Exercise",
      "description": "Lean forward and let your arm hang, make small circles",
      "bodyPart": "Shoulder",
      "sets": 4,
      "reps": 15,
      "durationSeconds": 34,
      "difficultyLevel": "intermediate"
    },
    {
      "id": "ex_shoulder_3_2266",
      "name": "External Rotation",
      "description": "With elbow at side, rotate arm outward",
      "bodyPart": "Shoulder",
      "sets": 4,
      "reps": 15,
      "durationSeconds": 39,
      "difficultyLevel": "intermediate"
    },
    {
      "id": "ex_shoulder_4_5903",
      "name": "Wall Crawl",
      "description": "Face a wall and walk your fingers up the wall",
      "bodyPart": "Shoulder",
      "sets": 4,
      "reps": 14,
      "durationSeconds": 77,
      "difficultyLevel": "intermediate"
    },
    {
      "id": "ex_shoulder_5_6414",
      "name": "Shoulder Flexion",
      "description": "Raise your arm forward and upward",
      "bodyPart": "Shoulder",
      "sets": 4,
      "reps": 10,
      "durationSeconds": 86,
      "difficultyLevel": "intermediate"
    }
  ],
  "startDate": "2024-06-20T13:59:38.711002",
  "endDate": null,
  "status": "active",
  "goals": {
    "primary": "Improve range of motion",
    "bodyPart": "Shoulder",
    "painReduction": "medium"
  },
  "lastUpdated": "2024-06-20T13:59:38.711002",
  "isDynamicallyAdjusted": true
}