{
  "id": "plan_48057",
  "userId": "patient_4687",
  "therapistId": "therapist_6083",
  "title": "Neck Rehabilitation Plan",
  "description": "Personalized rehabilitation plan for Neck recovery",
  "exercises": [
    {
      "id": "ex_neck_1_6519",
      "name": "Neck Exercise 4",
      "description": "Description for neck exercise 4",
      "bodyPart": "Neck",
      "sets": 2,
      "reps": 10,
      "durationSeconds": 88,
      "difficultyLevel": "beginner"
    },
    {
      "id": "ex_neck_2_6456",
      "name": "Neck Exercise 5",
      "description": "Description for neck exercise 5",
      "bodyPart": "Neck",
      "sets": 3,
      "reps": 9,
      "durationSeconds": 43,
      "difficultyLevel": "beginner"
    },
    {
      "id": "ex_neck_3_2667",
      "name": "Neck Exercise 3",
      "description": "Description for neck exercise 3",
      "bodyPart": "Neck",
      "sets": 4,
      "reps": 12,
      "durationSeconds": 62,
      "difficultyLevel": "beginner"
    }
  ],
  "startDate": "2025-01-03T13:59:38.668413",
  "endDate": null,
  "status": "active",
  "goals": {
    "primary": "Post-surgery recovery",
    "bodyPart": "Neck",
    "painReduction": "high"
  },
  "lastUpdated": "2025-01-03T13:59:38.668413",
  "isDynamicallyAdjusted": false
}