{
  "id": "plan_85488",
  "userId": "patient_9027",
  "therapistId": null,
  "title": "Elbow Rehabilitation Plan",
  "description": "Personalized rehabilitation plan for Elbow recovery",
  "exercises": [
    {
      "id": "ex_elbow_1_9464",
      "name": "Elbow Exercise 2",
      "description": "Description for elbow exercise 2",
      "bodyPart": "Elbow",
      "sets": 2,
      "reps": 11,
      "durationSeconds": 87,
      "difficultyLevel": "beginner"
    },
    {
      "id": "ex_elbow_2_6939",
      "name": "Elbow Exercise 1",
      "description": "Description for elbow exercise 1",
      "bodyPart": "Elbow",
      "sets": 4,
      "reps": 8,
      "durationSeconds": 79,
      "difficultyLevel": "beginner"
    },
    {
      "id": "ex_elbow_3_8403",
      "name": "Elbow Exercise 5",
      "description": "Description for elbow exercise 5",
      "bodyPart": "Elbow",
      "sets": 2,
      "reps": 15,
      "durationSeconds": 63,
      "difficultyLevel": "beginner"
    }
  ],
  "startDate": "2024-04-07T13:59:38.689456",
  "endDate": null,
  "status": "paused",
  "goals": {
    "primary": "Improve range of motion",
    "bodyPart": "Elbow",
    "painReduction": "high"
  },
  "lastUpdated": "2024-04-07T13:59:38.689456",
  "isDynamicallyAdjusted": false
}