{
  "id": "plan_60606",
  "userId": "patient_9910",
  "therapistId": "therapist_3161",
  "title": "Neck Rehabilitation Plan",
  "description": "Personalized rehabilitation plan for Neck recovery",
  "exercises": [
    {
      "id": "ex_neck_1_8625",
      "name": "Neck Exercise 2",
      "description": "Description for neck exercise 2",
      "bodyPart": "Neck",
      "sets": 2,
      "reps": 12,
      "durationSeconds": 82,
      "difficultyLevel": "advanced"
    },
    {
      "id": "ex_neck_2_1030",
      "name": "Neck Exercise 1",
      "description": "Description for neck exercise 1",
      "bodyPart": "Neck",
      "sets": 2,
      "reps": 9,
      "durationSeconds": 63,
      "difficultyLevel": "advanced"
    },
    {
      "id": "ex_neck_3_4069",
      "name": "Neck Exercise 5",
      "description": "Description for neck exercise 5",
      "bodyPart": "Neck",
      "sets": 4,
      "reps": 14,
      "durationSeconds": 83,
      "difficultyLevel": "advanced"
    },
    {
      "id": "ex_neck_4_2753",
      "name": "Neck Exercise 6",
      "description": "Description for neck exercise 6",
      "bodyPart": "Neck",
      "sets": 4,
      "reps": 11,
      "durationSeconds": 32,
      "difficultyLevel": "advanced"
    },
    {
      "id": "ex_neck_5_7279",
      "name": "Neck Exercise 3",
      "description": "Description for neck exercise 3",
      "bodyPart": "Neck",
      "sets": 3,
      "reps": 13,
      "durationSeconds": 60,
      "difficultyLevel": "advanced"
    }
  ],
  "startDate": "2024-06-19T13:59:38.723516",
  "endDate": null,
  "status": "active",
  "goals": {
    "primary": "Improve daily function",
    "bodyPart": "Neck",
    "painReduction": "low"
  },
  "lastUpdated": "2024-06-19T13:59:38.723516",
  "isDynamicallyAdjusted": false
}