{
  "id": "plan_51005",
  "userId": "patient_5313",
  "therapistId": "therapist_3161",
  "title": "Back Rehabilitation Plan",
  "description": "Personalized rehabilitation plan for Back recovery",
  "exercises": [
    {
      "id": "ex_back_1_6644",
      "name": "Back Exercise 4",
      "description": "Description for back exercise 4",
      "bodyPart": "Back",
      "sets": 2,
      "reps": 13,
      "durationSeconds": 68,
      "difficultyLevel": "advanced"
    },
    {
      "id": "ex_back_2_7109",
      "name": "Back Exercise 1",
      "description": "Description for back exercise 1",
      "bodyPart": "Back",
      "sets": 3,
      "reps": 9,
      "durationSeconds": 48,
      "difficultyLevel": "advanced"
    },
    {
      "id": "ex_back_3_6799",
      "name": "Back Exercise 3",
      "description": "Description for back exercise 3",
      "bodyPart": "Back",
      "sets": 4,
      "reps": 13,
      "durationSeconds": 70,
      "difficultyLevel": "advanced"
    },
    {
      "id": "ex_back_4_2534",
      "name": "Back Exercise 6",
      "description": "Description for back exercise 6",
      "bodyPart": "Back",
      "sets": 2,
      "reps": 9,
      "durationSeconds": 74,
      "difficultyLevel": "advanced"
    }
  ],
  "startDate": "2024-11-05T13:59:38.719000",
  "endDate": null,
  "status": "paused",
  "goals": {
    "primary": "Improve daily function",
    "bodyPart": "Back",
    "painReduction": "low"
  },
  "lastUpdated": "2024-11-05T13:59:38.719000",
  "isDynamicallyAdjusted": true
}