{
  "id": "plan_13202",
  "userId": "patient_1365",
  "therapistId": "therapist_7144",
  "title": "Neck Rehabilitation Plan",
  "description": "Personalized rehabilitation plan for Neck recovery",
  "exercises": [
    {
      "id": "ex_neck_1_1894",
      "name": "Neck Exercise 5",
      "description": "Description for neck exercise 5",
      "bodyPart": "Neck",
      "sets": 4,
      "reps": 13,
      "durationSeconds": 55,
      "difficultyLevel": "advanced"
    },
    {
      "id": "ex_neck_2_3791",
      "name": "Neck Exercise 2",
      "description": "Description for neck exercise 2",
      "bodyPart": "Neck",
      "sets": 2,
      "reps": 9,
      "durationSeconds": 30,
      "difficultyLevel": "advanced"
    },
    {
      "id": "ex_neck_3_6027",
      "name": "Neck Exercise 6",
      "description": "Description for neck exercise 6",
      "bodyPart": "Neck",
      "sets": 4,
      "reps": 10,
      "durationSeconds": 80,
      "difficultyLevel": "advanced"
    }
  ],
  "startDate": "2024-11-26T13:59:38.670412",
  "endDate": null,
  "status": "active",
  "goals": {
    "primary": "Improve range of motion",
    "bodyPart": "Neck",
    "painReduction": "low"
  },
  "lastUpdated": "2024-11-26T13:59:38.670412",
  "isDynamicallyAdjusted": true
}