{
  "id": "plan_39051",
  "userId": "patient_4931",
  "therapistId": "therapist_3161",
  "title": "Back Rehabilitation Plan",
  "description": "Personalized rehabilitation plan for Back recovery",
  "exercises": [
    {
      "id": "ex_back_1_4035",
      "name": "Back Exercise 6",
      "description": "Description for back exercise 6",
      "bodyPart": "Back",
      "sets": 3,
      "reps": 13,
      "durationSeconds": 47,
      "difficultyLevel": "intermediate"
    },
    {
      "id": "ex_back_2_3979",
      "name": "Back Exercise 5",
      "description": "Description for back exercise 5",
      "bodyPart": "Back",
      "sets": 3,
      "reps": 13,
      "durationSeconds": 53,
      "difficultyLevel": "intermediate"
    },
    {
      "id": "ex_back_3_8447",
      "name": "Back Exercise 2",
      "description": "Description for back exercise 2",
      "bodyPart": "Back",
      "sets": 2,
      "reps": 11,
      "durationSeconds": 69,
      "difficultyLevel": "intermediate"
    },
    {
      "id": "ex_back_4_1893",
      "name": "Back Exercise 1",
      "description": "Description for back exercise 1",
      "bodyPart": "Back",
      "sets": 4,
      "reps": 11,
      "durationSeconds": 68,
      "difficultyLevel": "intermediate"
    }
  ],
  "startDate": "2024-10-24T13:59:38.679936",
  "endDate": null,
  "status": "active",
  "goals": {
    "primary": "Improve range of motion",
    "bodyPart": "Back",
    "painReduction": "medium"
  },
  "lastUpdated": "2024-10-24T13:59:38.679936",
  "isDynamicallyAdjusted": true
}