{
  "id": "plan_50159",
  "userId": "patient_6639",
  "therapistId": "therapist_8799",
  "title": "Ankle Rehabilitation Plan",
  "description": "Personalized rehabilitation plan for Ankle recovery",
  "exercises": [
    {
      "id": "ex_ankle_1_7137",
      "name": "Resistance Band Inversion",
      "description": "Turn foot inward against resistance",
      "bodyPart": "Ankle",
      "sets": 4,
      "reps": 11,
      "durationSeconds": 66,
      "difficultyLevel": "beginner"
    },
    {
      "id": "ex_ankle_2_6975",
      "name": "Ankle Pumps",
      "description": "Move your foot up and down",
      "bodyPart": "Ankle",
      "sets": 3,
      "reps": 14,
      "durationSeconds": 90,
      "difficultyLevel": "beginner"
    },
    {
      "id": "ex_ankle_3_5476",
      "name": "Toe Raises",
      "description": "Stand and lift your toes off the ground",
      "bodyPart": "Ankle",
      "sets": 2,
      "reps": 11,
      "durationSeconds": 83,
      "difficultyLevel": "beginner"
    },
    {
      "id": "ex_ankle_4_1240",
      "name": "Resistance Band Eversion",
      "description": "Turn foot outward against resistance",
      "bodyPart": "Ankle",
      "sets": 3,
      "reps": 9,
      "durationSeconds": 58,
      "difficultyLevel": "beginner"
    }
  ],
  "startDate": "2024-05-11T13:59:38.717000",
  "endDate": null,
  "status": "active",
  "goals": {
    "primary": "Prevent re-injury",
    "bodyPart": "Ankle",
    "painReduction": "high"
  },
  "lastUpdated": "2024-05-11T13:59:38.717000",
  "isDynamicallyAdjusted": true
}