{
  "id": "plan_93657",
  "userId": "patient_3766",
  "therapistId": null,
  "title": "Hip Rehabilitation Plan",
  "description": "Personalized rehabilitation plan for Hip recovery",
  "exercises": [
    {
      "id": "ex_hip_1_4240",
      "name": "Hip Exercise 3",
      "description": "Description for hip exercise 3",
      "bodyPart": "Hip",
      "sets": 2,
      "reps": 14,
      "durationSeconds": 70,
      "difficultyLevel": "beginner"
    },
    {
      "id": "ex_hip_2_9252",
      "name": "Hip Exercise 2",
      "description": "Description for hip exercise 2",
      "bodyPart": "Hip",
      "sets": 2,
      "reps": 15,
      "durationSeconds": 35,
      "difficultyLevel": "beginner"
    },
    {
      "id": "ex_hip_3_7894",
      "name": "Hip Exercise 4",
      "description": "Description for hip exercise 4",
      "bodyPart": "Hip",
      "sets": 3,
      "reps": 8,
      "durationSeconds": 41,
      "difficultyLevel": "beginner"
    },
    {
      "id": "ex_hip_4_3659",
      "name": "Hip Exercise 6",
      "description": "Description for hip exercise 6",
      "bodyPart": "Hip",
      "sets": 4,
      "reps": 12,
      "durationSeconds": 58,
      "difficultyLevel": "beginner"
    },
    {
      "id": "ex_hip_5_2351",
      "name": "Hip Exercise 1",
      "description": "Description for hip exercise 1",
      "bodyPart": "Hip",
      "sets": 2,
      "reps": 13,
      "durationSeconds": 66,
      "difficultyLevel": "beginner"
    },
    {
      "id": "ex_hip_6_2493",
      "name": "Hip Exercise 5",
      "description": "Description for hip exercise 5",
      "bodyPart": "Hip",
      "sets": 4,
      "reps": 12,
      "durationSeconds": 72,
      "difficultyLevel": "beginner"
    }
  ],
  "startDate": "2025-01-16T13:59:38.682937",
  "endDate": null,
  "status": "completed",
  "goals": {
    "primary": "Prevent re-injury",
    "bodyPart": "Hip",
    "painReduction": "high"
  },
  "lastUpdated": "2025-01-16T13:59:38.682937",
  "isDynamicallyAdjusted": true
}