{
  "id": "plan_49577",
  "userId": "patient_3153",
  "therapistId": "therapist_8961",
  "title": "Shoulder Rehabilitation Plan",
  "description": "Personalized rehabilitation plan for Shoulder recovery",
  "exercises": [
    {
      "id": "ex_shoulder_1_8973",
      "name": "Shoulder Abduction",
      "description": "Raise your arm out to the side",
      "bodyPart": "Shoulder",
      "sets": 2,
      "reps": 8,
      "durationSeconds": 85,
      "difficultyLevel": "advanced"
    },
    {
      "id": "ex_shoulder_2_1851",
      "name": "Wall Crawl",
      "description": "Face a wall and walk your fingers up the wall",
      "bodyPart": "Shoulder",
      "sets": 2,
      "reps": 13,
      "durationSeconds": 84,
      "difficultyLevel": "advanced"
    },
    {
      "id": "ex_shoulder_3_5871",
      "name": "Internal Rotation",
      "description": "With elbow at side, rotate arm inward",
      "bodyPart": "Shoulder",
      "sets": 2,
      "reps": 13,
      "durationSeconds": 75,
      "difficultyLevel": "advanced"
    },
    {
      "id": "ex_shoulder_4_8827",
      "name": "Shoulder Flexion",
      "description": "Raise your arm forward and upward",
      "bodyPart": "Shoulder",
      "sets": 3,
      "reps": 11,
      "durationSeconds": 39,
      "difficultyLevel": "advanced"
    },
    {
      "id": "ex_shoulder_5_9714",
      "name": "Pendulum Exercise",
      "description": "Lean forward and let your arm hang, make small circles",
      "bodyPart": "Shoulder",
      "sets": 4,
      "reps": 8,
      "durationSeconds": 80,
      "difficultyLevel": "advanced"
    },
    {
      "id": "ex_shoulder_6_7057",
      "name": "External Rotation",
      "description": "With elbow at side, rotate arm outward",
      "bodyPart": "Shoulder",
      "sets": 2,
      "reps": 15,
      "durationSeconds": 49,
      "difficultyLevel": "advanced"
    }
  ],
  "startDate": "2024-10-24T13:59:38.658412",
  "endDate": null,
  "status": "paused",
  "goals": {
    "primary": "Improve range of motion",
    "bodyPart": "Shoulder",
    "painReduction": "low"
  },
  "lastUpdated": "2024-10-24T13:59:38.658412",
  "isDynamicallyAdjusted": false
}