{
  "id": "plan_25624",
  "userId": "patient_9174",
  "therapistId": "therapist_8797",
  "title": "Knee Rehabilitation Plan",
  "description": "Personalized rehabilitation plan for Knee recovery",
  "exercises": [
    {
      "id": "ex_knee_1_3186",
      "name": "Step-Ups",
      "description": "Step up onto a platform with one leg, then the other",
      "bodyPart": "Knee",
      "sets": 4,
      "reps": 10,
      "durationSeconds": 51,
      "difficultyLevel": "intermediate"
    },
    {
      "id": "ex_knee_2_8563",
      "name": "Wall Squats",
      "description": "Stand with your back against a wall and bend your knees",
      "bodyPart": "Knee",
      "sets": 2,
      "reps": 12,
      "durationSeconds": 52,
      "difficultyLevel": "intermediate"
    },
    {
      "id": "ex_knee_3_9049",
      "name": "Terminal Knee Extensions",
      "description": "Extend your knee against resistance",
      "bodyPart": "Knee",
      "sets": 4,
      "reps": 8,
      "durationSeconds": 77,
      "difficultyLevel": "intermediate"
    },
    {
      "id": "ex_knee_4_9853",
      "name": "Knee Extensions",
      "description": "Sit in a chair and straighten your knee",
      "bodyPart": "Knee",
      "sets": 2,
      "reps": 12,
      "durationSeconds": 44,
      "difficultyLevel": "intermediate"
    },
    {
      "id": "ex_knee_5_2598",
      "name": "Straight Leg Raises",
      "description": "Lie flat on your back and lift your leg straight up",
      "bodyPart": "Knee",
      "sets": 3,
      "reps": 13,
      "durationSeconds": 72,
      "difficultyLevel": "intermediate"
    },
    {
      "id": "ex_knee_6_9594",
      "name": "Hamstring Curls",
      "description": "Lie face down and bend your knee, bringing your heel toward your buttock",
      "bodyPart": "Knee",
      "sets": 3,
      "reps": 15,
      "durationSeconds": 48,
      "difficultyLevel": "intermediate"
    }
  ],
  "startDate": "2025-02-09T13:59:38.661412",
  "endDate": null,
  "status": "completed",
  "goals": {
    "primary": "Increase strength",
    "bodyPart": "Knee",
    "painReduction": "medium"
  },
  "lastUpdated": "2025-02-09T13:59:38.661412",
  "isDynamicallyAdjusted": true
}