{
  "id": "plan_47554",
  "userId": "patient_8755",
  "therapistId": "therapist_2343",
  "title": "Knee Rehabilitation Plan",
  "description": "Personalized rehabilitation plan for Knee recovery",
  "exercises": [
    {
      "id": "ex_knee_1_6545",
      "name": "Terminal Knee Extensions",
      "description": "Extend your knee against resistance",
      "bodyPart": "Knee",
      "sets": 3,
      "reps": 10,
      "durationSeconds": 47,
      "difficultyLevel": "intermediate"
    },
    {
      "id": "ex_knee_2_8566",
      "name": "Step-Ups",
      "description": "Step up onto a platform with one leg, then the other",
      "bodyPart": "Knee",
      "sets": 4,
      "reps": 10,
      "durationSeconds": 73,
      "difficultyLevel": "intermediate"
    },
    {
      "id": "ex_knee_3_1601",
      "name": "Knee Extensions",
      "description": "Sit in a chair and straighten your knee",
      "bodyPart": "Knee",
      "sets": 2,
      "reps": 8,
      "durationSeconds": 49,
      "difficultyLevel": "intermediate"
    }
  ],
  "startDate": "2024-04-27T13:59:38.665413",
  "endDate": null,
  "status": "active",
  "goals": {
    "primary": "Improve daily function",
    "bodyPart": "Knee",
    "painReduction": "medium"
  },
  "lastUpdated": "2024-04-27T13:59:38.665413",
  "isDynamicallyAdjusted": true
}