{
  "id": "plan_22673",
  "userId": "patient_5401",
  "therapistId": "therapist_7144",
  "title": "Knee Rehabilitation Plan",
  "description": "Personalized rehabilitation plan for Knee recovery",
  "exercises": [
    {
      "id": "ex_knee_1_3461",
      "name": "Wall Squats",
      "description": "Stand with your back against a wall and bend your knees",
      "bodyPart": "Knee",
      "sets": 2,
      "reps": 8,
      "durationSeconds": 67,
      "difficultyLevel": "advanced"
    },
    {
      "id": "ex_knee_2_8152",
      "name": "Straight Leg Raises",
      "description": "Lie flat on your back and lift your leg straight up",
      "bodyPart": "Knee",
      "sets": 4,
      "reps": 10,
      "durationSeconds": 70,
      "difficultyLevel": "advanced"
    },
    {
      "id": "ex_knee_3_1641",
      "name": "Hamstring Curls",
      "description": "Lie face down and bend your knee, bringing your heel toward your buttock",
      "bodyPart": "Knee",
      "sets": 4,
      "reps": 12,
      "durationSeconds": 83,
      "difficultyLevel": "advanced"
    },
    {
      "id": "ex_knee_4_7625",
      "name": "Terminal Knee Extensions",
      "description": "Extend your knee against resistance",
      "bodyPart": "Knee",
      "sets": 2,
      "reps": 9,
      "durationSeconds": 77,
      "difficultyLevel": "advanced"
    },
    {
      "id": "ex_knee_5_5895",
      "name": "Step-Ups",
      "description": "Step up onto a platform with one leg, then the other",
      "bodyPart": "Knee",
      "sets": 4,
      "reps": 9,
      "durationSeconds": 65,
      "difficultyLevel": "advanced"
    },
    {
      "id": "ex_knee_6_8936",
      "name": "Knee Extensions",
      "description": "Sit in a chair and straighten your knee",
      "bodyPart": "Knee",
      "sets": 4,
      "reps": 15,
      "durationSeconds": 38,
      "difficultyLevel": "advanced"
    }
  ],
  "startDate": "2024-07-29T13:59:38.715001",
  "endDate": null,
  "status": "completed",
  "goals": {
    "primary": "Improve range of motion",
    "bodyPart": "Knee",
    "painReduction": "low"
  },
  "lastUpdated": "2024-07-29T13:59:38.715001",
  "isDynamicallyAdjusted": false
}