{
  "id": "plan_83072",
  "userId": "patient_5313",
  "therapistId": "therapist_2343",
  "title": "Back Rehabilitation Plan",
  "description": "Personalized rehabilitation plan for Back recovery",
  "exercises": [
    {
      "id": "ex_back_1_8326",
      "name": "Back Exercise 2",
      "description": "Description for back exercise 2",
      "bodyPart": "Back",
      "sets": 2,
      "reps": 15,
      "durationSeconds": 87,
      "difficultyLevel": "advanced"
    },
    {
      "id": "ex_back_2_6152",
      "name": "Back Exercise 5",
      "description": "Description for back exercise 5",
      "bodyPart": "Back",
      "sets": 2,
      "reps": 9,
      "durationSeconds": 30,
      "difficultyLevel": "advanced"
    },
    {
      "id": "ex_back_3_9229",
      "name": "Back Exercise 3",
      "description": "Description for back exercise 3",
      "bodyPart": "Back",
      "sets": 2,
      "reps": 14,
      "durationSeconds": 30,
      "difficultyLevel": "advanced"
    },
    {
      "id": "ex_back_4_3372",
      "name": "Back Exercise 1",
      "description": "Description for back exercise 1",
      "bodyPart": "Back",
      "sets": 3,
      "reps": 14,
      "durationSeconds": 85,
      "difficultyLevel": "advanced"
    }
  ],
  "startDate": "2024-10-19T13:59:38.719000",
  "endDate": null,
  "status": "paused",
  "goals": {
    "primary": "Improve daily function",
    "bodyPart": "Back",
    "painReduction": "low"
  },
  "lastUpdated": "2024-10-19T13:59:38.719000",
  "isDynamicallyAdjusted": true
}