{
  "id": "plan_13471",
  "userId": "patient_9708",
  "therapistId": "therapist_1776",
  "title": "Knee Rehabilitation Plan",
  "description": "Personalized rehabilitation plan for Knee recovery",
  "exercises": [
    {
      "id": "ex_knee_1_9781",
      "name": "Terminal Knee Extensions",
      "description": "Extend your knee against resistance",
      "bodyPart": "Knee",
      "sets": 2,
      "reps": 8,
      "durationSeconds": 60,
      "difficultyLevel": "advanced"
    },
    {
      "id": "ex_knee_2_4037",
      "name": "Straight Leg Raises",
      "description": "Lie flat on your back and lift your leg straight up",
      "bodyPart": "Knee",
      "sets": 3,
      "reps": 9,
      "durationSeconds": 46,
      "difficultyLevel": "advanced"
    },
    {
      "id": "ex_knee_3_7790",
      "name": "Step-Ups",
      "description": "Step up onto a platform with one leg, then the other",
      "bodyPart": "Knee",
      "sets": 3,
      "reps": 9,
      "durationSeconds": 33,
      "difficultyLevel": "advanced"
    },
    {
      "id": "ex_knee_4_4389",
      "name": "Knee Extensions",
      "description": "Sit in a chair and straighten your knee",
      "bodyPart": "Knee",
      "sets": 2,
      "reps": 12,
      "durationSeconds": 62,
      "difficultyLevel": "advanced"
    },
    {
      "id": "ex_knee_5_5815",
      "name": "Hamstring Curls",
      "description": "Lie face down and bend your knee, bringing your heel toward your buttock",
      "bodyPart": "Knee",
      "sets": 3,
      "reps": 9,
      "durationSeconds": 42,
      "difficultyLevel": "advanced"
    }
  ],
  "startDate": "2024-05-24T13:59:38.705984",
  "endDate": null,
  "status": "active",
  "goals": {
    "primary": "Increase strength",
    "bodyPart": "Knee",
    "painReduction": "low"
  },
  "lastUpdated": "2024-05-24T13:59:38.705984",
  "isDynamicallyAdjusted": true
}