{
  "id": "plan_33957",
  "userId": "patient_3423",
  "therapistId": "therapist_8799",
  "title": "Elbow Rehabilitation Plan",
  "description": "Personalized rehabilitation plan for Elbow recovery",
  "exercises": [
    {
      "id": "ex_elbow_1_3245",
      "name": "Elbow Exercise 2",
      "description": "Description for elbow exercise 2",
      "bodyPart": "Elbow",
      "sets": 2,
      "reps": 13,
      "durationSeconds": 63,
      "difficultyLevel": "advanced"
    },
    {
      "id": "ex_elbow_2_2362",
      "name": "Elbow Exercise 1",
      "description": "Description for elbow exercise 1",
      "bodyPart": "Elbow",
      "sets": 2,
      "reps": 12,
      "durationSeconds": 88,
      "difficultyLevel": "advanced"
    },
    {
      "id": "ex_elbow_3_5565",
      "name": "Elbow Exercise 6",
      "description": "Description for elbow exercise 6",
      "bodyPart": "Elbow",
      "sets": 4,
      "reps": 9,
      "durationSeconds": 79,
      "difficultyLevel": "advanced"
    },
    {
      "id": "ex_elbow_4_7286",
      "name": "Elbow Exercise 5",
      "description": "Description for elbow exercise 5",
      "bodyPart": "Elbow",
      "sets": 4,
      "reps": 8,
      "durationSeconds": 38,
      "difficultyLevel": "advanced"
    }
  ],
  "startDate": "2025-04-08T13:59:38.704984",
  "endDate": null,
  "status": "active",
  "goals": {
    "primary": "Increase strength",
    "bodyPart": "Elbow",
    "painReduction": "low"
  },
  "lastUpdated": "2025-04-08T13:59:38.704984",
  "isDynamicallyAdjusted": false
}