{
  "id": "plan_53846",
  "userId": "patient_2660",
  "therapistId": "therapist_8961",
  "title": "Hip Rehabilitation Plan",
  "description": "Personalized rehabilitation plan for Hip recovery",
  "exercises": [
    {
      "id": "ex_hip_1_4764",
      "name": "Hip Exercise 3",
      "description": "Description for hip exercise 3",
      "bodyPart": "Hip",
      "sets": 3,
      "reps": 12,
      "durationSeconds": 54,
      "difficultyLevel": "intermediate"
    },
    {
      "id": "ex_hip_2_2312",
      "name": "Hip Exercise 2",
      "description": "Description for hip exercise 2",
      "bodyPart": "Hip",
      "sets": 3,
      "reps": 13,
      "durationSeconds": 45,
      "difficultyLevel": "intermediate"
    },
    {
      "id": "ex_hip_3_6568",
      "name": "Hip Exercise 6",
      "description": "Description for hip exercise 6",
      "bodyPart": "Hip",
      "sets": 3,
      "reps": 12,
      "durationSeconds": 55,
      "difficultyLevel": "intermediate"
    },
    {
      "id": "ex_hip_4_7694",
      "name": "Hip Exercise 1",
      "description": "Description for hip exercise 1",
      "bodyPart": "Hip",
      "sets": 4,
      "reps": 14,
      "durationSeconds": 57,
      "difficultyLevel": "intermediate"
    }
  ],
  "startDate": "2025-03-14T13:59:38.694458",
  "endDate": null,
  "status": "active",
  "goals": {
    "primary": "Pain reduction",
    "bodyPart": "Hip",
    "painReduction": "medium"
  },
  "lastUpdated": "2025-03-14T13:59:38.694458",
  "isDynamicallyAdjusted": false
}