{
  "id": "plan_33184",
  "userId": "patient_1287",
  "therapistId": "therapist_2230",
  "title": "Neck Rehabilitation Plan",
  "description": "Personalized rehabilitation plan for Neck recovery",
  "exercises": [
    {
      "id": "ex_neck_1_8655",
      "name": "Neck Exercise 2",
      "description": "Description for neck exercise 2",
      "bodyPart": "Neck",
      "sets": 3,
      "reps": 14,
      "durationSeconds": 58,
      "difficultyLevel": "intermediate"
    },
    {
      "id": "ex_neck_2_5526",
      "name": "Neck Exercise 3",
      "description": "Description for neck exercise 3",
      "bodyPart": "Neck",
      "sets": 2,
      "reps": 10,
      "durationSeconds": 46,
      "difficultyLevel": "intermediate"
    },
    {
      "id": "ex_neck_3_7371",
      "name": "Neck Exercise 1",
      "description": "Description for neck exercise 1",
      "bodyPart": "Neck",
      "sets": 4,
      "reps": 10,
      "durationSeconds": 72,
      "difficultyLevel": "intermediate"
    },
    {
      "id": "ex_neck_4_8940",
      "name": "Neck Exercise 6",
      "description": "Description for neck exercise 6",
      "bodyPart": "Neck",
      "sets": 4,
      "reps": 10,
      "durationSeconds": 73,
      "difficultyLevel": "intermediate"
    },
    {
      "id": "ex_neck_5_4739",
      "name": "Neck Exercise 4",
      "description": "Description for neck exercise 4",
      "bodyPart": "Neck",
      "sets": 2,
      "reps": 9,
      "durationSeconds": 34,
      "difficultyLevel": "intermediate"
    }
  ],
  "startDate": "2024-10-10T13:59:38.666414",
  "endDate": null,
  "status": "active",
  "goals": {
    "primary": "Increase strength",
    "bodyPart": "Neck",
    "painReduction": "medium"
  },
  "lastUpdated": "2024-10-10T13:59:38.666414",
  "isDynamicallyAdjusted": true
}