{
  "id": "plan_86991",
  "userId": "patient_7538",
  "therapistId": "therapist_8799",
  "title": "Wrist Rehabilitation Plan",
  "description": "Personalized rehabilitation plan for Wrist recovery",
  "exercises": [
    {
      "id": "ex_wrist_1_9992",
      "name": "Wrist Exercise 2",
      "description": "Description for wrist exercise 2",
      "bodyPart": "Wrist",
      "sets": 4,
      "reps": 13,
      "durationSeconds": 41,
      "difficultyLevel": "beginner"
    },
    {
      "id": "ex_wrist_2_1248",
      "name": "Wrist Exercise 3",
      "description": "Description for wrist exercise 3",
      "bodyPart": "Wrist",
      "sets": 3,
      "reps": 13,
      "durationSeconds": 49,
      "difficultyLevel": "beginner"
    },
    {
      "id": "ex_wrist_3_5905",
      "name": "Wrist Exercise 4",
      "description": "Description for wrist exercise 4",
      "bodyPart": "Wrist",
      "sets": 3,
      "reps": 9,
      "durationSeconds": 57,
      "difficultyLevel": "beginner"
    },
    {
      "id": "ex_wrist_4_5109",
      "name": "Wrist Exercise 6",
      "description": "Description for wrist exercise 6",
      "bodyPart": "Wrist",
      "sets": 3,
      "reps": 8,
      "durationSeconds": 40,
      "difficultyLevel": "beginner"
    },
    {
      "id": "ex_wrist_5_1793",
      "name": "Wrist Exercise 5",
      "description": "Description for wrist exercise 5",
      "bodyPart": "Wrist",
      "sets": 4,
      "reps": 13,
      "durationSeconds": 64,
      "difficultyLevel": "beginner"
    },
    {
      "id": "ex_wrist_6_4382",
      "name": "Wrist Exercise 1",
      "description": "Description for wrist exercise 1",
      "bodyPart": "Wrist",
      "sets": 4,
      "reps": 14,
      "durationSeconds": 32,
      "difficultyLevel": "beginner"
    }
  ],
  "startDate": "2025-02-25T13:59:38.712999",
  "endDate": null,
  "status": "active",
  "goals": {
    "primary": "Prevent re-injury",
    "bodyPart": "Wrist",
    "painReduction": "high"
  },
  "lastUpdated": "2025-02-25T13:59:38.712999",
  "isDynamicallyAdjusted": false
}