{
  "id": "plan_87640",
  "userId": "patient_2011",
  "therapistId": "therapist_1776",
  "title": "Knee Rehabilitation Plan",
  "description": "Personalized rehabilitation plan for Knee recovery",
  "exercises": [
    {
      "id": "ex_knee_1_6906",
      "name": "Knee Extensions",
      "description": "Sit in a chair and straighten your knee",
      "bodyPart": "Knee",
      "sets": 2,
      "reps": 14,
      "durationSeconds": 35,
      "difficultyLevel": "intermediate"
    },
    {
      "id": "ex_knee_2_5575",
      "name": "Wall Squats",
      "description": "Stand with your back against a wall and bend your knees",
      "bodyPart": "Knee",
      "sets": 4,
      "reps": 10,
      "durationSeconds": 90,
      "difficultyLevel": "intermediate"
    },
    {
      "id": "ex_knee_3_1716",
      "name": "Straight Leg Raises",
      "description": "Lie flat on your back and lift your leg straight up",
      "bodyPart": "Knee",
      "sets": 3,
      "reps": 8,
      "durationSeconds": 74,
      "difficultyLevel": "intermediate"
    },
    {
      "id": "ex_knee_4_4657",
      "name": "Terminal Knee Extensions",
      "description": "Extend your knee against resistance",
      "bodyPart": "Knee",
      "sets": 3,
      "reps": 11,
      "durationSeconds": 64,
      "difficultyLevel": "intermediate"
    }
  ],
  "startDate": "2024-09-18T13:59:38.695455",
  "endDate": null,
  "status": "paused",
  "goals": {
    "primary": "Improve range of motion",
    "bodyPart": "Knee",
    "painReduction": "medium"
  },
  "lastUpdated": "2024-09-18T13:59:38.695455",
  "isDynamicallyAdjusted": false
}