{
  "id": "plan_49185",
  "userId": "patient_7684",
  "therapistId": "therapist_7144",
  "title": "Wrist Rehabilitation Plan",
  "description": "Personalized rehabilitation plan for Wrist recovery",
  "exercises": [
    {
      "id": "ex_wrist_1_3170",
      "name": "Wrist Exercise 4",
      "description": "Description for wrist exercise 4",
      "bodyPart": "Wrist",
      "sets": 3,
      "reps": 15,
      "durationSeconds": 89,
      "difficultyLevel": "beginner"
    },
    {
      "id": "ex_wrist_2_5414",
      "name": "Wrist Exercise 3",
      "description": "Description for wrist exercise 3",
      "bodyPart": "Wrist",
      "sets": 2,
      "reps": 14,
      "durationSeconds": 50,
      "difficultyLevel": "beginner"
    },
    {
      "id": "ex_wrist_3_3284",
      "name": "Wrist Exercise 2",
      "description": "Description for wrist exercise 2",
      "bodyPart": "Wrist",
      "sets": 2,
      "reps": 15,
      "durationSeconds": 62,
      "difficultyLevel": "beginner"
    },
    {
      "id": "ex_wrist_4_7554",
      "name": "Wrist Exercise 6",
      "description": "Description for wrist exercise 6",
      "bodyPart": "Wrist",
      "sets": 3,
      "reps": 12,
      "durationSeconds": 62,
      "difficultyLevel": "beginner"
    },
    {
      "id": "ex_wrist_5_4016",
      "name": "Wrist Exercise 5",
      "description": "Description for wrist exercise 5",
      "bodyPart": "Wrist",
      "sets": 2,
      "reps": 15,
      "durationSeconds": 35,
      "difficultyLevel": "beginner"
    },
    {
      "id": "ex_wrist_6_1813",
      "name": "Wrist Exercise 1",
      "description": "Description for wrist exercise 1",
      "bodyPart": "Wrist",
      "sets": 2,
      "reps": 12,
      "durationSeconds": 53,
      "difficultyLevel": "beginner"
    }
  ],
  "startDate": "2025-01-16T13:59:38.720509",
  "endDate": null,
  "status": "active",
  "goals": {
    "primary": "Post-surgery recovery",
    "bodyPart": "Wrist",
    "painReduction": "high"
  },
  "lastUpdated": "2025-01-16T13:59:38.720509",
  "isDynamicallyAdjusted": true
}