{
  "id": "plan_11306",
  "userId": "patient_7962",
  "therapistId": "therapist_8799",
  "title": "Ankle Rehabilitation Plan",
  "description": "Personalized rehabilitation plan for Ankle recovery",
  "exercises": [
    {
      "id": "ex_ankle_1_7258",
      "name": "Resistance Band Eversion",
      "description": "Turn foot outward against resistance",
      "bodyPart": "Ankle",
      "sets": 4,
      "reps": 9,
      "durationSeconds": 59,
      "difficultyLevel": "intermediate"
    },
    {
      "id": "ex_ankle_2_9086",
      "name": "Resistance Band Inversion",
      "description": "Turn foot inward against resistance",
      "bodyPart": "Ankle",
      "sets": 4,
      "reps": 11,
      "durationSeconds": 49,
      "difficultyLevel": "intermediate"
    },
    {
      "id": "ex_ankle_3_1922",
      "name": "Ankle Pumps",
      "description": "Move your foot up and down",
      "bodyPart": "Ankle",
      "sets": 3,
      "reps": 9,
      "durationSeconds": 50,
      "difficultyLevel": "intermediate"
    },
    {
      "id": "ex_ankle_4_6619",
      "name": "Ankle Circles",
      "description": "Rotate your ankle in circles",
      "bodyPart": "Ankle",
      "sets": 2,
      "reps": 14,
      "durationSeconds": 74,
      "difficultyLevel": "intermediate"
    },
    {
      "id": "ex_ankle_5_1207",
      "name": "Heel Raises",
      "description": "Stand and rise up on your toes",
      "bodyPart": "Ankle",
      "sets": 4,
      "reps": 13,
      "durationSeconds": 32,
      "difficultyLevel": "intermediate"
    },
    {
      "id": "ex_ankle_6_5863",
      "name": "Toe Raises",
      "description": "Stand and lift your toes off the ground",
      "bodyPart": "Ankle",
      "sets": 3,
      "reps": 12,
      "durationSeconds": 41,
      "difficultyLevel": "intermediate"
    }
  ],
  "startDate": "2024-10-24T13:59:38.670412",
  "endDate": null,
  "status": "active",
  "goals": {
    "primary": "Post-surgery recovery",
    "bodyPart": "Ankle",
    "painReduction": "medium"
  },
  "lastUpdated": "2024-10-24T13:59:38.670412",
  "isDynamicallyAdjusted": false
}