{
  "id": "plan_87005",
  "userId": "patient_6891",
  "therapistId": "therapist_8799",
  "title": "Ankle Rehabilitation Plan",
  "description": "Personalized rehabilitation plan for Ankle recovery",
  "exercises": [
    {
      "id": "ex_ankle_1_2691",
      "name": "Toe Raises",
      "description": "Stand and lift your toes off the ground",
      "bodyPart": "Ankle",
      "sets": 3,
      "reps": 12,
      "durationSeconds": 69,
      "difficultyLevel": "intermediate"
    },
    {
      "id": "ex_ankle_2_3506",
      "name": "Ankle Pumps",
      "description": "Move your foot up and down",
      "bodyPart": "Ankle",
      "sets": 3,
      "reps": 12,
      "durationSeconds": 83,
      "difficultyLevel": "intermediate"
    },
    {
      "id": "ex_ankle_3_7767",
      "name": "Heel Raises",
      "description": "Stand and rise up on your toes",
      "bodyPart": "Ankle",
      "sets": 4,
      "reps": 9,
      "durationSeconds": 52,
      "difficultyLevel": "intermediate"
    },
    {
      "id": "ex_ankle_4_9905",
      "name": "Resistance Band Eversion",
      "description": "Turn foot outward against resistance",
      "bodyPart": "Ankle",
      "sets": 3,
      "reps": 11,
      "durationSeconds": 90,
      "difficultyLevel": "intermediate"
    },
    {
      "id": "ex_ankle_5_1301",
      "name": "Resistance Band Inversion",
      "description": "Turn foot inward against resistance",
      "bodyPart": "Ankle",
      "sets": 4,
      "reps": 14,
      "durationSeconds": 39,
      "difficultyLevel": "intermediate"
    },
    {
      "id": "ex_ankle_6_9543",
      "name": "Ankle Circles",
      "description": "Rotate your ankle in circles",
      "bodyPart": "Ankle",
      "sets": 4,
      "reps": 10,
      "durationSeconds": 37,
      "difficultyLevel": "intermediate"
    }
  ],
  "startDate": "2025-02-22T13:59:38.719000",
  "endDate": null,
  "status": "paused",
  "goals": {
    "primary": "Improve range of motion",
    "bodyPart": "Ankle",
    "painReduction": "medium"
  },
  "lastUpdated": "2025-02-22T13:59:38.719000",
  "isDynamicallyAdjusted": false
}