{
  "id": "plan_29802",
  "userId": "patient_4351",
  "therapistId": "therapist_1776",
  "title": "Shoulder Rehabilitation Plan",
  "description": "Personalized rehabilitation plan for Shoulder recovery",
  "exercises": [
    {
      "id": "ex_shoulder_1_6810",
      "name": "Wall Crawl",
      "description": "Face a wall and walk your fingers up the wall",
      "bodyPart": "Shoulder",
      "sets": 3,
      "reps": 15,
      "durationSeconds": 75,
      "difficultyLevel": "advanced"
    },
    {
      "id": "ex_shoulder_2_4487",
      "name": "External Rotation",
      "description": "With elbow at side, rotate arm outward",
      "bodyPart": "Shoulder",
      "sets": 4,
      "reps": 13,
      "durationSeconds": 63,
      "difficultyLevel": "advanced"
    },
    {
      "id": "ex_shoulder_3_2908",
      "name": "Shoulder Flexion",
      "description": "Raise your arm forward and upward",
      "bodyPart": "Shoulder",
      "sets": 3,
      "reps": 15,
      "durationSeconds": 49,
      "difficultyLevel": "advanced"
    },
    {
      "id": "ex_shoulder_4_2472",
      "name": "Pendulum Exercise",
      "description": "Lean forward and let your arm hang, make small circles",
      "bodyPart": "Shoulder",
      "sets": 3,
      "reps": 11,
      "durationSeconds": 46,
      "difficultyLevel": "advanced"
    },
    {
      "id": "ex_shoulder_5_6017",
      "name": "Shoulder Abduction",
      "description": "Raise your arm out to the side",
      "bodyPart": "Shoulder",
      "sets": 2,
      "reps": 12,
      "durationSeconds": 70,
      "difficultyLevel": "advanced"
    },
    {
      "id": "ex_shoulder_6_5254",
      "name": "Internal Rotation",
      "description": "With elbow at side, rotate arm inward",
      "bodyPart": "Shoulder",
      "sets": 2,
      "reps": 11,
      "durationSeconds": 53,
      "difficultyLevel": "advanced"
    }
  ],
  "startDate": "2025-03-10T13:59:38.684932",
  "endDate": null,
  "status": "completed",
  "goals": {
    "primary": "Increase strength",
    "bodyPart": "Shoulder",
    "painReduction": "low"
  },
  "lastUpdated": "2025-03-10T13:59:38.684932",
  "isDynamicallyAdjusted": true
}