{
  "id": "plan_86423",
  "userId": "patient_2273",
  "therapistId": "therapist_7144",
  "title": "Elbow Rehabilitation Plan",
  "description": "Personalized rehabilitation plan for Elbow recovery",
  "exercises": [
    {
      "id": "ex_elbow_1_5918",
      "name": "Elbow Exercise 3",
      "description": "Description for elbow exercise 3",
      "bodyPart": "Elbow",
      "sets": 4,
      "reps": 10,
      "durationSeconds": 36,
      "difficultyLevel": "beginner"
    },
    {
      "id": "ex_elbow_2_8315",
      "name": "Elbow Exercise 5",
      "description": "Description for elbow exercise 5",
      "bodyPart": "Elbow",
      "sets": 2,
      "reps": 14,
      "durationSeconds": 55,
      "difficultyLevel": "beginner"
    },
    {
      "id": "ex_elbow_3_4454",
      "name": "Elbow Exercise 6",
      "description": "Description for elbow exercise 6",
      "bodyPart": "Elbow",
      "sets": 2,
      "reps": 11,
      "durationSeconds": 77,
      "difficultyLevel": "beginner"
    },
    {
      "id": "ex_elbow_4_4582",
      "name": "Elbow Exercise 4",
      "description": "Description for elbow exercise 4",
      "bodyPart": "Elbow",
      "sets": 3,
      "reps": 9,
      "durationSeconds": 77,
      "difficultyLevel": "beginner"
    },
    {
      "id": "ex_elbow_5_3975",
      "name": "Elbow Exercise 2",
      "description": "Description for elbow exercise 2",
      "bodyPart": "Elbow",
      "sets": 2,
      "reps": 12,
      "durationSeconds": 72,
      "difficultyLevel": "beginner"
    }
  ],
  "startDate": "2024-05-31T13:59:38.704984",
  "endDate": null,
  "status": "active",
  "goals": {
    "primary": "Post-surgery recovery",
    "bodyPart": "Elbow",
    "painReduction": "high"
  },
  "lastUpdated": "2024-05-31T13:59:38.704984",
  "isDynamicallyAdjusted": true
}