{
  "id": "plan_69461",
  "userId": "patient_5254",
  "therapistId": "therapist_8142",
  "title": "Elbow Rehabilitation Plan",
  "description": "Personalized rehabilitation plan for Elbow recovery",
  "exercises": [
    {
      "id": "ex_elbow_1_4805",
      "name": "Elbow Exercise 4",
      "description": "Description for elbow exercise 4",
      "bodyPart": "Elbow",
      "sets": 2,
      "reps": 10,
      "durationSeconds": 64,
      "difficultyLevel": "advanced"
    },
    {
      "id": "ex_elbow_2_7883",
      "name": "Elbow Exercise 6",
      "description": "Description for elbow exercise 6",
      "bodyPart": "Elbow",
      "sets": 3,
      "reps": 15,
      "durationSeconds": 63,
      "difficultyLevel": "advanced"
    },
    {
      "id": "ex_elbow_3_4137",
      "name": "Elbow Exercise 5",
      "description": "Description for elbow exercise 5",
      "bodyPart": "Elbow",
      "sets": 2,
      "reps": 14,
      "durationSeconds": 32,
      "difficultyLevel": "advanced"
    },
    {
      "id": "ex_elbow_4_7672",
      "name": "Elbow Exercise 1",
      "description": "Description for elbow exercise 1",
      "bodyPart": "Elbow",
      "sets": 4,
      "reps": 8,
      "durationSeconds": 34,
      "difficultyLevel": "advanced"
    },
    {
      "id": "ex_elbow_5_6539",
      "name": "Elbow Exercise 2",
      "description": "Description for elbow exercise 2",
      "bodyPart": "Elbow",
      "sets": 4,
      "reps": 10,
      "durationSeconds": 75,
      "difficultyLevel": "advanced"
    }
  ],
  "startDate": "2024-09-05T13:59:38.701987",
  "endDate": null,
  "status": "active",
  "goals": {
    "primary": "Post-surgery recovery",
    "bodyPart": "Elbow",
    "painReduction": "low"
  },
  "lastUpdated": "2024-09-05T13:59:38.701987",
  "isDynamicallyAdjusted": true
}