{
  "id": "plan_92923",
  "userId": "patient_9318",
  "therapistId": "therapist_8142",
  "title": "Knee Rehabilitation Plan",
  "description": "Personalized rehabilitation plan for Knee recovery",
  "exercises": [
    {
      "id": "ex_knee_1_9768",
      "name": "Knee Extensions",
      "description": "Sit in a chair and straighten your knee",
      "bodyPart": "Knee",
      "sets": 4,
      "reps": 15,
      "durationSeconds": 62,
      "difficultyLevel": "intermediate"
    },
    {
      "id": "ex_knee_2_6847",
      "name": "Hamstring Curls",
      "description": "Lie face down and bend your knee, bringing your heel toward your buttock",
      "bodyPart": "Knee",
      "sets": 3,
      "reps": 14,
      "durationSeconds": 49,
      "difficultyLevel": "intermediate"
    },
    {
      "id": "ex_knee_3_8109",
      "name": "Step-Ups",
      "description": "Step up onto a platform with one leg, then the other",
      "bodyPart": "Knee",
      "sets": 4,
      "reps": 9,
      "durationSeconds": 67,
      "difficultyLevel": "intermediate"
    },
    {
      "id": "ex_knee_4_6920",
      "name": "Terminal Knee Extensions",
      "description": "Extend your knee against resistance",
      "bodyPart": "Knee",
      "sets": 4,
      "reps": 15,
      "durationSeconds": 77,
      "difficultyLevel": "intermediate"
    },
    {
      "id": "ex_knee_5_2847",
      "name": "Wall Squats",
      "description": "Stand with your back against a wall and bend your knees",
      "bodyPart": "Knee",
      "sets": 3,
      "reps": 14,
      "durationSeconds": 58,
      "difficultyLevel": "intermediate"
    }
  ],
  "startDate": "2025-01-27T13:59:38.667410",
  "endDate": null,
  "status": "paused",
  "goals": {
    "primary": "Pain reduction",
    "bodyPart": "Knee",
    "painReduction": "medium"
  },
  "lastUpdated": "2025-01-27T13:59:38.667410",
  "isDynamicallyAdjusted": true
}