{
  "id": "plan_72746",
  "userId": "patient_9776",
  "therapistId": "therapist_2343",
  "title": "Hip Rehabilitation Plan",
  "description": "Personalized rehabilitation plan for Hip recovery",
  "exercises": [
    {
      "id": "ex_hip_1_4691",
      "name": "Hip Exercise 6",
      "description": "Description for hip exercise 6",
      "bodyPart": "Hip",
      "sets": 2,
      "reps": 10,
      "durationSeconds": 50,
      "difficultyLevel": "intermediate"
    },
    {
      "id": "ex_hip_2_6352",
      "name": "Hip Exercise 1",
      "description": "Description for hip exercise 1",
      "bodyPart": "Hip",
      "sets": 3,
      "reps": 12,
      "durationSeconds": 84,
      "difficultyLevel": "intermediate"
    },
    {
      "id": "ex_hip_3_3491",
      "name": "Hip Exercise 3",
      "description": "Description for hip exercise 3",
      "bodyPart": "Hip",
      "sets": 3,
      "reps": 11,
      "durationSeconds": 69,
      "difficultyLevel": "intermediate"
    },
    {
      "id": "ex_hip_4_5404",
      "name": "Hip Exercise 4",
      "description": "Description for hip exercise 4",
      "bodyPart": "Hip",
      "sets": 4,
      "reps": 12,
      "durationSeconds": 34,
      "difficultyLevel": "intermediate"
    },
    {
      "id": "ex_hip_5_1679",
      "name": "Hip Exercise 2",
      "description": "Description for hip exercise 2",
      "bodyPart": "Hip",
      "sets": 3,
      "reps": 13,
      "durationSeconds": 54,
      "difficultyLevel": "intermediate"
    },
    {
      "id": "ex_hip_6_4345",
      "name": "Hip Exercise 5",
      "description": "Description for hip exercise 5",
      "bodyPart": "Hip",
      "sets": 3,
      "reps": 15,
      "durationSeconds": 80,
      "difficultyLevel": "intermediate"
    }
  ],
  "startDate": "2024-05-06T13:59:38.728517",
  "endDate": null,
  "status": "active",
  "goals": {
    "primary": "Improve range of motion",
    "bodyPart": "Hip",
    "painReduction": "medium"
  },
  "lastUpdated": "2024-05-06T13:59:38.728517",
  "isDynamicallyAdjusted": false
}