{
  "id": "plan_98030",
  "userId": "patient_8882",
  "therapistId": "therapist_2230",
  "title": "Wrist Rehabilitation Plan",
  "description": "Personalized rehabilitation plan for Wrist recovery",
  "exercises": [
    {
      "id": "ex_wrist_1_8689",
      "name": "Wrist Exercise 1",
      "description": "Description for wrist exercise 1",
      "bodyPart": "Wrist",
      "sets": 4,
      "reps": 14,
      "durationSeconds": 67,
      "difficultyLevel": "beginner"
    },
    {
      "id": "ex_wrist_2_1803",
      "name": "Wrist Exercise 6",
      "description": "Description for wrist exercise 6",
      "bodyPart": "Wrist",
      "sets": 3,
      "reps": 11,
      "durationSeconds": 67,
      "difficultyLevel": "beginner"
    },
    {
      "id": "ex_wrist_3_2259",
      "name": "Wrist Exercise 3",
      "description": "Description for wrist exercise 3",
      "bodyPart": "Wrist",
      "sets": 3,
      "reps": 14,
      "durationSeconds": 71,
      "difficultyLevel": "beginner"
    },
    {
      "id": "ex_wrist_4_1696",
      "name": "Wrist Exercise 4",
      "description": "Description for wrist exercise 4",
      "bodyPart": "Wrist",
      "sets": 3,
      "reps": 8,
      "durationSeconds": 49,
      "difficultyLevel": "beginner"
    },
    {
      "id": "ex_wrist_5_5926",
      "name": "Wrist Exercise 5",
      "description": "Description for wrist exercise 5",
      "bodyPart": "Wrist",
      "sets": 4,
      "reps": 13,
      "durationSeconds": 36,
      "difficultyLevel": "beginner"
    }
  ],
  "startDate": "2025-03-16T13:59:38.708486",
  "endDate": null,
  "status": "active",
  "goals": {
    "primary": "Prevent re-injury",
    "bodyPart": "Wrist",
    "painReduction": "high"
  },
  "lastUpdated": "2025-03-16T13:59:38.708486",
  "isDynamicallyAdjusted": false
}