{
  "id": "plan_18332",
  "userId": "patient_4931",
  "therapistId": "therapist_3161",
  "title": "Back Rehabilitation Plan",
  "description": "Personalized rehabilitation plan for Back recovery",
  "exercises": [
    {
      "id": "ex_back_1_8607",
      "name": "Back Exercise 5",
      "description": "Description for back exercise 5",
      "bodyPart": "Back",
      "sets": 2,
      "reps": 14,
      "durationSeconds": 57,
      "difficultyLevel": "intermediate"
    },
    {
      "id": "ex_back_2_2443",
      "name": "Back Exercise 4",
      "description": "Description for back exercise 4",
      "bodyPart": "Back",
      "sets": 3,
      "reps": 10,
      "durationSeconds": 43,
      "difficultyLevel": "intermediate"
    },
    {
      "id": "ex_back_3_5843",
      "name": "Back Exercise 2",
      "description": "Description for back exercise 2",
      "bodyPart": "Back",
      "sets": 3,
      "reps": 15,
      "durationSeconds": 54,
      "difficultyLevel": "intermediate"
    },
    {
      "id": "ex_back_4_3091",
      "name": "Back Exercise 3",
      "description": "Description for back exercise 3",
      "bodyPart": "Back",
      "sets": 3,
      "reps": 12,
      "durationSeconds": 30,
      "difficultyLevel": "intermediate"
    }
  ],
  "startDate": "2024-10-21T13:59:38.679936",
  "endDate": null,
  "status": "paused",
  "goals": {
    "primary": "Improve range of motion",
    "bodyPart": "Back",
    "painReduction": "medium"
  },
  "lastUpdated": "2024-10-21T13:59:38.679936",
  "isDynamicallyAdjusted": false
}