{
  "id": "plan_99948",
  "userId": "patient_4771",
  "therapistId": "therapist_8961",
  "title": "Elbow Rehabilitation Plan",
  "description": "Personalized rehabilitation plan for Elbow recovery",
  "exercises": [
    {
      "id": "ex_elbow_1_4202",
      "name": "Elbow Exercise 4",
      "description": "Description for elbow exercise 4",
      "bodyPart": "Elbow",
      "sets": 2,
      "reps": 10,
      "durationSeconds": 67,
      "difficultyLevel": "intermediate"
    },
    {
      "id": "ex_elbow_2_5487",
      "name": "Elbow Exercise 6",
      "description": "Description for elbow exercise 6",
      "bodyPart": "Elbow",
      "sets": 3,
      "reps": 10,
      "durationSeconds": 48,
      "difficultyLevel": "intermediate"
    },
    {
      "id": "ex_elbow_3_8254",
      "name": "Elbow Exercise 1",
      "description": "Description for elbow exercise 1",
      "bodyPart": "Elbow",
      "sets": 4,
      "reps": 10,
      "durationSeconds": 51,
      "difficultyLevel": "intermediate"
    },
    {
      "id": "ex_elbow_4_3133",
      "name": "Elbow Exercise 3",
      "description": "Description for elbow exercise 3",
      "bodyPart": "Elbow",
      "sets": 2,
      "reps": 9,
      "durationSeconds": 47,
      "difficultyLevel": "intermediate"
    },
    {
      "id": "ex_elbow_5_7106",
      "name": "Elbow Exercise 2",
      "description": "Description for elbow exercise 2",
      "bodyPart": "Elbow",
      "sets": 2,
      "reps": 9,
      "durationSeconds": 43,
      "difficultyLevel": "intermediate"
    }
  ],
  "startDate": "2024-10-31T13:59:38.695455",
  "endDate": null,
  "status": "active",
  "goals": {
    "primary": "Pain reduction",
    "bodyPart": "Elbow",
    "painReduction": "medium"
  },
  "lastUpdated": "2024-10-31T13:59:38.695455",
  "isDynamicallyAdjusted": false
}