{
  "id": "plan_29818",
  "userId": "patient_9174",
  "therapistId": "therapist_8142",
  "title": "Knee Rehabilitation Plan",
  "description": "Personalized rehabilitation plan for Knee recovery",
  "exercises": [
    {
      "id": "ex_knee_1_2446",
      "name": "Hamstring Curls",
      "description": "Lie face down and bend your knee, bringing your heel toward your buttock",
      "bodyPart": "Knee",
      "sets": 3,
      "reps": 14,
      "durationSeconds": 61,
      "difficultyLevel": "intermediate"
    },
    {
      "id": "ex_knee_2_5079",
      "name": "Step-Ups",
      "description": "Step up onto a platform with one leg, then the other",
      "bodyPart": "Knee",
      "sets": 4,
      "reps": 11,
      "durationSeconds": 74,
      "difficultyLevel": "intermediate"
    },
    {
      "id": "ex_knee_3_7775",
      "name": "Knee Extensions",
      "description": "Sit in a chair and straighten your knee",
      "bodyPart": "Knee",
      "sets": 4,
      "reps": 11,
      "durationSeconds": 77,
      "difficultyLevel": "intermediate"
    },
    {
      "id": "ex_knee_4_7056",
      "name": "Straight Leg Raises",
      "description": "Lie flat on your back and lift your leg straight up",
      "bodyPart": "Knee",
      "sets": 3,
      "reps": 10,
      "durationSeconds": 79,
      "difficultyLevel": "intermediate"
    },
    {
      "id": "ex_knee_5_2655",
      "name": "Wall Squats",
      "description": "Stand with your back against a wall and bend your knees",
      "bodyPart": "Knee",
      "sets": 3,
      "reps": 8,
      "durationSeconds": 38,
      "difficultyLevel": "intermediate"
    }
  ],
  "startDate": "2025-02-04T13:59:38.661412",
  "endDate": null,
  "status": "active",
  "goals": {
    "primary": "Increase strength",
    "bodyPart": "Knee",
    "painReduction": "medium"
  },
  "lastUpdated": "2025-02-04T13:59:38.661412",
  "isDynamicallyAdjusted": true
}