{
  "id": "plan_82051",
  "userId": "patient_9336",
  "therapistId": "therapist_1776",
  "title": "Neck Rehabilitation Plan",
  "description": "Personalized rehabilitation plan for Neck recovery",
  "exercises": [
    {
      "id": "ex_neck_1_7074",
      "name": "Neck Exercise 1",
      "description": "Description for neck exercise 1",
      "bodyPart": "Neck",
      "sets": 2,
      "reps": 8,
      "durationSeconds": 53,
      "difficultyLevel": "intermediate"
    },
    {
      "id": "ex_neck_2_1417",
      "name": "Neck Exercise 4",
      "description": "Description for neck exercise 4",
      "bodyPart": "Neck",
      "sets": 3,
      "reps": 14,
      "durationSeconds": 48,
      "difficultyLevel": "intermediate"
    },
    {
      "id": "ex_neck_3_7005",
      "name": "Neck Exercise 3",
      "description": "Description for neck exercise 3",
      "bodyPart": "Neck",
      "sets": 3,
      "reps": 10,
      "durationSeconds": 36,
      "difficultyLevel": "intermediate"
    },
    {
      "id": "ex_neck_4_8686",
      "name": "Neck Exercise 6",
      "description": "Description for neck exercise 6",
      "bodyPart": "Neck",
      "sets": 4,
      "reps": 14,
      "durationSeconds": 61,
      "difficultyLevel": "intermediate"
    },
    {
      "id": "ex_neck_5_2998",
      "name": "Neck Exercise 2",
      "description": "Description for neck exercise 2",
      "bodyPart": "Neck",
      "sets": 2,
      "reps": 10,
      "durationSeconds": 39,
      "difficultyLevel": "intermediate"
    }
  ],
  "startDate": "2024-10-24T13:59:38.728517",
  "endDate": null,
  "status": "completed",
  "goals": {
    "primary": "Pain reduction",
    "bodyPart": "Neck",
    "painReduction": "medium"
  },
  "lastUpdated": "2024-10-24T13:59:38.728517",
  "isDynamicallyAdjusted": false
}