{
  "id": "plan_37892",
  "userId": "patient_4687",
  "therapistId": "therapist_7144",
  "title": "Neck Rehabilitation Plan",
  "description": "Personalized rehabilitation plan for Neck recovery",
  "exercises": [
    {
      "id": "ex_neck_1_5960",
      "name": "Neck Exercise 2",
      "description": "Description for neck exercise 2",
      "bodyPart": "Neck",
      "sets": 2,
      "reps": 14,
      "durationSeconds": 56,
      "difficultyLevel": "beginner"
    },
    {
      "id": "ex_neck_2_7743",
      "name": "Neck Exercise 6",
      "description": "Description for neck exercise 6",
      "bodyPart": "Neck",
      "sets": 4,
      "reps": 10,
      "durationSeconds": 52,
      "difficultyLevel": "beginner"
    },
    {
      "id": "ex_neck_3_1652",
      "name": "Neck Exercise 5",
      "description": "Description for neck exercise 5",
      "bodyPart": "Neck",
      "sets": 3,
      "reps": 10,
      "durationSeconds": 85,
      "difficultyLevel": "beginner"
    },
    {
      "id": "ex_neck_4_8650",
      "name": "Neck Exercise 4",
      "description": "Description for neck exercise 4",
      "bodyPart": "Neck",
      "sets": 4,
      "reps": 11,
      "durationSeconds": 33,
      "difficultyLevel": "beginner"
    },
    {
      "id": "ex_neck_5_5276",
      "name": "Neck Exercise 1",
      "description": "Description for neck exercise 1",
      "bodyPart": "Neck",
      "sets": 3,
      "reps": 12,
      "durationSeconds": 45,
      "difficultyLevel": "beginner"
    }
  ],
  "startDate": "2025-01-13T13:59:38.668413",
  "endDate": null,
  "status": "completed",
  "goals": {
    "primary": "Post-surgery recovery",
    "bodyPart": "Neck",
    "painReduction": "high"
  },
  "lastUpdated": "2025-01-13T13:59:38.668413",
  "isDynamicallyAdjusted": true
}