{
  "id": "plan_82141",
  "userId": "patient_1594",
  "therapistId": "therapist_1776",
  "title": "Shoulder Rehabilitation Plan",
  "description": "Personalized rehabilitation plan for Shoulder recovery",
  "exercises": [
    {
      "id": "ex_shoulder_1_5662",
      "name": "Shoulder Flexion",
      "description": "Raise your arm forward and upward",
      "bodyPart": "Shoulder",
      "sets": 2,
      "reps": 15,
      "durationSeconds": 34,
      "difficultyLevel": "intermediate"
    },
    {
      "id": "ex_shoulder_2_9200",
      "name": "Shoulder Abduction",
      "description": "Raise your arm out to the side",
      "bodyPart": "Shoulder",
      "sets": 3,
      "reps": 13,
      "durationSeconds": 82,
      "difficultyLevel": "intermediate"
    },
    {
      "id": "ex_shoulder_3_8033",
      "name": "External Rotation",
      "description": "With elbow at side, rotate arm outward",
      "bodyPart": "Shoulder",
      "sets": 3,
      "reps": 10,
      "durationSeconds": 42,
      "difficultyLevel": "intermediate"
    },
    {
      "id": "ex_shoulder_4_3530",
      "name": "Pendulum Exercise",
      "description": "Lean forward and let your arm hang, make small circles",
      "bodyPart": "Shoulder",
      "sets": 3,
      "reps": 13,
      "durationSeconds": 74,
      "difficultyLevel": "intermediate"
    },
    {
      "id": "ex_shoulder_5_7658",
      "name": "Internal Rotation",
      "description": "With elbow at side, rotate arm inward",
      "bodyPart": "Shoulder",
      "sets": 4,
      "reps": 13,
      "durationSeconds": 50,
      "difficultyLevel": "intermediate"
    }
  ],
  "startDate": "2025-04-13T13:59:38.689456",
  "endDate": null,
  "status": "paused",
  "goals": {
    "primary": "Pain reduction",
    "bodyPart": "Shoulder",
    "painReduction": "medium"
  },
  "lastUpdated": "2025-04-13T13:59:38.689456",
  "isDynamicallyAdjusted": false
}