{
  "id": "plan_52901",
  "userId": "patient_8607",
  "therapistId": "therapist_8799",
  "title": "Back Rehabilitation Plan",
  "description": "Personalized rehabilitation plan for Back recovery",
  "exercises": [
    {
      "id": "ex_back_1_6543",
      "name": "Back Exercise 1",
      "description": "Description for back exercise 1",
      "bodyPart": "Back",
      "sets": 4,
      "reps": 10,
      "durationSeconds": 69,
      "difficultyLevel": "beginner"
    },
    {
      "id": "ex_back_2_5945",
      "name": "Back Exercise 3",
      "description": "Description for back exercise 3",
      "bodyPart": "Back",
      "sets": 2,
      "reps": 14,
      "durationSeconds": 83,
      "difficultyLevel": "beginner"
    },
    {
      "id": "ex_back_3_8572",
      "name": "Back Exercise 2",
      "description": "Description for back exercise 2",
      "bodyPart": "Back",
      "sets": 2,
      "reps": 10,
      "durationSeconds": 39,
      "difficultyLevel": "beginner"
    },
    {
      "id": "ex_back_4_2116",
      "name": "Back Exercise 4",
      "description": "Description for back exercise 4",
      "bodyPart": "Back",
      "sets": 3,
      "reps": 13,
      "durationSeconds": 32,
      "difficultyLevel": "beginner"
    },
    {
      "id": "ex_back_5_9897",
      "name": "Back Exercise 5",
      "description": "Description for back exercise 5",
      "bodyPart": "Back",
      "sets": 3,
      "reps": 15,
      "durationSeconds": 42,
      "difficultyLevel": "beginner"
    }
  ],
  "startDate": "2025-01-23T13:59:38.731028",
  "endDate": null,
  "status": "active",
  "goals": {
    "primary": "Improve daily function",
    "bodyPart": "Back",
    "painReduction": "high"
  },
  "lastUpdated": "2025-01-23T13:59:38.731028",
  "isDynamicallyAdjusted": true
}