{
  "id": "plan_85137",
  "userId": "patient_6499",
  "therapistId": "therapist_8961",
  "title": "Wrist Rehabilitation Plan",
  "description": "Personalized rehabilitation plan for Wrist recovery",
  "exercises": [
    {
      "id": "ex_wrist_1_3759",
      "name": "Wrist Exercise 3",
      "description": "Description for wrist exercise 3",
      "bodyPart": "Wrist",
      "sets": 4,
      "reps": 15,
      "durationSeconds": 42,
      "difficultyLevel": "advanced"
    },
    {
      "id": "ex_wrist_2_8692",
      "name": "Wrist Exercise 2",
      "description": "Description for wrist exercise 2",
      "bodyPart": "Wrist",
      "sets": 2,
      "reps": 12,
      "durationSeconds": 74,
      "difficultyLevel": "advanced"
    },
    {
      "id": "ex_wrist_3_4502",
      "name": "Wrist Exercise 4",
      "description": "Description for wrist exercise 4",
      "bodyPart": "Wrist",
      "sets": 4,
      "reps": 13,
      "durationSeconds": 87,
      "difficultyLevel": "advanced"
    },
    {
      "id": "ex_wrist_4_3449",
      "name": "Wrist Exercise 1",
      "description": "Description for wrist exercise 1",
      "bodyPart": "Wrist",
      "sets": 2,
      "reps": 8,
      "durationSeconds": 73,
      "difficultyLevel": "advanced"
    },
    {
      "id": "ex_wrist_5_1434",
      "name": "Wrist Exercise 5",
      "description": "Description for wrist exercise 5",
      "bodyPart": "Wrist",
      "sets": 4,
      "reps": 8,
      "durationSeconds": 63,
      "difficultyLevel": "advanced"
    },
    {
      "id": "ex_wrist_6_7797",
      "name": "Wrist Exercise 6",
      "description": "Description for wrist exercise 6",
      "bodyPart": "Wrist",
      "sets": 3,
      "reps": 9,
      "durationSeconds": 73,
      "difficultyLevel": "advanced"
    }
  ],
  "startDate": "2024-10-04T13:59:38.709992",
  "endDate": null,
  "status": "active",
  "goals": {
    "primary": "Prevent re-injury",
    "bodyPart": "Wrist",
    "painReduction": "low"
  },
  "lastUpdated": "2024-10-04T13:59:38.709992",
  "isDynamicallyAdjusted": false
}