{
  "id": "plan_98702",
  "userId": "patient_7867",
  "therapistId": "therapist_6083",
  "title": "Ankle Rehabilitation Plan",
  "description": "Personalized rehabilitation plan for Ankle recovery",
  "exercises": [
    {
      "id": "ex_ankle_1_8678",
      "name": "Resistance Band Eversion",
      "description": "Turn foot outward against resistance",
      "bodyPart": "Ankle",
      "sets": 4,
      "reps": 13,
      "durationSeconds": 37,
      "difficultyLevel": "intermediate"
    },
    {
      "id": "ex_ankle_2_8717",
      "name": "Toe Raises",
      "description": "Stand and lift your toes off the ground",
      "bodyPart": "Ankle",
      "sets": 3,
      "reps": 11,
      "durationSeconds": 85,
      "difficultyLevel": "intermediate"
    },
    {
      "id": "ex_ankle_3_7442",
      "name": "Ankle Circles",
      "description": "Rotate your ankle in circles",
      "bodyPart": "Ankle",
      "sets": 3,
      "reps": 13,
      "durationSeconds": 80,
      "difficultyLevel": "intermediate"
    },
    {
      "id": "ex_ankle_4_7939",
      "name": "Ankle Pumps",
      "description": "Move your foot up and down",
      "bodyPart": "Ankle",
      "sets": 4,
      "reps": 10,
      "durationSeconds": 50,
      "difficultyLevel": "intermediate"
    },
    {
      "id": "ex_ankle_5_4148",
      "name": "Heel Raises",
      "description": "Stand and rise up on your toes",
      "bodyPart": "Ankle",
      "sets": 4,
      "reps": 15,
      "durationSeconds": 53,
      "difficultyLevel": "intermediate"
    }
  ],
  "startDate": "2025-02-03T13:59:38.712000",
  "endDate": null,
  "status": "active",
  "goals": {
    "primary": "Increase strength",
    "bodyPart": "Ankle",
    "painReduction": "medium"
  },
  "lastUpdated": "2025-02-03T13:59:38.712000",
  "isDynamicallyAdjusted": false
}