{
  "id": "plan_18308",
  "userId": "patient_7253",
  "therapistId": "therapist_1776",
  "title": "Neck Rehabilitation Plan",
  "description": "Personalized rehabilitation plan for Neck recovery",
  "exercises": [
    {
      "id": "ex_neck_1_4357",
      "name": "Neck Exercise 6",
      "description": "Description for neck exercise 6",
      "bodyPart": "Neck",
      "sets": 2,
      "reps": 8,
      "durationSeconds": 55,
      "difficultyLevel": "advanced"
    },
    {
      "id": "ex_neck_2_5320",
      "name": "Neck Exercise 1",
      "description": "Description for neck exercise 1",
      "bodyPart": "Neck",
      "sets": 2,
      "reps": 12,
      "durationSeconds": 35,
      "difficultyLevel": "advanced"
    },
    {
      "id": "ex_neck_3_7961",
      "name": "Neck Exercise 4",
      "description": "Description for neck exercise 4",
      "bodyPart": "Neck",
      "sets": 3,
      "reps": 9,
      "durationSeconds": 69,
      "difficultyLevel": "advanced"
    },
    {
      "id": "ex_neck_4_4087",
      "name": "Neck Exercise 3",
      "description": "Description for neck exercise 3",
      "bodyPart": "Neck",
      "sets": 2,
      "reps": 13,
      "durationSeconds": 51,
      "difficultyLevel": "advanced"
    }
  ],
  "startDate": "2024-08-04T13:59:38.703984",
  "endDate": null,
  "status": "paused",
  "goals": {
    "primary": "Improve range of motion",
    "bodyPart": "Neck",
    "painReduction": "low"
  },
  "lastUpdated": "2024-08-04T13:59:38.703984",
  "isDynamicallyAdjusted": true
}