{
  "id": "plan_39413",
  "userId": "patient_6258",
  "therapistId": null,
  "title": "Knee Rehabilitation Plan",
  "description": "Personalized rehabilitation plan for Knee recovery",
  "exercises": [
    {
      "id": "ex_knee_1_4374",
      "name": "Hamstring Curls",
      "description": "Lie face down and bend your knee, bringing your heel toward your buttock",
      "bodyPart": "Knee",
      "sets": 3,
      "reps": 15,
      "durationSeconds": 73,
      "difficultyLevel": "intermediate"
    },
    {
      "id": "ex_knee_2_5867",
      "name": "Terminal Knee Extensions",
      "description": "Extend your knee against resistance",
      "bodyPart": "Knee",
      "sets": 2,
      "reps": 12,
      "durationSeconds": 63,
      "difficultyLevel": "intermediate"
    },
    {
      "id": "ex_knee_3_2626",
      "name": "Knee Extensions",
      "description": "Sit in a chair and straighten your knee",
      "bodyPart": "Knee",
      "sets": 2,
      "reps": 15,
      "durationSeconds": 52,
      "difficultyLevel": "intermediate"
    },
    {
      "id": "ex_knee_4_1980",
      "name": "Straight Leg Raises",
      "description": "Lie flat on your back and lift your leg straight up",
      "bodyPart": "Knee",
      "sets": 3,
      "reps": 8,
      "durationSeconds": 49,
      "difficultyLevel": "intermediate"
    },
    {
      "id": "ex_knee_5_3698",
      "name": "Wall Squats",
      "description": "Stand with your back against a wall and bend your knees",
      "bodyPart": "Knee",
      "sets": 4,
      "reps": 10,
      "durationSeconds": 47,
      "difficultyLevel": "intermediate"
    }
  ],
  "startDate": "2025-01-28T13:59:38.725518",
  "endDate": null,
  "status": "paused",
  "goals": {
    "primary": "Post-surgery recovery",
    "bodyPart": "Knee",
    "painReduction": "medium"
  },
  "lastUpdated": "2025-01-28T13:59:38.725518",
  "isDynamicallyAdjusted": true
}