{
  "id": "plan_38533",
  "userId": "patient_5029",
  "therapistId": "therapist_2230",
  "title": "Wrist Rehabilitation Plan",
  "description": "Personalized rehabilitation plan for Wrist recovery",
  "exercises": [
    {
      "id": "ex_wrist_1_7182",
      "name": "Wrist Exercise 5",
      "description": "Description for wrist exercise 5",
      "bodyPart": "Wrist",
      "sets": 2,
      "reps": 9,
      "durationSeconds": 73,
      "difficultyLevel": "beginner"
    },
    {
      "id": "ex_wrist_2_4771",
      "name": "Wrist Exercise 1",
      "description": "Description for wrist exercise 1",
      "bodyPart": "Wrist",
      "sets": 2,
      "reps": 12,
      "durationSeconds": 89,
      "difficultyLevel": "beginner"
    },
    {
      "id": "ex_wrist_3_3333",
      "name": "Wrist Exercise 4",
      "description": "Description for wrist exercise 4",
      "bodyPart": "Wrist",
      "sets": 4,
      "reps": 13,
      "durationSeconds": 79,
      "difficultyLevel": "beginner"
    },
    {
      "id": "ex_wrist_4_6612",
      "name": "Wrist Exercise 3",
      "description": "Description for wrist exercise 3",
      "bodyPart": "Wrist",
      "sets": 3,
      "reps": 12,
      "durationSeconds": 49,
      "difficultyLevel": "beginner"
    },
    {
      "id": "ex_wrist_5_5049",
      "name": "Wrist Exercise 6",
      "description": "Description for wrist exercise 6",
      "bodyPart": "Wrist",
      "sets": 2,
      "reps": 15,
      "durationSeconds": 72,
      "difficultyLevel": "beginner"
    },
    {
      "id": "ex_wrist_6_8467",
      "name": "Wrist Exercise 2",
      "description": "Description for wrist exercise 2",
      "bodyPart": "Wrist",
      "sets": 3,
      "reps": 12,
      "durationSeconds": 53,
      "difficultyLevel": "beginner"
    }
  ],
  "startDate": "2024-06-19T13:59:38.715999",
  "endDate": null,
  "status": "active",
  "goals": {
    "primary": "Post-surgery recovery",
    "bodyPart": "Wrist",
    "painReduction": "high"
  },
  "lastUpdated": "2024-06-19T13:59:38.715999",
  "isDynamicallyAdjusted": false
}