{
  "id": "plan_13559",
  "userId": "patient_5254",
  "therapistId": "therapist_3161",
  "title": "Elbow Rehabilitation Plan",
  "description": "Personalized rehabilitation plan for Elbow recovery",
  "exercises": [
    {
      "id": "ex_elbow_1_7938",
      "name": "Elbow Exercise 6",
      "description": "Description for elbow exercise 6",
      "bodyPart": "Elbow",
      "sets": 4,
      "reps": 12,
      "durationSeconds": 77,
      "difficultyLevel": "advanced"
    },
    {
      "id": "ex_elbow_2_5609",
      "name": "Elbow Exercise 1",
      "description": "Description for elbow exercise 1",
      "bodyPart": "Elbow",
      "sets": 3,
      "reps": 15,
      "durationSeconds": 56,
      "difficultyLevel": "advanced"
    },
    {
      "id": "ex_elbow_3_7006",
      "name": "Elbow Exercise 4",
      "description": "Description for elbow exercise 4",
      "bodyPart": "Elbow",
      "sets": 4,
      "reps": 10,
      "durationSeconds": 43,
      "difficultyLevel": "advanced"
    },
    {
      "id": "ex_elbow_4_6816",
      "name": "Elbow Exercise 5",
      "description": "Description for elbow exercise 5",
      "bodyPart": "Elbow",
      "sets": 3,
      "reps": 14,
      "durationSeconds": 68,
      "difficultyLevel": "advanced"
    },
    {
      "id": "ex_elbow_5_5332",
      "name": "Elbow Exercise 3",
      "description": "Description for elbow exercise 3",
      "bodyPart": "Elbow",
      "sets": 3,
      "reps": 15,
      "durationSeconds": 59,
      "difficultyLevel": "advanced"
    }
  ],
  "startDate": "2024-09-05T13:59:38.701987",
  "endDate": null,
  "status": "completed",
  "goals": {
    "primary": "Post-surgery recovery",
    "bodyPart": "Elbow",
    "painReduction": "low"
  },
  "lastUpdated": "2024-09-05T13:59:38.701987",
  "isDynamicallyAdjusted": false
}