{
  "id": "plan_78954",
  "userId": "patient_5894",
  "therapistId": "therapist_6083",
  "title": "Back Rehabilitation Plan",
  "description": "Personalized rehabilitation plan for Back recovery",
  "exercises": [
    {
      "id": "ex_back_1_5701",
      "name": "Back Exercise 1",
      "description": "Description for back exercise 1",
      "bodyPart": "Back",
      "sets": 4,
      "reps": 13,
      "durationSeconds": 41,
      "difficultyLevel": "beginner"
    },
    {
      "id": "ex_back_2_2319",
      "name": "Back Exercise 4",
      "description": "Description for back exercise 4",
      "bodyPart": "Back",
      "sets": 3,
      "reps": 14,
      "durationSeconds": 31,
      "difficultyLevel": "beginner"
    },
    {
      "id": "ex_back_3_8933",
      "name": "Back Exercise 3",
      "description": "Description for back exercise 3",
      "bodyPart": "Back",
      "sets": 2,
      "reps": 11,
      "durationSeconds": 62,
      "difficultyLevel": "beginner"
    },
    {
      "id": "ex_back_4_7216",
      "name": "Back Exercise 2",
      "description": "Description for back exercise 2",
      "bodyPart": "Back",
      "sets": 3,
      "reps": 12,
      "durationSeconds": 52,
      "difficultyLevel": "beginner"
    },
    {
      "id": "ex_back_5_1070",
      "name": "Back Exercise 6",
      "description": "Description for back exercise 6",
      "bodyPart": "Back",
      "sets": 3,
      "reps": 11,
      "durationSeconds": 84,
      "difficultyLevel": "beginner"
    }
  ],
  "startDate": "2024-04-07T13:59:38.706985",
  "endDate": null,
  "status": "completed",
  "goals": {
    "primary": "Improve daily function",
    "bodyPart": "Back",
    "painReduction": "high"
  },
  "lastUpdated": "2024-04-07T13:59:38.706985",
  "isDynamicallyAdjusted": true
}