{
  "id": "plan_63821",
  "userId": "patient_2011",
  "therapistId": "therapist_2230",
  "title": "Knee Rehabilitation Plan",
  "description": "Personalized rehabilitation plan for Knee recovery",
  "exercises": [
    {
      "id": "ex_knee_1_3506",
      "name": "Step-Ups",
      "description": "Step up onto a platform with one leg, then the other",
      "bodyPart": "Knee",
      "sets": 4,
      "reps": 14,
      "durationSeconds": 41,
      "difficultyLevel": "intermediate"
    },
    {
      "id": "ex_knee_2_3435",
      "name": "Knee Extensions",
      "description": "Sit in a chair and straighten your knee",
      "bodyPart": "Knee",
      "sets": 4,
      "reps": 9,
      "durationSeconds": 62,
      "difficultyLevel": "intermediate"
    },
    {
      "id": "ex_knee_3_5524",
      "name": "Straight Leg Raises",
      "description": "Lie flat on your back and lift your leg straight up",
      "bodyPart": "Knee",
      "sets": 2,
      "reps": 9,
      "durationSeconds": 66,
      "difficultyLevel": "intermediate"
    }
  ],
  "startDate": "2024-09-18T13:59:38.695455",
  "endDate": null,
  "status": "paused",
  "goals": {
    "primary": "Improve range of motion",
    "bodyPart": "Knee",
    "painReduction": "medium"
  },
  "lastUpdated": "2024-09-18T13:59:38.695455",
  "isDynamicallyAdjusted": true
}