{
  "id": "plan_10750",
  "userId": "patient_7120",
  "therapistId": "therapist_2230",
  "title": "Shoulder Rehabilitation Plan",
  "description": "Personalized rehabilitation plan for Shoulder recovery",
  "exercises": [
    {
      "id": "ex_shoulder_1_9838",
      "name": "Pendulum Exercise",
      "description": "Lean forward and let your arm hang, make small circles",
      "bodyPart": "Shoulder",
      "sets": 3,
      "reps": 15,
      "durationSeconds": 41,
      "difficultyLevel": "intermediate"
    },
    {
      "id": "ex_shoulder_2_7326",
      "name": "Shoulder Abduction",
      "description": "Raise your arm out to the side",
      "bodyPart": "Shoulder",
      "sets": 2,
      "reps": 14,
      "durationSeconds": 78,
      "difficultyLevel": "intermediate"
    },
    {
      "id": "ex_shoulder_3_3152",
      "name": "External Rotation",
      "description": "With elbow at side, rotate arm outward",
      "bodyPart": "Shoulder",
      "sets": 4,
      "reps": 10,
      "durationSeconds": 78,
      "difficultyLevel": "intermediate"
    },
    {
      "id": "ex_shoulder_4_2275",
      "name": "Internal Rotation",
      "description": "With elbow at side, rotate arm inward",
      "bodyPart": "Shoulder",
      "sets": 4,
      "reps": 15,
      "durationSeconds": 72,
      "difficultyLevel": "intermediate"
    },
    {
      "id": "ex_shoulder_5_4176",
      "name": "Shoulder Flexion",
      "description": "Raise your arm forward and upward",
      "bodyPart": "Shoulder",
      "sets": 2,
      "reps": 8,
      "durationSeconds": 54,
      "difficultyLevel": "intermediate"
    }
  ],
  "startDate": "2024-07-25T13:59:38.691458",
  "endDate": null,
  "status": "active",
  "goals": {
    "primary": "Improve range of motion",
    "bodyPart": "Shoulder",
    "painReduction": "medium"
  },
  "lastUpdated": "2024-07-25T13:59:38.691458",
  "isDynamicallyAdjusted": true
}