{
  "id": "plan_77535",
  "userId": "patient_7962",
  "therapistId": "therapist_2343",
  "title": "Ankle Rehabilitation Plan",
  "description": "Personalized rehabilitation plan for Ankle recovery",
  "exercises": [
    {
      "id": "ex_ankle_1_2179",
      "name": "Ankle Pumps",
      "description": "Move your foot up and down",
      "bodyPart": "Ankle",
      "sets": 2,
      "reps": 8,
      "durationSeconds": 47,
      "difficultyLevel": "intermediate"
    },
    {
      "id": "ex_ankle_2_8529",
      "name": "Heel Raises",
      "description": "Stand and rise up on your toes",
      "bodyPart": "Ankle",
      "sets": 2,
      "reps": 12,
      "durationSeconds": 41,
      "difficultyLevel": "intermediate"
    },
    {
      "id": "ex_ankle_3_8731",
      "name": "Ankle Circles",
      "description": "Rotate your ankle in circles",
      "bodyPart": "Ankle",
      "sets": 3,
      "reps": 10,
      "durationSeconds": 89,
      "difficultyLevel": "intermediate"
    },
    {
      "id": "ex_ankle_4_6790",
      "name": "Resistance Band Inversion",
      "description": "Turn foot inward against resistance",
      "bodyPart": "Ankle",
      "sets": 3,
      "reps": 9,
      "durationSeconds": 43,
      "difficultyLevel": "intermediate"
    },
    {
      "id": "ex_ankle_5_8802",
      "name": "Resistance Band Eversion",
      "description": "Turn foot outward against resistance",
      "bodyPart": "Ankle",
      "sets": 2,
      "reps": 15,
      "durationSeconds": 40,
      "difficultyLevel": "intermediate"
    }
  ],
  "startDate": "2024-10-28T13:59:38.670412",
  "endDate": null,
  "status": "active",
  "goals": {
    "primary": "Post-surgery recovery",
    "bodyPart": "Ankle",
    "painReduction": "medium"
  },
  "lastUpdated": "2024-10-28T13:59:38.670412",
  "isDynamicallyAdjusted": true
}