{
  "id": "plan_69565",
  "userId": "patient_8373",
  "therapistId": "therapist_8961",
  "title": "Neck Rehabilitation Plan",
  "description": "Personalized rehabilitation plan for Neck recovery",
  "exercises": [
    {
      "id": "ex_neck_1_3212",
      "name": "Neck Exercise 6",
      "description": "Description for neck exercise 6",
      "bodyPart": "Neck",
      "sets": 3,
      "reps": 13,
      "durationSeconds": 59,
      "difficultyLevel": "advanced"
    },
    {
      "id": "ex_neck_2_8520",
      "name": "Neck Exercise 4",
      "description": "Description for neck exercise 4",
      "bodyPart": "Neck",
      "sets": 3,
      "reps": 13,
      "durationSeconds": 41,
      "difficultyLevel": "advanced"
    },
    {
      "id": "ex_neck_3_9259",
      "name": "Neck Exercise 1",
      "description": "Description for neck exercise 1",
      "bodyPart": "Neck",
      "sets": 2,
      "reps": 10,
      "durationSeconds": 90,
      "difficultyLevel": "advanced"
    },
    {
      "id": "ex_neck_4_7793",
      "name": "Neck Exercise 3",
      "description": "Description for neck exercise 3",
      "bodyPart": "Neck",
      "sets": 4,
      "reps": 12,
      "durationSeconds": 84,
      "difficultyLevel": "advanced"
    },
    {
      "id": "ex_neck_5_5380",
      "name": "Neck Exercise 2",
      "description": "Description for neck exercise 2",
      "bodyPart": "Neck",
      "sets": 3,
      "reps": 15,
      "durationSeconds": 58,
      "difficultyLevel": "advanced"
    },
    {
      "id": "ex_neck_6_5578",
      "name": "Neck Exercise 5",
      "description": "Description for neck exercise 5",
      "bodyPart": "Neck",
      "sets": 4,
      "reps": 12,
      "durationSeconds": 31,
      "difficultyLevel": "advanced"
    }
  ],
  "startDate": "2024-11-18T13:59:38.714007",
  "endDate": null,
  "status": "paused",
  "goals": {
    "primary": "Increase strength",
    "bodyPart": "Neck",
    "painReduction": "low"
  },
  "lastUpdated": "2024-11-18T13:59:38.714007",
  "isDynamicallyAdjusted": false
}