{
  "id": "plan_21296",
  "userId": "patient_3107",
  "therapistId": "therapist_3161",
  "title": "Wrist Rehabilitation Plan",
  "description": "Personalized rehabilitation plan for Wrist recovery",
  "exercises": [
    {
      "id": "ex_wrist_1_1045",
      "name": "Wrist Exercise 3",
      "description": "Description for wrist exercise 3",
      "bodyPart": "Wrist",
      "sets": 3,
      "reps": 15,
      "durationSeconds": 80,
      "difficultyLevel": "intermediate"
    },
    {
      "id": "ex_wrist_2_3880",
      "name": "Wrist Exercise 6",
      "description": "Description for wrist exercise 6",
      "bodyPart": "Wrist",
      "sets": 2,
      "reps": 15,
      "durationSeconds": 89,
      "difficultyLevel": "intermediate"
    },
    {
      "id": "ex_wrist_3_3990",
      "name": "Wrist Exercise 1",
      "description": "Description for wrist exercise 1",
      "bodyPart": "Wrist",
      "sets": 2,
      "reps": 8,
      "durationSeconds": 64,
      "difficultyLevel": "intermediate"
    },
    {
      "id": "ex_wrist_4_9911",
      "name": "Wrist Exercise 5",
      "description": "Description for wrist exercise 5",
      "bodyPart": "Wrist",
      "sets": 4,
      "reps": 14,
      "durationSeconds": 63,
      "difficultyLevel": "intermediate"
    },
    {
      "id": "ex_wrist_5_5732",
      "name": "Wrist Exercise 4",
      "description": "Description for wrist exercise 4",
      "bodyPart": "Wrist",
      "sets": 4,
      "reps": 14,
      "durationSeconds": 57,
      "difficultyLevel": "intermediate"
    }
  ],
  "startDate": "2024-11-02T13:59:38.683934",
  "endDate": null,
  "status": "completed",
  "goals": {
    "primary": "Post-surgery recovery",
    "bodyPart": "Wrist",
    "painReduction": "medium"
  },
  "lastUpdated": "2024-11-02T13:59:38.683934",
  "isDynamicallyAdjusted": true
}