{
  "id": "plan_95194",
  "userId": "patient_3729",
  "therapistId": "therapist_6083",
  "title": "Ankle Rehabilitation Plan",
  "description": "Personalized rehabilitation plan for Ankle recovery",
  "exercises": [
    {
      "id": "ex_ankle_1_1628",
      "name": "Resistance Band Eversion",
      "description": "Turn foot outward against resistance",
      "bodyPart": "Ankle",
      "sets": 2,
      "reps": 15,
      "durationSeconds": 88,
      "difficultyLevel": "intermediate"
    },
    {
      "id": "ex_ankle_2_4202",
      "name": "Toe Raises",
      "description": "Stand and lift your toes off the ground",
      "bodyPart": "Ankle",
      "sets": 2,
      "reps": 14,
      "durationSeconds": 49,
      "difficultyLevel": "intermediate"
    },
    {
      "id": "ex_ankle_3_2973",
      "name": "Resistance Band Inversion",
      "description": "Turn foot inward against resistance",
      "bodyPart": "Ankle",
      "sets": 2,
      "reps": 13,
      "durationSeconds": 58,
      "difficultyLevel": "intermediate"
    },
    {
      "id": "ex_ankle_4_7892",
      "name": "Heel Raises",
      "description": "Stand and rise up on your toes",
      "bodyPart": "Ankle",
      "sets": 4,
      "reps": 12,
      "durationSeconds": 74,
      "difficultyLevel": "intermediate"
    },
    {
      "id": "ex_ankle_5_2626",
      "name": "Ankle Circles",
      "description": "Rotate your ankle in circles",
      "bodyPart": "Ankle",
      "sets": 2,
      "reps": 11,
      "durationSeconds": 65,
      "difficultyLevel": "intermediate"
    }
  ],
  "startDate": "2024-11-15T13:59:38.673412",
  "endDate": null,
  "status": "active",
  "goals": {
    "primary": "Post-surgery recovery",
    "bodyPart": "Ankle",
    "painReduction": "medium"
  },
  "lastUpdated": "2024-11-15T13:59:38.673412",
  "isDynamicallyAdjusted": true
}