{
  "id": "plan_72447",
  "userId": "patient_5644",
  "therapistId": "therapist_1776",
  "title": "Back Rehabilitation Plan",
  "description": "Personalized rehabilitation plan for Back recovery",
  "exercises": [
    {
      "id": "ex_back_1_4022",
      "name": "Back Exercise 6",
      "description": "Description for back exercise 6",
      "bodyPart": "Back",
      "sets": 3,
      "reps": 9,
      "durationSeconds": 65,
      "difficultyLevel": "advanced"
    },
    {
      "id": "ex_back_2_9861",
      "name": "Back Exercise 5",
      "description": "Description for back exercise 5",
      "bodyPart": "Back",
      "sets": 3,
      "reps": 8,
      "durationSeconds": 50,
      "difficultyLevel": "advanced"
    },
    {
      "id": "ex_back_3_7344",
      "name": "Back Exercise 4",
      "description": "Description for back exercise 4",
      "bodyPart": "Back",
      "sets": 2,
      "reps": 10,
      "durationSeconds": 49,
      "difficultyLevel": "advanced"
    },
    {
      "id": "ex_back_4_4972",
      "name": "Back Exercise 2",
      "description": "Description for back exercise 2",
      "bodyPart": "Back",
      "sets": 2,
      "reps": 15,
      "durationSeconds": 55,
      "difficultyLevel": "advanced"
    },
    {
      "id": "ex_back_5_7524",
      "name": "Back Exercise 1",
      "description": "Description for back exercise 1",
      "bodyPart": "Back",
      "sets": 4,
      "reps": 14,
      "durationSeconds": 80,
      "difficultyLevel": "advanced"
    },
    {
      "id": "ex_back_6_9877",
      "name": "Back Exercise 3",
      "description": "Description for back exercise 3",
      "bodyPart": "Back",
      "sets": 4,
      "reps": 12,
      "durationSeconds": 33,
      "difficultyLevel": "advanced"
    }
  ],
  "startDate": "2024-11-04T13:59:38.701987",
  "endDate": null,
  "status": "paused",
  "goals": {
    "primary": "Prevent re-injury",
    "bodyPart": "Back",
    "painReduction": "low"
  },
  "lastUpdated": "2024-11-04T13:59:38.701987",
  "isDynamicallyAdjusted": false
}