{
  "id": "plan_13277",
  "userId": "patient_7918",
  "therapistId": "therapist_2343",
  "title": "Shoulder Rehabilitation Plan",
  "description": "Personalized rehabilitation plan for Shoulder recovery",
  "exercises": [
    {
      "id": "ex_shoulder_1_1549",
      "name": "Shoulder Flexion",
      "description": "Raise your arm forward and upward",
      "bodyPart": "Shoulder",
      "sets": 2,
      "reps": 14,
      "durationSeconds": 36,
      "difficultyLevel": "intermediate"
    },
    {
      "id": "ex_shoulder_2_5626",
      "name": "Pendulum Exercise",
      "description": "Lean forward and let your arm hang, make small circles",
      "bodyPart": "Shoulder",
      "sets": 2,
      "reps": 14,
      "durationSeconds": 78,
      "difficultyLevel": "intermediate"
    },
    {
      "id": "ex_shoulder_3_4651",
      "name": "External Rotation",
      "description": "With elbow at side, rotate arm outward",
      "bodyPart": "Shoulder",
      "sets": 2,
      "reps": 11,
      "durationSeconds": 63,
      "difficultyLevel": "intermediate"
    },
    {
      "id": "ex_shoulder_4_2098",
      "name": "Internal Rotation",
      "description": "With elbow at side, rotate arm inward",
      "bodyPart": "Shoulder",
      "sets": 4,
      "reps": 14,
      "durationSeconds": 82,
      "difficultyLevel": "intermediate"
    },
    {
      "id": "ex_shoulder_5_1508",
      "name": "Shoulder Abduction",
      "description": "Raise your arm out to the side",
      "bodyPart": "Shoulder",
      "sets": 4,
      "reps": 13,
      "durationSeconds": 82,
      "difficultyLevel": "intermediate"
    },
    {
      "id": "ex_shoulder_6_1729",
      "name": "Wall Crawl",
      "description": "Face a wall and walk your fingers up the wall",
      "bodyPart": "Shoulder",
      "sets": 3,
      "reps": 9,
      "durationSeconds": 89,
      "difficultyLevel": "intermediate"
    }
  ],
  "startDate": "2024-07-06T13:59:38.676417",
  "endDate": null,
  "status": "paused",
  "goals": {
    "primary": "Pain reduction",
    "bodyPart": "Shoulder",
    "painReduction": "medium"
  },
  "lastUpdated": "2024-07-06T13:59:38.676417",
  "isDynamicallyAdjusted": true
}