{
  "id": "plan_98829",
  "userId": "patient_3729",
  "therapistId": "therapist_8797",
  "title": "Ankle Rehabilitation Plan",
  "description": "Personalized rehabilitation plan for Ankle recovery",
  "exercises": [
    {
      "id": "ex_ankle_1_3393",
      "name": "Resistance Band Eversion",
      "description": "Turn foot outward against resistance",
      "bodyPart": "Ankle",
      "sets": 4,
      "reps": 15,
      "durationSeconds": 62,
      "difficultyLevel": "intermediate"
    },
    {
      "id": "ex_ankle_2_7184",
      "name": "Toe Raises",
      "description": "Stand and lift your toes off the ground",
      "bodyPart": "Ankle",
      "sets": 3,
      "reps": 11,
      "durationSeconds": 57,
      "difficultyLevel": "intermediate"
    },
    {
      "id": "ex_ankle_3_8214",
      "name": "Heel Raises",
      "description": "Stand and rise up on your toes",
      "bodyPart": "Ankle",
      "sets": 3,
      "reps": 11,
      "durationSeconds": 64,
      "difficultyLevel": "intermediate"
    },
    {
      "id": "ex_ankle_4_6321",
      "name": "Resistance Band Inversion",
      "description": "Turn foot inward against resistance",
      "bodyPart": "Ankle",
      "sets": 2,
      "reps": 14,
      "durationSeconds": 39,
      "difficultyLevel": "intermediate"
    },
    {
      "id": "ex_ankle_5_1485",
      "name": "Ankle Pumps",
      "description": "Move your foot up and down",
      "bodyPart": "Ankle",
      "sets": 4,
      "reps": 15,
      "durationSeconds": 44,
      "difficultyLevel": "intermediate"
    }
  ],
  "startDate": "2024-11-22T13:59:38.673412",
  "endDate": null,
  "status": "active",
  "goals": {
    "primary": "Post-surgery recovery",
    "bodyPart": "Ankle",
    "painReduction": "medium"
  },
  "lastUpdated": "2024-11-22T13:59:38.673412",
  "isDynamicallyAdjusted": true
}