{
  "id": "plan_32426",
  "userId": "patient_7982",
  "therapistId": "therapist_2230",
  "title": "Wrist Rehabilitation Plan",
  "description": "Personalized rehabilitation plan for Wrist recovery",
  "exercises": [
    {
      "id": "ex_wrist_1_5114",
      "name": "Wrist Exercise 2",
      "description": "Description for wrist exercise 2",
      "bodyPart": "Wrist",
      "sets": 3,
      "reps": 15,
      "durationSeconds": 59,
      "difficultyLevel": "advanced"
    },
    {
      "id": "ex_wrist_2_7599",
      "name": "Wrist Exercise 3",
      "description": "Description for wrist exercise 3",
      "bodyPart": "Wrist",
      "sets": 3,
      "reps": 9,
      "durationSeconds": 72,
      "difficultyLevel": "advanced"
    },
    {
      "id": "ex_wrist_3_5641",
      "name": "Wrist Exercise 6",
      "description": "Description for wrist exercise 6",
      "bodyPart": "Wrist",
      "sets": 4,
      "reps": 12,
      "durationSeconds": 61,
      "difficultyLevel": "advanced"
    }
  ],
  "startDate": "2024-05-22T13:59:38.729520",
  "endDate": null,
  "status": "active",
  "goals": {
    "primary": "Pain reduction",
    "bodyPart": "Wrist",
    "painReduction": "low"
  },
  "lastUpdated": "2024-05-22T13:59:38.729520",
  "isDynamicallyAdjusted": false
}