{
  "id": "plan_73578",
  "userId": "patient_4056",
  "therapistId": "therapist_8142",
  "title": "Ankle Rehabilitation Plan",
  "description": "Personalized rehabilitation plan for Ankle recovery",
  "exercises": [
    {
      "id": "ex_ankle_1_8219",
      "name": "Ankle Circles",
      "description": "Rotate your ankle in circles",
      "bodyPart": "Ankle",
      "sets": 4,
      "reps": 12,
      "durationSeconds": 65,
      "difficultyLevel": "advanced"
    },
    {
      "id": "ex_ankle_2_1522",
      "name": "Resistance Band Inversion",
      "description": "Turn foot inward against resistance",
      "bodyPart": "Ankle",
      "sets": 2,
      "reps": 8,
      "durationSeconds": 79,
      "difficultyLevel": "advanced"
    },
    {
      "id": "ex_ankle_3_1946",
      "name": "Resistance Band Eversion",
      "description": "Turn foot outward against resistance",
      "bodyPart": "Ankle",
      "sets": 3,
      "reps": 8,
      "durationSeconds": 90,
      "difficultyLevel": "advanced"
    },
    {
      "id": "ex_ankle_4_9560",
      "name": "Toe Raises",
      "description": "Stand and lift your toes off the ground",
      "bodyPart": "Ankle",
      "sets": 4,
      "reps": 13,
      "durationSeconds": 69,
      "difficultyLevel": "advanced"
    }
  ],
  "startDate": "2024-12-12T13:59:38.715999",
  "endDate": null,
  "status": "paused",
  "goals": {
    "primary": "Increase strength",
    "bodyPart": "Ankle",
    "painReduction": "low"
  },
  "lastUpdated": "2024-12-12T13:59:38.715999",
  "isDynamicallyAdjusted": true
}