{
  "id": "plan_70242",
  "userId": "patient_6449",
  "therapistId": "therapist_8799",
  "title": "Wrist Rehabilitation Plan",
  "description": "Personalized rehabilitation plan for Wrist recovery",
  "exercises": [
    {
      "id": "ex_wrist_1_4926",
      "name": "Wrist Exercise 3",
      "description": "Description for wrist exercise 3",
      "bodyPart": "Wrist",
      "sets": 4,
      "reps": 9,
      "durationSeconds": 47,
      "difficultyLevel": "advanced"
    },
    {
      "id": "ex_wrist_2_1782",
      "name": "Wrist Exercise 1",
      "description": "Description for wrist exercise 1",
      "bodyPart": "Wrist",
      "sets": 3,
      "reps": 8,
      "durationSeconds": 63,
      "difficultyLevel": "advanced"
    },
    {
      "id": "ex_wrist_3_2806",
      "name": "Wrist Exercise 6",
      "description": "Description for wrist exercise 6",
      "bodyPart": "Wrist",
      "sets": 3,
      "reps": 14,
      "durationSeconds": 71,
      "difficultyLevel": "advanced"
    },
    {
      "id": "ex_wrist_4_9585",
      "name": "Wrist Exercise 4",
      "description": "Description for wrist exercise 4",
      "bodyPart": "Wrist",
      "sets": 4,
      "reps": 15,
      "durationSeconds": 34,
      "difficultyLevel": "advanced"
    },
    {
      "id": "ex_wrist_5_5596",
      "name": "Wrist Exercise 5",
      "description": "Description for wrist exercise 5",
      "bodyPart": "Wrist",
      "sets": 2,
      "reps": 10,
      "durationSeconds": 88,
      "difficultyLevel": "advanced"
    }
  ],
  "startDate": "2024-10-18T13:59:38.660413",
  "endDate": null,
  "status": "completed",
  "goals": {
    "primary": "Pain reduction",
    "bodyPart": "Wrist",
    "painReduction": "low"
  },
  "lastUpdated": "2024-10-18T13:59:38.660413",
  "isDynamicallyAdjusted": true
}