{
  "id": "plan_11446",
  "userId": "patient_7538",
  "therapistId": "therapist_8797",
  "title": "Wrist Rehabilitation Plan",
  "description": "Personalized rehabilitation plan for Wrist recovery",
  "exercises": [
    {
      "id": "ex_wrist_1_6345",
      "name": "Wrist Exercise 3",
      "description": "Description for wrist exercise 3",
      "bodyPart": "Wrist",
      "sets": 4,
      "reps": 13,
      "durationSeconds": 90,
      "difficultyLevel": "beginner"
    },
    {
      "id": "ex_wrist_2_8488",
      "name": "Wrist Exercise 5",
      "description": "Description for wrist exercise 5",
      "bodyPart": "Wrist",
      "sets": 3,
      "reps": 9,
      "durationSeconds": 88,
      "difficultyLevel": "beginner"
    },
    {
      "id": "ex_wrist_3_3584",
      "name": "Wrist Exercise 2",
      "description": "Description for wrist exercise 2",
      "bodyPart": "Wrist",
      "sets": 3,
      "reps": 12,
      "durationSeconds": 33,
      "difficultyLevel": "beginner"
    },
    {
      "id": "ex_wrist_4_6730",
      "name": "Wrist Exercise 4",
      "description": "Description for wrist exercise 4",
      "bodyPart": "Wrist",
      "sets": 4,
      "reps": 13,
      "durationSeconds": 58,
      "difficultyLevel": "beginner"
    }
  ],
  "startDate": "2025-03-04T13:59:38.712999",
  "endDate": null,
  "status": "completed",
  "goals": {
    "primary": "Prevent re-injury",
    "bodyPart": "Wrist",
    "painReduction": "high"
  },
  "lastUpdated": "2025-03-04T13:59:38.712999",
  "isDynamicallyAdjusted": true
}