{
  "id": "plan_81138",
  "userId": "patient_5254",
  "therapistId": "therapist_8797",
  "title": "Elbow Rehabilitation Plan",
  "description": "Personalized rehabilitation plan for Elbow recovery",
  "exercises": [
    {
      "id": "ex_elbow_1_7813",
      "name": "Elbow Exercise 5",
      "description": "Description for elbow exercise 5",
      "bodyPart": "Elbow",
      "sets": 4,
      "reps": 11,
      "durationSeconds": 71,
      "difficultyLevel": "advanced"
    },
    {
      "id": "ex_elbow_2_5154",
      "name": "Elbow Exercise 4",
      "description": "Description for elbow exercise 4",
      "bodyPart": "Elbow",
      "sets": 2,
      "reps": 12,
      "durationSeconds": 65,
      "difficultyLevel": "advanced"
    },
    {
      "id": "ex_elbow_3_5631",
      "name": "Elbow Exercise 1",
      "description": "Description for elbow exercise 1",
      "bodyPart": "Elbow",
      "sets": 2,
      "reps": 11,
      "durationSeconds": 64,
      "difficultyLevel": "advanced"
    },
    {
      "id": "ex_elbow_4_9194",
      "name": "Elbow Exercise 3",
      "description": "Description for elbow exercise 3",
      "bodyPart": "Elbow",
      "sets": 3,
      "reps": 14,
      "durationSeconds": 38,
      "difficultyLevel": "advanced"
    },
    {
      "id": "ex_elbow_5_1922",
      "name": "Elbow Exercise 6",
      "description": "Description for elbow exercise 6",
      "bodyPart": "Elbow",
      "sets": 4,
      "reps": 13,
      "durationSeconds": 60,
      "difficultyLevel": "advanced"
    }
  ],
  "startDate": "2024-09-10T13:59:38.701987",
  "endDate": null,
  "status": "active",
  "goals": {
    "primary": "Post-surgery recovery",
    "bodyPart": "Elbow",
    "painReduction": "low"
  },
  "lastUpdated": "2024-09-10T13:59:38.701987",
  "isDynamicallyAdjusted": true
}