{
  "id": "plan_73318",
  "userId": "patient_2003",
  "therapistId": "therapist_8142",
  "title": "Back Rehabilitation Plan",
  "description": "Personalized rehabilitation plan for Back recovery",
  "exercises": [
    {
      "id": "ex_back_1_9236",
      "name": "Back Exercise 6",
      "description": "Description for back exercise 6",
      "bodyPart": "Back",
      "sets": 2,
      "reps": 11,
      "durationSeconds": 55,
      "difficultyLevel": "beginner"
    },
    {
      "id": "ex_back_2_7551",
      "name": "Back Exercise 3",
      "description": "Description for back exercise 3",
      "bodyPart": "Back",
      "sets": 3,
      "reps": 15,
      "durationSeconds": 30,
      "difficultyLevel": "beginner"
    },
    {
      "id": "ex_back_3_2752",
      "name": "Back Exercise 4",
      "description": "Description for back exercise 4",
      "bodyPart": "Back",
      "sets": 4,
      "reps": 12,
      "durationSeconds": 76,
      "difficultyLevel": "beginner"
    },
    {
      "id": "ex_back_4_9908",
      "name": "Back Exercise 1",
      "description": "Description for back exercise 1",
      "bodyPart": "Back",
      "sets": 3,
      "reps": 9,
      "durationSeconds": 64,
      "difficultyLevel": "beginner"
    }
  ],
  "startDate": "2024-11-27T13:59:38.680934",
  "endDate": null,
  "status": "completed",
  "goals": {
    "primary": "Return to sports",
    "bodyPart": "Back",
    "painReduction": "high"
  },
  "lastUpdated": "2024-11-27T13:59:38.680934",
  "isDynamicallyAdjusted": true
}