{
  "id": "plan_39780",
  "userId": "patient_5313",
  "therapistId": "therapist_8799",
  "title": "Back Rehabilitation Plan",
  "description": "Personalized rehabilitation plan for Back recovery",
  "exercises": [
    {
      "id": "ex_back_1_2046",
      "name": "Back Exercise 1",
      "description": "Description for back exercise 1",
      "bodyPart": "Back",
      "sets": 3,
      "reps": 11,
      "durationSeconds": 72,
      "difficultyLevel": "advanced"
    },
    {
      "id": "ex_back_2_4023",
      "name": "Back Exercise 3",
      "description": "Description for back exercise 3",
      "bodyPart": "Back",
      "sets": 3,
      "reps": 10,
      "durationSeconds": 52,
      "difficultyLevel": "advanced"
    },
    {
      "id": "ex_back_3_2567",
      "name": "Back Exercise 6",
      "description": "Description for back exercise 6",
      "bodyPart": "Back",
      "sets": 3,
      "reps": 10,
      "durationSeconds": 70,
      "difficultyLevel": "advanced"
    },
    {
      "id": "ex_back_4_4443",
      "name": "Back Exercise 4",
      "description": "Description for back exercise 4",
      "bodyPart": "Back",
      "sets": 4,
      "reps": 9,
      "durationSeconds": 86,
      "difficultyLevel": "advanced"
    },
    {
      "id": "ex_back_5_9382",
      "name": "Back Exercise 2",
      "description": "Description for back exercise 2",
      "bodyPart": "Back",
      "sets": 4,
      "reps": 15,
      "durationSeconds": 41,
      "difficultyLevel": "advanced"
    },
    {
      "id": "ex_back_6_7347",
      "name": "Back Exercise 5",
      "description": "Description for back exercise 5",
      "bodyPart": "Back",
      "sets": 2,
      "reps": 12,
      "durationSeconds": 89,
      "difficultyLevel": "advanced"
    }
  ],
  "startDate": "2024-10-12T13:59:38.719000",
  "endDate": null,
  "status": "paused",
  "goals": {
    "primary": "Improve daily function",
    "bodyPart": "Back",
    "painReduction": "low"
  },
  "lastUpdated": "2024-10-12T13:59:38.719000",
  "isDynamicallyAdjusted": false
}