{
  "id": "plan_94745",
  "userId": "patient_1571",
  "therapistId": "therapist_3161",
  "title": "Ankle Rehabilitation Plan",
  "description": "Personalized rehabilitation plan for Ankle recovery",
  "exercises": [
    {
      "id": "ex_ankle_1_3120",
      "name": "Toe Raises",
      "description": "Stand and lift your toes off the ground",
      "bodyPart": "Ankle",
      "sets": 4,
      "reps": 13,
      "durationSeconds": 62,
      "difficultyLevel": "beginner"
    },
    {
      "id": "ex_ankle_2_3460",
      "name": "Ankle Circles",
      "description": "Rotate your ankle in circles",
      "bodyPart": "Ankle",
      "sets": 2,
      "reps": 9,
      "durationSeconds": 85,
      "difficultyLevel": "beginner"
    },
    {
      "id": "ex_ankle_3_2270",
      "name": "Resistance Band Inversion",
      "description": "Turn foot inward against resistance",
      "bodyPart": "Ankle",
      "sets": 3,
      "reps": 14,
      "durationSeconds": 89,
      "difficultyLevel": "beginner"
    },
    {
      "id": "ex_ankle_4_4289",
      "name": "Resistance Band Eversion",
      "description": "Turn foot outward against resistance",
      "bodyPart": "Ankle",
      "sets": 2,
      "reps": 13,
      "durationSeconds": 85,
      "difficultyLevel": "beginner"
    },
    {
      "id": "ex_ankle_5_2155",
      "name": "Ankle Pumps",
      "description": "Move your foot up and down",
      "bodyPart": "Ankle",
      "sets": 4,
      "reps": 15,
      "durationSeconds": 34,
      "difficultyLevel": "beginner"
    }
  ],
  "startDate": "2025-01-10T13:59:38.721518",
  "endDate": null,
  "status": "paused",
  "goals": {
    "primary": "Increase strength",
    "bodyPart": "Ankle",
    "painReduction": "high"
  },
  "lastUpdated": "2025-01-10T13:59:38.721518",
  "isDynamicallyAdjusted": true
}