{
  "id": "plan_78739",
  "userId": "patient_4351",
  "therapistId": null,
  "title": "Shoulder Rehabilitation Plan",
  "description": "Personalized rehabilitation plan for Shoulder recovery",
  "exercises": [
    {
      "id": "ex_shoulder_1_5322",
      "name": "Pendulum Exercise",
      "description": "Lean forward and let your arm hang, make small circles",
      "bodyPart": "Shoulder",
      "sets": 3,
      "reps": 11,
      "durationSeconds": 43,
      "difficultyLevel": "advanced"
    },
    {
      "id": "ex_shoulder_2_4977",
      "name": "Shoulder Flexion",
      "description": "Raise your arm forward and upward",
      "bodyPart": "Shoulder",
      "sets": 4,
      "reps": 14,
      "durationSeconds": 60,
      "difficultyLevel": "advanced"
    },
    {
      "id": "ex_shoulder_3_8769",
      "name": "Internal Rotation",
      "description": "With elbow at side, rotate arm inward",
      "bodyPart": "Shoulder",
      "sets": 3,
      "reps": 13,
      "durationSeconds": 84,
      "difficultyLevel": "advanced"
    },
    {
      "id": "ex_shoulder_4_7821",
      "name": "Shoulder Abduction",
      "description": "Raise your arm out to the side",
      "bodyPart": "Shoulder",
      "sets": 2,
      "reps": 12,
      "durationSeconds": 67,
      "difficultyLevel": "advanced"
    },
    {
      "id": "ex_shoulder_5_6676",
      "name": "Wall Crawl",
      "description": "Face a wall and walk your fingers up the wall",
      "bodyPart": "Shoulder",
      "sets": 2,
      "reps": 8,
      "durationSeconds": 66,
      "difficultyLevel": "advanced"
    },
    {
      "id": "ex_shoulder_6_1712",
      "name": "External Rotation",
      "description": "With elbow at side, rotate arm outward",
      "bodyPart": "Shoulder",
      "sets": 4,
      "reps": 9,
      "durationSeconds": 80,
      "difficultyLevel": "advanced"
    }
  ],
  "startDate": "2025-03-17T13:59:38.684932",
  "endDate": null,
  "status": "completed",
  "goals": {
    "primary": "Increase strength",
    "bodyPart": "Shoulder",
    "painReduction": "low"
  },
  "lastUpdated": "2025-03-17T13:59:38.684932",
  "isDynamicallyAdjusted": true
}