{
  "id": "plan_46871",
  "userId": "patient_7662",
  "therapistId": null,
  "title": "Elbow Rehabilitation Plan",
  "description": "Personalized rehabilitation plan for Elbow recovery",
  "exercises": [
    {
      "id": "ex_elbow_1_4952",
      "name": "Elbow Exercise 6",
      "description": "Description for elbow exercise 6",
      "bodyPart": "Elbow",
      "sets": 3,
      "reps": 12,
      "durationSeconds": 73,
      "difficultyLevel": "beginner"
    },
    {
      "id": "ex_elbow_2_2412",
      "name": "Elbow Exercise 5",
      "description": "Description for elbow exercise 5",
      "bodyPart": "Elbow",
      "sets": 4,
      "reps": 10,
      "durationSeconds": 78,
      "difficultyLevel": "beginner"
    },
    {
      "id": "ex_elbow_3_3837",
      "name": "Elbow Exercise 4",
      "description": "Description for elbow exercise 4",
      "bodyPart": "Elbow",
      "sets": 4,
      "reps": 13,
      "durationSeconds": 58,
      "difficultyLevel": "beginner"
    },
    {
      "id": "ex_elbow_4_8272",
      "name": "Elbow Exercise 3",
      "description": "Description for elbow exercise 3",
      "bodyPart": "Elbow",
      "sets": 4,
      "reps": 8,
      "durationSeconds": 64,
      "difficultyLevel": "beginner"
    }
  ],
  "startDate": "2025-03-04T13:59:38.678933",
  "endDate": null,
  "status": "paused",
  "goals": {
    "primary": "Post-surgery recovery",
    "bodyPart": "Elbow",
    "painReduction": "high"
  },
  "lastUpdated": "2025-03-04T13:59:38.678933",
  "isDynamicallyAdjusted": true
}