{
  "id": "plan_24141",
  "userId": "patient_2003",
  "therapistId": "therapist_7144",
  "title": "Back Rehabilitation Plan",
  "description": "Personalized rehabilitation plan for Back recovery",
  "exercises": [
    {
      "id": "ex_back_1_9769",
      "name": "Back Exercise 5",
      "description": "Description for back exercise 5",
      "bodyPart": "Back",
      "sets": 3,
      "reps": 12,
      "durationSeconds": 60,
      "difficultyLevel": "beginner"
    },
    {
      "id": "ex_back_2_7248",
      "name": "Back Exercise 3",
      "description": "Description for back exercise 3",
      "bodyPart": "Back",
      "sets": 4,
      "reps": 14,
      "durationSeconds": 65,
      "difficultyLevel": "beginner"
    },
    {
      "id": "ex_back_3_4761",
      "name": "Back Exercise 4",
      "description": "Description for back exercise 4",
      "bodyPart": "Back",
      "sets": 3,
      "reps": 12,
      "durationSeconds": 74,
      "difficultyLevel": "beginner"
    },
    {
      "id": "ex_back_4_8037",
      "name": "Back Exercise 6",
      "description": "Description for back exercise 6",
      "bodyPart": "Back",
      "sets": 4,
      "reps": 13,
      "durationSeconds": 85,
      "difficultyLevel": "beginner"
    }
  ],
  "startDate": "2024-12-09T13:59:38.680934",
  "endDate": null,
  "status": "active",
  "goals": {
    "primary": "Return to sports",
    "bodyPart": "Back",
    "painReduction": "high"
  },
  "lastUpdated": "2024-12-09T13:59:38.680934",
  "isDynamicallyAdjusted": true
}