{
  "id": "plan_72024",
  "userId": "patient_6083",
  "therapistId": "therapist_6083",
  "title": "Knee Rehabilitation Plan",
  "description": "Personalized rehabilitation plan for Knee recovery",
  "exercises": [
    {
      "id": "ex_knee_1_5631",
      "name": "Wall Squats",
      "description": "Stand with your back against a wall and bend your knees",
      "bodyPart": "Knee",
      "sets": 2,
      "reps": 15,
      "durationSeconds": 34,
      "difficultyLevel": "advanced"
    },
    {
      "id": "ex_knee_2_1579",
      "name": "Hamstring Curls",
      "description": "Lie face down and bend your knee, bringing your heel toward your buttock",
      "bodyPart": "Knee",
      "sets": 4,
      "reps": 10,
      "durationSeconds": 69,
      "difficultyLevel": "advanced"
    },
    {
      "id": "ex_knee_3_1733",
      "name": "Terminal Knee Extensions",
      "description": "Extend your knee against resistance",
      "bodyPart": "Knee",
      "sets": 3,
      "reps": 14,
      "durationSeconds": 85,
      "difficultyLevel": "advanced"
    },
    {
      "id": "ex_knee_4_9632",
      "name": "Straight Leg Raises",
      "description": "Lie flat on your back and lift your leg straight up",
      "bodyPart": "Knee",
      "sets": 4,
      "reps": 8,
      "durationSeconds": 70,
      "difficultyLevel": "advanced"
    },
    {
      "id": "ex_knee_5_3038",
      "name": "Knee Extensions",
      "description": "Sit in a chair and straighten your knee",
      "bodyPart": "Knee",
      "sets": 3,
      "reps": 9,
      "durationSeconds": 71,
      "difficultyLevel": "advanced"
    }
  ],
  "startDate": "2024-05-28T13:59:38.722518",
  "endDate": null,
  "status": "completed",
  "goals": {
    "primary": "Improve daily function",
    "bodyPart": "Knee",
    "painReduction": "low"
  },
  "lastUpdated": "2024-05-28T13:59:38.722518",
  "isDynamicallyAdjusted": true
}