{
  "id": "plan_85277",
  "userId": "patient_3221",
  "therapistId": "therapist_2343",
  "title": "Elbow Rehabilitation Plan",
  "description": "Personalized rehabilitation plan for Elbow recovery",
  "exercises": [
    {
      "id": "ex_elbow_1_8976",
      "name": "Elbow Exercise 6",
      "description": "Description for elbow exercise 6",
      "bodyPart": "Elbow",
      "sets": 2,
      "reps": 13,
      "durationSeconds": 37,
      "difficultyLevel": "beginner"
    },
    {
      "id": "ex_elbow_2_1694",
      "name": "Elbow Exercise 3",
      "description": "Description for elbow exercise 3",
      "bodyPart": "Elbow",
      "sets": 3,
      "reps": 12,
      "durationSeconds": 81,
      "difficultyLevel": "beginner"
    },
    {
      "id": "ex_elbow_3_4158",
      "name": "Elbow Exercise 5",
      "description": "Description for elbow exercise 5",
      "bodyPart": "Elbow",
      "sets": 4,
      "reps": 13,
      "durationSeconds": 65,
      "difficultyLevel": "beginner"
    }
  ],
  "startDate": "2024-11-21T13:59:38.669413",
  "endDate": null,
  "status": "active",
  "goals": {
    "primary": "Prevent re-injury",
    "bodyPart": "Elbow",
    "painReduction": "high"
  },
  "lastUpdated": "2024-11-21T13:59:38.669413",
  "isDynamicallyAdjusted": true
}