{
  "id": "plan_68906",
  "userId": "patient_1860",
  "therapistId": "therapist_8797",
  "title": "Wrist Rehabilitation Plan",
  "description": "Personalized rehabilitation plan for Wrist recovery",
  "exercises": [
    {
      "id": "ex_wrist_1_9234",
      "name": "Wrist Exercise 4",
      "description": "Description for wrist exercise 4",
      "bodyPart": "Wrist",
      "sets": 3,
      "reps": 11,
      "durationSeconds": 30,
      "difficultyLevel": "beginner"
    },
    {
      "id": "ex_wrist_2_5739",
      "name": "Wrist Exercise 6",
      "description": "Description for wrist exercise 6",
      "bodyPart": "Wrist",
      "sets": 2,
      "reps": 14,
      "durationSeconds": 50,
      "difficultyLevel": "beginner"
    },
    {
      "id": "ex_wrist_3_1269",
      "name": "Wrist Exercise 1",
      "description": "Description for wrist exercise 1",
      "bodyPart": "Wrist",
      "sets": 3,
      "reps": 8,
      "durationSeconds": 87,
      "difficultyLevel": "beginner"
    },
    {
      "id": "ex_wrist_4_8734",
      "name": "Wrist Exercise 3",
      "description": "Description for wrist exercise 3",
      "bodyPart": "Wrist",
      "sets": 3,
      "reps": 15,
      "durationSeconds": 53,
      "difficultyLevel": "beginner"
    }
  ],
  "startDate": "2024-10-10T13:59:38.667410",
  "endDate": null,
  "status": "active",
  "goals": {
    "primary": "Return to sports",
    "bodyPart": "Wrist",
    "painReduction": "high"
  },
  "lastUpdated": "2024-10-10T13:59:38.667410",
  "isDynamicallyAdjusted": true
}