{
  "id": "plan_78877",
  "userId": "patient_9027",
  "therapistId": "therapist_8797",
  "title": "Elbow Rehabilitation Plan",
  "description": "Personalized rehabilitation plan for Elbow recovery",
  "exercises": [
    {
      "id": "ex_elbow_1_1083",
      "name": "Elbow Exercise 5",
      "description": "Description for elbow exercise 5",
      "bodyPart": "Elbow",
      "sets": 2,
      "reps": 15,
      "durationSeconds": 41,
      "difficultyLevel": "beginner"
    },
    {
      "id": "ex_elbow_2_3661",
      "name": "Elbow Exercise 6",
      "description": "Description for elbow exercise 6",
      "bodyPart": "Elbow",
      "sets": 2,
      "reps": 12,
      "durationSeconds": 64,
      "difficultyLevel": "beginner"
    },
    {
      "id": "ex_elbow_3_1074",
      "name": "Elbow Exercise 3",
      "description": "Description for elbow exercise 3",
      "bodyPart": "Elbow",
      "sets": 4,
      "reps": 11,
      "durationSeconds": 43,
      "difficultyLevel": "beginner"
    }
  ],
  "startDate": "2024-05-03T13:59:38.689456",
  "endDate": null,
  "status": "active",
  "goals": {
    "primary": "Improve range of motion",
    "bodyPart": "Elbow",
    "painReduction": "high"
  },
  "lastUpdated": "2024-05-03T13:59:38.689456",
  "isDynamicallyAdjusted": true
}