{
  "id": "plan_11821",
  "userId": "patient_5760",
  "therapistId": "therapist_8797",
  "title": "Shoulder Rehabilitation Plan",
  "description": "Personalized rehabilitation plan for Shoulder recovery",
  "exercises": [
    {
      "id": "ex_shoulder_1_3674",
      "name": "Internal Rotation",
      "description": "With elbow at side, rotate arm inward",
      "bodyPart": "Shoulder",
      "sets": 4,
      "reps": 14,
      "durationSeconds": 87,
      "difficultyLevel": "intermediate"
    },
    {
      "id": "ex_shoulder_2_6765",
      "name": "Wall Crawl",
      "description": "Face a wall and walk your fingers up the wall",
      "bodyPart": "Shoulder",
      "sets": 3,
      "reps": 15,
      "durationSeconds": 71,
      "difficultyLevel": "intermediate"
    },
    {
      "id": "ex_shoulder_3_6368",
      "name": "Shoulder Flexion",
      "description": "Raise your arm forward and upward",
      "bodyPart": "Shoulder",
      "sets": 2,
      "reps": 12,
      "durationSeconds": 58,
      "difficultyLevel": "intermediate"
    },
    {
      "id": "ex_shoulder_4_5109",
      "name": "External Rotation",
      "description": "With elbow at side, rotate arm outward",
      "bodyPart": "Shoulder",
      "sets": 4,
      "reps": 10,
      "durationSeconds": 41,
      "difficultyLevel": "intermediate"
    },
    {
      "id": "ex_shoulder_5_6258",
      "name": "Shoulder Abduction",
      "description": "Raise your arm out to the side",
      "bodyPart": "Shoulder",
      "sets": 3,
      "reps": 15,
      "durationSeconds": 35,
      "difficultyLevel": "intermediate"
    },
    {
      "id": "ex_shoulder_6_4509",
      "name": "Pendulum Exercise",
      "description": "Lean forward and let your arm hang, make small circles",
      "bodyPart": "Shoulder",
      "sets": 3,
      "reps": 13,
      "durationSeconds": 66,
      "difficultyLevel": "intermediate"
    }
  ],
  "startDate": "2024-06-17T13:59:38.711002",
  "endDate": null,
  "status": "paused",
  "goals": {
    "primary": "Improve range of motion",
    "bodyPart": "Shoulder",
    "painReduction": "medium"
  },
  "lastUpdated": "2024-06-17T13:59:38.711002",
  "isDynamicallyAdjusted": true
}