{
  "id": "plan_54456",
  "userId": "patient_2273",
  "therapistId": null,
  "title": "Elbow Rehabilitation Plan",
  "description": "Personalized rehabilitation plan for Elbow recovery",
  "exercises": [
    {
      "id": "ex_elbow_1_1742",
      "name": "Elbow Exercise 4",
      "description": "Description for elbow exercise 4",
      "bodyPart": "Elbow",
      "sets": 2,
      "reps": 13,
      "durationSeconds": 59,
      "difficultyLevel": "beginner"
    },
    {
      "id": "ex_elbow_2_4755",
      "name": "Elbow Exercise 5",
      "description": "Description for elbow exercise 5",
      "bodyPart": "Elbow",
      "sets": 4,
      "reps": 10,
      "durationSeconds": 41,
      "difficultyLevel": "beginner"
    },
    {
      "id": "ex_elbow_3_6113",
      "name": "Elbow Exercise 3",
      "description": "Description for elbow exercise 3",
      "bodyPart": "Elbow",
      "sets": 2,
      "reps": 9,
      "durationSeconds": 59,
      "difficultyLevel": "beginner"
    },
    {
      "id": "ex_elbow_4_1950",
      "name": "Elbow Exercise 2",
      "description": "Description for elbow exercise 2",
      "bodyPart": "Elbow",
      "sets": 4,
      "reps": 14,
      "durationSeconds": 46,
      "difficultyLevel": "beginner"
    },
    {
      "id": "ex_elbow_5_6600",
      "name": "Elbow Exercise 1",
      "description": "Description for elbow exercise 1",
      "bodyPart": "Elbow",
      "sets": 3,
      "reps": 13,
      "durationSeconds": 65,
      "difficultyLevel": "beginner"
    }
  ],
  "startDate": "2024-06-04T13:59:38.704984",
  "endDate": null,
  "status": "active",
  "goals": {
    "primary": "Post-surgery recovery",
    "bodyPart": "Elbow",
    "painReduction": "high"
  },
  "lastUpdated": "2024-06-04T13:59:38.704984",
  "isDynamicallyAdjusted": true
}