{
  "id": "plan_38410",
  "userId": "patient_8239",
  "therapistId": "therapist_8142",
  "title": "Back Rehabilitation Plan",
  "description": "Personalized rehabilitation plan for Back recovery",
  "exercises": [
    {
      "id": "ex_back_1_9137",
      "name": "Back Exercise 3",
      "description": "Description for back exercise 3",
      "bodyPart": "Back",
      "sets": 4,
      "reps": 8,
      "durationSeconds": 37,
      "difficultyLevel": "advanced"
    },
    {
      "id": "ex_back_2_7433",
      "name": "Back Exercise 1",
      "description": "Description for back exercise 1",
      "bodyPart": "Back",
      "sets": 2,
      "reps": 15,
      "durationSeconds": 83,
      "difficultyLevel": "advanced"
    },
    {
      "id": "ex_back_3_6307",
      "name": "Back Exercise 6",
      "description": "Description for back exercise 6",
      "bodyPart": "Back",
      "sets": 4,
      "reps": 14,
      "durationSeconds": 50,
      "difficultyLevel": "advanced"
    },
    {
      "id": "ex_back_4_7902",
      "name": "Back Exercise 5",
      "description": "Description for back exercise 5",
      "bodyPart": "Back",
      "sets": 2,
      "reps": 8,
      "durationSeconds": 70,
      "difficultyLevel": "advanced"
    },
    {
      "id": "ex_back_5_7538",
      "name": "Back Exercise 4",
      "description": "Description for back exercise 4",
      "bodyPart": "Back",
      "sets": 2,
      "reps": 12,
      "durationSeconds": 82,
      "difficultyLevel": "advanced"
    }
  ],
  "startDate": "2025-01-16T13:59:38.673412",
  "endDate": null,
  "status": "active",
  "goals": {
    "primary": "Post-surgery recovery",
    "bodyPart": "Back",
    "painReduction": "low"
  },
  "lastUpdated": "2025-01-16T13:59:38.673412",
  "isDynamicallyAdjusted": false
}