{
  "id": "plan_94943",
  "userId": "patient_9910",
  "therapistId": "therapist_2230",
  "title": "Neck Rehabilitation Plan",
  "description": "Personalized rehabilitation plan for Neck recovery",
  "exercises": [
    {
      "id": "ex_neck_1_1669",
      "name": "Neck Exercise 2",
      "description": "Description for neck exercise 2",
      "bodyPart": "Neck",
      "sets": 3,
      "reps": 15,
      "durationSeconds": 63,
      "difficultyLevel": "advanced"
    },
    {
      "id": "ex_neck_2_1165",
      "name": "Neck Exercise 5",
      "description": "Description for neck exercise 5",
      "bodyPart": "Neck",
      "sets": 2,
      "reps": 12,
      "durationSeconds": 57,
      "difficultyLevel": "advanced"
    },
    {
      "id": "ex_neck_3_7258",
      "name": "Neck Exercise 6",
      "description": "Description for neck exercise 6",
      "bodyPart": "Neck",
      "sets": 2,
      "reps": 13,
      "durationSeconds": 59,
      "difficultyLevel": "advanced"
    },
    {
      "id": "ex_neck_4_7263",
      "name": "Neck Exercise 3",
      "description": "Description for neck exercise 3",
      "bodyPart": "Neck",
      "sets": 2,
      "reps": 10,
      "durationSeconds": 48,
      "difficultyLevel": "advanced"
    },
    {
      "id": "ex_neck_5_4718",
      "name": "Neck Exercise 1",
      "description": "Description for neck exercise 1",
      "bodyPart": "Neck",
      "sets": 3,
      "reps": 9,
      "durationSeconds": 31,
      "difficultyLevel": "advanced"
    }
  ],
  "startDate": "2024-06-24T13:59:38.723516",
  "endDate": null,
  "status": "paused",
  "goals": {
    "primary": "Improve daily function",
    "bodyPart": "Neck",
    "painReduction": "low"
  },
  "lastUpdated": "2024-06-24T13:59:38.723516",
  "isDynamicallyAdjusted": false
}