{
  "id": "plan_33430",
  "userId": "patient_6449",
  "therapistId": "therapist_2343",
  "title": "Wrist Rehabilitation Plan",
  "description": "Personalized rehabilitation plan for Wrist recovery",
  "exercises": [
    {
      "id": "ex_wrist_1_7723",
      "name": "Wrist Exercise 6",
      "description": "Description for wrist exercise 6",
      "bodyPart": "Wrist",
      "sets": 3,
      "reps": 12,
      "durationSeconds": 48,
      "difficultyLevel": "advanced"
    },
    {
      "id": "ex_wrist_2_4554",
      "name": "Wrist Exercise 4",
      "description": "Description for wrist exercise 4",
      "bodyPart": "Wrist",
      "sets": 4,
      "reps": 12,
      "durationSeconds": 77,
      "difficultyLevel": "advanced"
    },
    {
      "id": "ex_wrist_3_1262",
      "name": "Wrist Exercise 5",
      "description": "Description for wrist exercise 5",
      "bodyPart": "Wrist",
      "sets": 2,
      "reps": 9,
      "durationSeconds": 60,
      "difficultyLevel": "advanced"
    },
    {
      "id": "ex_wrist_4_5446",
      "name": "Wrist Exercise 1",
      "description": "Description for wrist exercise 1",
      "bodyPart": "Wrist",
      "sets": 3,
      "reps": 12,
      "durationSeconds": 89,
      "difficultyLevel": "advanced"
    },
    {
      "id": "ex_wrist_5_6834",
      "name": "Wrist Exercise 3",
      "description": "Description for wrist exercise 3",
      "bodyPart": "Wrist",
      "sets": 4,
      "reps": 10,
      "durationSeconds": 84,
      "difficultyLevel": "advanced"
    }
  ],
  "startDate": "2024-10-18T13:59:38.660413",
  "endDate": null,
  "status": "active",
  "goals": {
    "primary": "Pain reduction",
    "bodyPart": "Wrist",
    "painReduction": "low"
  },
  "lastUpdated": "2024-10-18T13:59:38.660413",
  "isDynamicallyAdjusted": true
}