{
  "id": "plan_58012",
  "userId": "patient_2260",
  "therapistId": "therapist_8797",
  "title": "Ankle Rehabilitation Plan",
  "description": "Personalized rehabilitation plan for Ankle recovery",
  "exercises": [
    {
      "id": "ex_ankle_1_2128",
      "name": "Ankle Pumps",
      "description": "Move your foot up and down",
      "bodyPart": "Ankle",
      "sets": 4,
      "reps": 9,
      "durationSeconds": 51,
      "difficultyLevel": "intermediate"
    },
    {
      "id": "ex_ankle_2_8545",
      "name": "Resistance Band Inversion",
      "description": "Turn foot inward against resistance",
      "bodyPart": "Ankle",
      "sets": 4,
      "reps": 8,
      "durationSeconds": 39,
      "difficultyLevel": "intermediate"
    },
    {
      "id": "ex_ankle_3_2664",
      "name": "Resistance Band Eversion",
      "description": "Turn foot outward against resistance",
      "bodyPart": "Ankle",
      "sets": 3,
      "reps": 13,
      "durationSeconds": 71,
      "difficultyLevel": "intermediate"
    },
    {
      "id": "ex_ankle_4_8608",
      "name": "Heel Raises",
      "description": "Stand and rise up on your toes",
      "bodyPart": "Ankle",
      "sets": 2,
      "reps": 11,
      "durationSeconds": 64,
      "difficultyLevel": "intermediate"
    },
    {
      "id": "ex_ankle_5_1794",
      "name": "Toe Raises",
      "description": "Stand and lift your toes off the ground",
      "bodyPart": "Ankle",
      "sets": 2,
      "reps": 11,
      "durationSeconds": 58,
      "difficultyLevel": "intermediate"
    },
    {
      "id": "ex_ankle_6_2408",
      "name": "Ankle Circles",
      "description": "Rotate your ankle in circles",
      "bodyPart": "Ankle",
      "sets": 4,
      "reps": 15,
      "durationSeconds": 84,
      "difficultyLevel": "intermediate"
    }
  ],
  "startDate": "2024-12-26T13:59:38.729520",
  "endDate": null,
  "status": "active",
  "goals": {
    "primary": "Improve range of motion",
    "bodyPart": "Ankle",
    "painReduction": "medium"
  },
  "lastUpdated": "2024-12-26T13:59:38.729520",
  "isDynamicallyAdjusted": false
}