{
  "id": "plan_47319",
  "userId": "patient_2813",
  "therapistId": "therapist_2230",
  "title": "Ankle Rehabilitation Plan",
  "description": "Personalized rehabilitation plan for Ankle recovery",
  "exercises": [
    {
      "id": "ex_ankle_1_6124",
      "name": "Ankle Circles",
      "description": "Rotate your ankle in circles",
      "bodyPart": "Ankle",
      "sets": 2,
      "reps": 15,
      "durationSeconds": 45,
      "difficultyLevel": "advanced"
    },
    {
      "id": "ex_ankle_2_5854",
      "name": "Heel Raises",
      "description": "Stand and rise up on your toes",
      "bodyPart": "Ankle",
      "sets": 2,
      "reps": 14,
      "durationSeconds": 32,
      "difficultyLevel": "advanced"
    },
    {
      "id": "ex_ankle_3_4142",
      "name": "Resistance Band Inversion",
      "description": "Turn foot inward against resistance",
      "bodyPart": "Ankle",
      "sets": 4,
      "reps": 15,
      "durationSeconds": 84,
      "difficultyLevel": "advanced"
    }
  ],
  "startDate": "2025-01-06T13:59:38.686938",
  "endDate": null,
  "status": "paused",
  "goals": {
    "primary": "Improve daily function",
    "bodyPart": "Ankle",
    "painReduction": "low"
  },
  "lastUpdated": "2025-01-06T13:59:38.686938",
  "isDynamicallyAdjusted": true
}