{
  "id": "plan_25565",
  "userId": "patient_3844",
  "therapistId": "therapist_1776",
  "title": "Shoulder Rehabilitation Plan",
  "description": "Personalized rehabilitation plan for Shoulder recovery",
  "exercises": [
    {
      "id": "ex_shoulder_1_4472",
      "name": "Shoulder Abduction",
      "description": "Raise your arm out to the side",
      "bodyPart": "Shoulder",
      "sets": 2,
      "reps": 8,
      "durationSeconds": 69,
      "difficultyLevel": "beginner"
    },
    {
      "id": "ex_shoulder_2_1083",
      "name": "Internal Rotation",
      "description": "With elbow at side, rotate arm inward",
      "bodyPart": "Shoulder",
      "sets": 4,
      "reps": 9,
      "durationSeconds": 55,
      "difficultyLevel": "beginner"
    },
    {
      "id": "ex_shoulder_3_7608",
      "name": "Shoulder Flexion",
      "description": "Raise your arm forward and upward",
      "bodyPart": "Shoulder",
      "sets": 3,
      "reps": 8,
      "durationSeconds": 79,
      "difficultyLevel": "beginner"
    },
    {
      "id": "ex_shoulder_4_3581",
      "name": "Wall Crawl",
      "description": "Face a wall and walk your fingers up the wall",
      "bodyPart": "Shoulder",
      "sets": 4,
      "reps": 15,
      "durationSeconds": 74,
      "difficultyLevel": "beginner"
    },
    {
      "id": "ex_shoulder_5_6123",
      "name": "Pendulum Exercise",
      "description": "Lean forward and let your arm hang, make small circles",
      "bodyPart": "Shoulder",
      "sets": 3,
      "reps": 12,
      "durationSeconds": 61,
      "difficultyLevel": "beginner"
    },
    {
      "id": "ex_shoulder_6_3848",
      "name": "External Rotation",
      "description": "With elbow at side, rotate arm outward",
      "bodyPart": "Shoulder",
      "sets": 3,
      "reps": 12,
      "durationSeconds": 74,
      "difficultyLevel": "beginner"
    }
  ],
  "startDate": "2024-09-22T13:59:38.681936",
  "endDate": null,
  "status": "paused",
  "goals": {
    "primary": "Improve range of motion",
    "bodyPart": "Shoulder",
    "painReduction": "high"
  },
  "lastUpdated": "2024-09-22T13:59:38.681936",
  "isDynamicallyAdjusted": false
}