{
  "id": "plan_39913",
  "userId": "patient_8373",
  "therapistId": "therapist_2343",
  "title": "Neck Rehabilitation Plan",
  "description": "Personalized rehabilitation plan for Neck recovery",
  "exercises": [
    {
      "id": "ex_neck_1_9689",
      "name": "Neck Exercise 6",
      "description": "Description for neck exercise 6",
      "bodyPart": "Neck",
      "sets": 2,
      "reps": 12,
      "durationSeconds": 63,
      "difficultyLevel": "advanced"
    },
    {
      "id": "ex_neck_2_7728",
      "name": "Neck Exercise 4",
      "description": "Description for neck exercise 4",
      "bodyPart": "Neck",
      "sets": 2,
      "reps": 15,
      "durationSeconds": 50,
      "difficultyLevel": "advanced"
    },
    {
      "id": "ex_neck_3_1572",
      "name": "Neck Exercise 2",
      "description": "Description for neck exercise 2",
      "bodyPart": "Neck",
      "sets": 3,
      "reps": 8,
      "durationSeconds": 53,
      "difficultyLevel": "advanced"
    },
    {
      "id": "ex_neck_4_5180",
      "name": "Neck Exercise 3",
      "description": "Description for neck exercise 3",
      "bodyPart": "Neck",
      "sets": 3,
      "reps": 14,
      "durationSeconds": 51,
      "difficultyLevel": "advanced"
    }
  ],
  "startDate": "2024-11-05T13:59:38.714007",
  "endDate": null,
  "status": "paused",
  "goals": {
    "primary": "Increase strength",
    "bodyPart": "Neck",
    "painReduction": "low"
  },
  "lastUpdated": "2024-11-05T13:59:38.714007",
  "isDynamicallyAdjusted": false
}