{
  "id": "plan_60010",
  "userId": "patient_5319",
  "therapistId": null,
  "title": "Knee Rehabilitation Plan",
  "description": "Personalized rehabilitation plan for Knee recovery",
  "exercises": [
    {
      "id": "ex_knee_1_8194",
      "name": "Straight Leg Raises",
      "description": "Lie flat on your back and lift your leg straight up",
      "bodyPart": "Knee",
      "sets": 3,
      "reps": 15,
      "durationSeconds": 40,
      "difficultyLevel": "advanced"
    },
    {
      "id": "ex_knee_2_1712",
      "name": "Wall Squats",
      "description": "Stand with your back against a wall and bend your knees",
      "bodyPart": "Knee",
      "sets": 2,
      "reps": 8,
      "durationSeconds": 50,
      "difficultyLevel": "advanced"
    },
    {
      "id": "ex_knee_3_7026",
      "name": "Terminal Knee Extensions",
      "description": "Extend your knee against resistance",
      "bodyPart": "Knee",
      "sets": 4,
      "reps": 15,
      "durationSeconds": 49,
      "difficultyLevel": "advanced"
    },
    {
      "id": "ex_knee_4_6001",
      "name": "Knee Extensions",
      "description": "Sit in a chair and straighten your knee",
      "bodyPart": "Knee",
      "sets": 4,
      "reps": 15,
      "durationSeconds": 72,
      "difficultyLevel": "advanced"
    },
    {
      "id": "ex_knee_5_5780",
      "name": "Hamstring Curls",
      "description": "Lie face down and bend your knee, bringing your heel toward your buttock",
      "bodyPart": "Knee",
      "sets": 2,
      "reps": 13,
      "durationSeconds": 42,
      "difficultyLevel": "advanced"
    }
  ],
  "startDate": "2024-06-01T13:59:38.719000",
  "endDate": null,
  "status": "paused",
  "goals": {
    "primary": "Improve range of motion",
    "bodyPart": "Knee",
    "painReduction": "low"
  },
  "lastUpdated": "2024-06-01T13:59:38.719000",
  "isDynamicallyAdjusted": false
}