{
  "id": "plan_26766",
  "userId": "patient_1918",
  "therapistId": "therapist_2343",
  "title": "Knee Rehabilitation Plan",
  "description": "Personalized rehabilitation plan for Knee recovery",
  "exercises": [
    {
      "id": "ex_knee_1_8260",
      "name": "Step-Ups",
      "description": "Step up onto a platform with one leg, then the other",
      "bodyPart": "Knee",
      "sets": 4,
      "reps": 11,
      "durationSeconds": 34,
      "difficultyLevel": "intermediate"
    },
    {
      "id": "ex_knee_2_4447",
      "name": "Straight Leg Raises",
      "description": "Lie flat on your back and lift your leg straight up",
      "bodyPart": "Knee",
      "sets": 4,
      "reps": 15,
      "durationSeconds": 36,
      "difficultyLevel": "intermediate"
    },
    {
      "id": "ex_knee_3_7397",
      "name": "Hamstring Curls",
      "description": "Lie face down and bend your knee, bringing your heel toward your buttock",
      "bodyPart": "Knee",
      "sets": 3,
      "reps": 9,
      "durationSeconds": 53,
      "difficultyLevel": "intermediate"
    },
    {
      "id": "ex_knee_4_7067",
      "name": "Knee Extensions",
      "description": "Sit in a chair and straighten your knee",
      "bodyPart": "Knee",
      "sets": 2,
      "reps": 13,
      "durationSeconds": 41,
      "difficultyLevel": "intermediate"
    }
  ],
  "startDate": "2024-11-26T13:59:38.702986",
  "endDate": null,
  "status": "completed",
  "goals": {
    "primary": "Improve range of motion",
    "bodyPart": "Knee",
    "painReduction": "medium"
  },
  "lastUpdated": "2024-11-26T13:59:38.702986",
  "isDynamicallyAdjusted": false
}