{
  "id": "plan_60225",
  "userId": "patient_7573",
  "therapistId": "therapist_8799",
  "title": "Wrist Rehabilitation Plan",
  "description": "Personalized rehabilitation plan for Wrist recovery",
  "exercises": [
    {
      "id": "ex_wrist_1_8283",
      "name": "Wrist Exercise 4",
      "description": "Description for wrist exercise 4",
      "bodyPart": "Wrist",
      "sets": 2,
      "reps": 10,
      "durationSeconds": 53,
      "difficultyLevel": "advanced"
    },
    {
      "id": "ex_wrist_2_1470",
      "name": "Wrist Exercise 1",
      "description": "Description for wrist exercise 1",
      "bodyPart": "Wrist",
      "sets": 3,
      "reps": 9,
      "durationSeconds": 88,
      "difficultyLevel": "advanced"
    },
    {
      "id": "ex_wrist_3_7489",
      "name": "Wrist Exercise 2",
      "description": "Description for wrist exercise 2",
      "bodyPart": "Wrist",
      "sets": 4,
      "reps": 9,
      "durationSeconds": 72,
      "difficultyLevel": "advanced"
    },
    {
      "id": "ex_wrist_4_4791",
      "name": "Wrist Exercise 5",
      "description": "Description for wrist exercise 5",
      "bodyPart": "Wrist",
      "sets": 3,
      "reps": 9,
      "durationSeconds": 63,
      "difficultyLevel": "advanced"
    },
    {
      "id": "ex_wrist_5_4314",
      "name": "Wrist Exercise 3",
      "description": "Description for wrist exercise 3",
      "bodyPart": "Wrist",
      "sets": 3,
      "reps": 13,
      "durationSeconds": 76,
      "difficultyLevel": "advanced"
    },
    {
      "id": "ex_wrist_6_6606",
      "name": "Wrist Exercise 6",
      "description": "Description for wrist exercise 6",
      "bodyPart": "Wrist",
      "sets": 3,
      "reps": 13,
      "durationSeconds": 56,
      "difficultyLevel": "advanced"
    }
  ],
  "startDate": "2025-02-01T13:59:38.714007",
  "endDate": null,
  "status": "completed",
  "goals": {
    "primary": "Pain reduction",
    "bodyPart": "Wrist",
    "painReduction": "low"
  },
  "lastUpdated": "2025-02-01T13:59:38.714007",
  "isDynamicallyAdjusted": true
}