{
  "id": "plan_14869",
  "userId": "patient_2011",
  "therapistId": "therapist_2343",
  "title": "Knee Rehabilitation Plan",
  "description": "Personalized rehabilitation plan for Knee recovery",
  "exercises": [
    {
      "id": "ex_knee_1_7004",
      "name": "Knee Extensions",
      "description": "Sit in a chair and straighten your knee",
      "bodyPart": "Knee",
      "sets": 4,
      "reps": 12,
      "durationSeconds": 64,
      "difficultyLevel": "intermediate"
    },
    {
      "id": "ex_knee_2_6329",
      "name": "Straight Leg Raises",
      "description": "Lie flat on your back and lift your leg straight up",
      "bodyPart": "Knee",
      "sets": 3,
      "reps": 8,
      "durationSeconds": 87,
      "difficultyLevel": "intermediate"
    },
    {
      "id": "ex_knee_3_8887",
      "name": "Step-Ups",
      "description": "Step up onto a platform with one leg, then the other",
      "bodyPart": "Knee",
      "sets": 2,
      "reps": 14,
      "durationSeconds": 63,
      "difficultyLevel": "intermediate"
    }
  ],
  "startDate": "2024-10-07T13:59:38.695455",
  "endDate": null,
  "status": "completed",
  "goals": {
    "primary": "Improve range of motion",
    "bodyPart": "Knee",
    "painReduction": "medium"
  },
  "lastUpdated": "2024-10-07T13:59:38.695455",
  "isDynamicallyAdjusted": true
}