{
  "id": "plan_54819",
  "userId": "patient_9336",
  "therapistId": "therapist_2230",
  "title": "Neck Rehabilitation Plan",
  "description": "Personalized rehabilitation plan for Neck recovery",
  "exercises": [
    {
      "id": "ex_neck_1_5864",
      "name": "Neck Exercise 5",
      "description": "Description for neck exercise 5",
      "bodyPart": "Neck",
      "sets": 2,
      "reps": 9,
      "durationSeconds": 71,
      "difficultyLevel": "intermediate"
    },
    {
      "id": "ex_neck_2_3968",
      "name": "Neck Exercise 6",
      "description": "Description for neck exercise 6",
      "bodyPart": "Neck",
      "sets": 3,
      "reps": 8,
      "durationSeconds": 44,
      "difficultyLevel": "intermediate"
    },
    {
      "id": "ex_neck_3_2260",
      "name": "Neck Exercise 2",
      "description": "Description for neck exercise 2",
      "bodyPart": "Neck",
      "sets": 2,
      "reps": 12,
      "durationSeconds": 49,
      "difficultyLevel": "intermediate"
    },
    {
      "id": "ex_neck_4_3918",
      "name": "Neck Exercise 4",
      "description": "Description for neck exercise 4",
      "bodyPart": "Neck",
      "sets": 2,
      "reps": 8,
      "durationSeconds": 61,
      "difficultyLevel": "intermediate"
    },
    {
      "id": "ex_neck_5_7396",
      "name": "Neck Exercise 1",
      "description": "Description for neck exercise 1",
      "bodyPart": "Neck",
      "sets": 2,
      "reps": 15,
      "durationSeconds": 60,
      "difficultyLevel": "intermediate"
    }
  ],
  "startDate": "2024-11-02T13:59:38.728517",
  "endDate": null,
  "status": "active",
  "goals": {
    "primary": "Pain reduction",
    "bodyPart": "Neck",
    "painReduction": "medium"
  },
  "lastUpdated": "2024-11-02T13:59:38.728517",
  "isDynamicallyAdjusted": false
}