{
  "id": "plan_84750",
  "userId": "patient_1365",
  "therapistId": "therapist_8142",
  "title": "Neck Rehabilitation Plan",
  "description": "Personalized rehabilitation plan for Neck recovery",
  "exercises": [
    {
      "id": "ex_neck_1_1243",
      "name": "Neck Exercise 5",
      "description": "Description for neck exercise 5",
      "bodyPart": "Neck",
      "sets": 4,
      "reps": 15,
      "durationSeconds": 32,
      "difficultyLevel": "advanced"
    },
    {
      "id": "ex_neck_2_2245",
      "name": "Neck Exercise 3",
      "description": "Description for neck exercise 3",
      "bodyPart": "Neck",
      "sets": 2,
      "reps": 9,
      "durationSeconds": 65,
      "difficultyLevel": "advanced"
    },
    {
      "id": "ex_neck_3_7752",
      "name": "Neck Exercise 4",
      "description": "Description for neck exercise 4",
      "bodyPart": "Neck",
      "sets": 2,
      "reps": 15,
      "durationSeconds": 68,
      "difficultyLevel": "advanced"
    }
  ],
  "startDate": "2024-11-15T13:59:38.670412",
  "endDate": null,
  "status": "paused",
  "goals": {
    "primary": "Improve range of motion",
    "bodyPart": "Neck",
    "painReduction": "low"
  },
  "lastUpdated": "2024-11-15T13:59:38.670412",
  "isDynamicallyAdjusted": false
}