{
  "id": "plan_95882",
  "userId": "patient_5204",
  "therapistId": "therapist_6083",
  "title": "Ankle Rehabilitation Plan",
  "description": "Personalized rehabilitation plan for Ankle recovery",
  "exercises": [
    {
      "id": "ex_ankle_1_7209",
      "name": "Ankle Circles",
      "description": "Rotate your ankle in circles",
      "bodyPart": "Ankle",
      "sets": 3,
      "reps": 9,
      "durationSeconds": 63,
      "difficultyLevel": "advanced"
    },
    {
      "id": "ex_ankle_2_6017",
      "name": "Resistance Band Eversion",
      "description": "Turn foot outward against resistance",
      "bodyPart": "Ankle",
      "sets": 3,
      "reps": 15,
      "durationSeconds": 31,
      "difficultyLevel": "advanced"
    },
    {
      "id": "ex_ankle_3_9294",
      "name": "Resistance Band Inversion",
      "description": "Turn foot inward against resistance",
      "bodyPart": "Ankle",
      "sets": 4,
      "reps": 13,
      "durationSeconds": 59,
      "difficultyLevel": "advanced"
    }
  ],
  "startDate": "2024-04-28T13:59:38.674414",
  "endDate": null,
  "status": "completed",
  "goals": {
    "primary": "Prevent re-injury",
    "bodyPart": "Ankle",
    "painReduction": "low"
  },
  "lastUpdated": "2024-04-28T13:59:38.674414",
  "isDynamicallyAdjusted": true
}