{
  "id": "plan_51881",
  "userId": "patient_2660",
  "therapistId": "therapist_6083",
  "title": "Hip Rehabilitation Plan",
  "description": "Personalized rehabilitation plan for Hip recovery",
  "exercises": [
    {
      "id": "ex_hip_1_9187",
      "name": "Hip Exercise 4",
      "description": "Description for hip exercise 4",
      "bodyPart": "Hip",
      "sets": 4,
      "reps": 10,
      "durationSeconds": 50,
      "difficultyLevel": "intermediate"
    },
    {
      "id": "ex_hip_2_5721",
      "name": "Hip Exercise 5",
      "description": "Description for hip exercise 5",
      "bodyPart": "Hip",
      "sets": 2,
      "reps": 9,
      "durationSeconds": 30,
      "difficultyLevel": "intermediate"
    },
    {
      "id": "ex_hip_3_6811",
      "name": "Hip Exercise 1",
      "description": "Description for hip exercise 1",
      "bodyPart": "Hip",
      "sets": 4,
      "reps": 12,
      "durationSeconds": 59,
      "difficultyLevel": "intermediate"
    },
    {
      "id": "ex_hip_4_6328",
      "name": "Hip Exercise 2",
      "description": "Description for hip exercise 2",
      "bodyPart": "Hip",
      "sets": 2,
      "reps": 13,
      "durationSeconds": 57,
      "difficultyLevel": "intermediate"
    },
    {
      "id": "ex_hip_5_6587",
      "name": "Hip Exercise 3",
      "description": "Description for hip exercise 3",
      "bodyPart": "Hip",
      "sets": 4,
      "reps": 14,
      "durationSeconds": 56,
      "difficultyLevel": "intermediate"
    }
  ],
  "startDate": "2025-03-05T13:59:38.694458",
  "endDate": null,
  "status": "paused",
  "goals": {
    "primary": "Pain reduction",
    "bodyPart": "Hip",
    "painReduction": "medium"
  },
  "lastUpdated": "2025-03-05T13:59:38.694458",
  "isDynamicallyAdjusted": true
}