{
  "id": "plan_90250",
  "userId": "patient_5888",
  "therapistId": "therapist_2343",
  "title": "Wrist Rehabilitation Plan",
  "description": "Personalized rehabilitation plan for Wrist recovery",
  "exercises": [
    {
      "id": "ex_wrist_1_7775",
      "name": "Wrist Exercise 1",
      "description": "Description for wrist exercise 1",
      "bodyPart": "Wrist",
      "sets": 4,
      "reps": 8,
      "durationSeconds": 76,
      "difficultyLevel": "beginner"
    },
    {
      "id": "ex_wrist_2_5011",
      "name": "Wrist Exercise 4",
      "description": "Description for wrist exercise 4",
      "bodyPart": "Wrist",
      "sets": 3,
      "reps": 15,
      "durationSeconds": 35,
      "difficultyLevel": "beginner"
    },
    {
      "id": "ex_wrist_3_6972",
      "name": "Wrist Exercise 5",
      "description": "Description for wrist exercise 5",
      "bodyPart": "Wrist",
      "sets": 4,
      "reps": 13,
      "durationSeconds": 59,
      "difficultyLevel": "beginner"
    }
  ],
  "startDate": "2024-10-26T13:59:38.671412",
  "endDate": null,
  "status": "active",
  "goals": {
    "primary": "Prevent re-injury",
    "bodyPart": "Wrist",
    "painReduction": "high"
  },
  "lastUpdated": "2024-10-26T13:59:38.671412",
  "isDynamicallyAdjusted": true
}