{
  "id": "plan_74406",
  "userId": "patient_5319",
  "therapistId": "therapist_8799",
  "title": "Knee Rehabilitation Plan",
  "description": "Personalized rehabilitation plan for Knee recovery",
  "exercises": [
    {
      "id": "ex_knee_1_9078",
      "name": "Hamstring Curls",
      "description": "Lie face down and bend your knee, bringing your heel toward your buttock",
      "bodyPart": "Knee",
      "sets": 2,
      "reps": 13,
      "durationSeconds": 37,
      "difficultyLevel": "advanced"
    },
    {
      "id": "ex_knee_2_1299",
      "name": "Knee Extensions",
      "description": "Sit in a chair and straighten your knee",
      "bodyPart": "Knee",
      "sets": 2,
      "reps": 14,
      "durationSeconds": 67,
      "difficultyLevel": "advanced"
    },
    {
      "id": "ex_knee_3_6917",
      "name": "Straight Leg Raises",
      "description": "Lie flat on your back and lift your leg straight up",
      "bodyPart": "Knee",
      "sets": 3,
      "reps": 11,
      "durationSeconds": 70,
      "difficultyLevel": "advanced"
    },
    {
      "id": "ex_knee_4_9620",
      "name": "Wall Squats",
      "description": "Stand with your back against a wall and bend your knees",
      "bodyPart": "Knee",
      "sets": 2,
      "reps": 14,
      "durationSeconds": 55,
      "difficultyLevel": "advanced"
    },
    {
      "id": "ex_knee_5_6042",
      "name": "Terminal Knee Extensions",
      "description": "Extend your knee against resistance",
      "bodyPart": "Knee",
      "sets": 4,
      "reps": 8,
      "durationSeconds": 33,
      "difficultyLevel": "advanced"
    }
  ],
  "startDate": "2024-06-08T13:59:38.719000",
  "endDate": null,
  "status": "active",
  "goals": {
    "primary": "Improve range of motion",
    "bodyPart": "Knee",
    "painReduction": "low"
  },
  "lastUpdated": "2024-06-08T13:59:38.719000",
  "isDynamicallyAdjusted": false
}