{
  "id": "plan_48593",
  "userId": "patient_5649",
  "therapistId": "therapist_8797",
  "title": "Knee Rehabilitation Plan",
  "description": "Personalized rehabilitation plan for Knee recovery",
  "exercises": [
    {
      "id": "ex_knee_1_5232",
      "name": "Step-Ups",
      "description": "Step up onto a platform with one leg, then the other",
      "bodyPart": "Knee",
      "sets": 4,
      "reps": 11,
      "durationSeconds": 68,
      "difficultyLevel": "beginner"
    },
    {
      "id": "ex_knee_2_4736",
      "name": "Hamstring Curls",
      "description": "Lie face down and bend your knee, bringing your heel toward your buttock",
      "bodyPart": "Knee",
      "sets": 3,
      "reps": 13,
      "durationSeconds": 73,
      "difficultyLevel": "beginner"
    },
    {
      "id": "ex_knee_3_4320",
      "name": "Straight Leg Raises",
      "description": "Lie flat on your back and lift your leg straight up",
      "bodyPart": "Knee",
      "sets": 2,
      "reps": 8,
      "durationSeconds": 84,
      "difficultyLevel": "beginner"
    },
    {
      "id": "ex_knee_4_7001",
      "name": "Terminal Knee Extensions",
      "description": "Extend your knee against resistance",
      "bodyPart": "Knee",
      "sets": 4,
      "reps": 15,
      "durationSeconds": 77,
      "difficultyLevel": "beginner"
    },
    {
      "id": "ex_knee_5_2828",
      "name": "Wall Squats",
      "description": "Stand with your back against a wall and bend your knees",
      "bodyPart": "Knee",
      "sets": 4,
      "reps": 14,
      "durationSeconds": 47,
      "difficultyLevel": "beginner"
    }
  ],
  "startDate": "2024-05-15T13:59:38.697977",
  "endDate": null,
  "status": "active",
  "goals": {
    "primary": "Improve range of motion",
    "bodyPart": "Knee",
    "painReduction": "high"
  },
  "lastUpdated": "2024-05-15T13:59:38.697977",
  "isDynamicallyAdjusted": true
}