{
  "id": "plan_70154",
  "userId": "patient_3441",
  "therapistId": "therapist_3161",
  "title": "Elbow Rehabilitation Plan",
  "description": "Personalized rehabilitation plan for Elbow recovery",
  "exercises": [
    {
      "id": "ex_elbow_1_4050",
      "name": "Elbow Exercise 3",
      "description": "Description for elbow exercise 3",
      "bodyPart": "Elbow",
      "sets": 2,
      "reps": 14,
      "durationSeconds": 39,
      "difficultyLevel": "intermediate"
    },
    {
      "id": "ex_elbow_2_1937",
      "name": "Elbow Exercise 4",
      "description": "Description for elbow exercise 4",
      "bodyPart": "Elbow",
      "sets": 4,
      "reps": 11,
      "durationSeconds": 49,
      "difficultyLevel": "intermediate"
    },
    {
      "id": "ex_elbow_3_4240",
      "name": "Elbow Exercise 2",
      "description": "Description for elbow exercise 2",
      "bodyPart": "Elbow",
      "sets": 3,
      "reps": 15,
      "durationSeconds": 53,
      "difficultyLevel": "intermediate"
    },
    {
      "id": "ex_elbow_4_3270",
      "name": "Elbow Exercise 1",
      "description": "Description for elbow exercise 1",
      "bodyPart": "Elbow",
      "sets": 4,
      "reps": 14,
      "durationSeconds": 40,
      "difficultyLevel": "intermediate"
    },
    {
      "id": "ex_elbow_5_9810",
      "name": "Elbow Exercise 5",
      "description": "Description for elbow exercise 5",
      "bodyPart": "Elbow",
      "sets": 2,
      "reps": 15,
      "durationSeconds": 71,
      "difficultyLevel": "intermediate"
    }
  ],
  "startDate": "2024-05-30T13:59:38.688446",
  "endDate": null,
  "status": "completed",
  "goals": {
    "primary": "Prevent re-injury",
    "bodyPart": "Elbow",
    "painReduction": "medium"
  },
  "lastUpdated": "2024-05-30T13:59:38.688446",
  "isDynamicallyAdjusted": true
}