{
  "id": "plan_60660",
  "userId": "patient_5319",
  "therapistId": "therapist_3161",
  "title": "Knee Rehabilitation Plan",
  "description": "Personalized rehabilitation plan for Knee recovery",
  "exercises": [
    {
      "id": "ex_knee_1_8925",
      "name": "Terminal Knee Extensions",
      "description": "Extend your knee against resistance",
      "bodyPart": "Knee",
      "sets": 2,
      "reps": 10,
      "durationSeconds": 75,
      "difficultyLevel": "advanced"
    },
    {
      "id": "ex_knee_2_1089",
      "name": "Straight Leg Raises",
      "description": "Lie flat on your back and lift your leg straight up",
      "bodyPart": "Knee",
      "sets": 2,
      "reps": 8,
      "durationSeconds": 31,
      "difficultyLevel": "advanced"
    },
    {
      "id": "ex_knee_3_8016",
      "name": "Step-Ups",
      "description": "Step up onto a platform with one leg, then the other",
      "bodyPart": "Knee",
      "sets": 3,
      "reps": 12,
      "durationSeconds": 79,
      "difficultyLevel": "advanced"
    },
    {
      "id": "ex_knee_4_5502",
      "name": "Knee Extensions",
      "description": "Sit in a chair and straighten your knee",
      "bodyPart": "Knee",
      "sets": 3,
      "reps": 9,
      "durationSeconds": 72,
      "difficultyLevel": "advanced"
    },
    {
      "id": "ex_knee_5_3381",
      "name": "Wall Squats",
      "description": "Stand with your back against a wall and bend your knees",
      "bodyPart": "Knee",
      "sets": 3,
      "reps": 8,
      "durationSeconds": 65,
      "difficultyLevel": "advanced"
    },
    {
      "id": "ex_knee_6_7991",
      "name": "Hamstring Curls",
      "description": "Lie face down and bend your knee, bringing your heel toward your buttock",
      "bodyPart": "Knee",
      "sets": 4,
      "reps": 14,
      "durationSeconds": 72,
      "difficultyLevel": "advanced"
    }
  ],
  "startDate": "2024-06-15T13:59:38.719000",
  "endDate": null,
  "status": "paused",
  "goals": {
    "primary": "Improve range of motion",
    "bodyPart": "Knee",
    "painReduction": "low"
  },
  "lastUpdated": "2024-06-15T13:59:38.719000",
  "isDynamicallyAdjusted": true
}