{
  "id": "plan_24063",
  "userId": "patient_9708",
  "therapistId": "therapist_2230",
  "title": "Knee Rehabilitation Plan",
  "description": "Personalized rehabilitation plan for Knee recovery",
  "exercises": [
    {
      "id": "ex_knee_1_8373",
      "name": "Terminal Knee Extensions",
      "description": "Extend your knee against resistance",
      "bodyPart": "Knee",
      "sets": 4,
      "reps": 12,
      "durationSeconds": 90,
      "difficultyLevel": "advanced"
    },
    {
      "id": "ex_knee_2_9981",
      "name": "Step-Ups",
      "description": "Step up onto a platform with one leg, then the other",
      "bodyPart": "Knee",
      "sets": 2,
      "reps": 9,
      "durationSeconds": 38,
      "difficultyLevel": "advanced"
    },
    {
      "id": "ex_knee_3_4748",
      "name": "Knee Extensions",
      "description": "Sit in a chair and straighten your knee",
      "bodyPart": "Knee",
      "sets": 2,
      "reps": 11,
      "durationSeconds": 86,
      "difficultyLevel": "advanced"
    },
    {
      "id": "ex_knee_4_4870",
      "name": "Straight Leg Raises",
      "description": "Lie flat on your back and lift your leg straight up",
      "bodyPart": "Knee",
      "sets": 2,
      "reps": 15,
      "durationSeconds": 88,
      "difficultyLevel": "advanced"
    },
    {
      "id": "ex_knee_5_1083",
      "name": "Hamstring Curls",
      "description": "Lie face down and bend your knee, bringing your heel toward your buttock",
      "bodyPart": "Knee",
      "sets": 3,
      "reps": 11,
      "durationSeconds": 60,
      "difficultyLevel": "advanced"
    }
  ],
  "startDate": "2024-05-12T13:59:38.705984",
  "endDate": null,
  "status": "paused",
  "goals": {
    "primary": "Increase strength",
    "bodyPart": "Knee",
    "painReduction": "low"
  },
  "lastUpdated": "2024-05-12T13:59:38.705984",
  "isDynamicallyAdjusted": false
}