{
  "id": "plan_48962",
  "userId": "patient_9776",
  "therapistId": "therapist_2230",
  "title": "Hip Rehabilitation Plan",
  "description": "Personalized rehabilitation plan for Hip recovery",
  "exercises": [
    {
      "id": "ex_hip_1_2526",
      "name": "Hip Exercise 4",
      "description": "Description for hip exercise 4",
      "bodyPart": "Hip",
      "sets": 3,
      "reps": 15,
      "durationSeconds": 50,
      "difficultyLevel": "intermediate"
    },
    {
      "id": "ex_hip_2_3905",
      "name": "Hip Exercise 1",
      "description": "Description for hip exercise 1",
      "bodyPart": "Hip",
      "sets": 2,
      "reps": 15,
      "durationSeconds": 42,
      "difficultyLevel": "intermediate"
    },
    {
      "id": "ex_hip_3_3419",
      "name": "Hip Exercise 5",
      "description": "Description for hip exercise 5",
      "bodyPart": "Hip",
      "sets": 2,
      "reps": 11,
      "durationSeconds": 57,
      "difficultyLevel": "intermediate"
    },
    {
      "id": "ex_hip_4_7403",
      "name": "Hip Exercise 3",
      "description": "Description for hip exercise 3",
      "bodyPart": "Hip",
      "sets": 3,
      "reps": 12,
      "durationSeconds": 43,
      "difficultyLevel": "intermediate"
    },
    {
      "id": "ex_hip_5_3393",
      "name": "Hip Exercise 2",
      "description": "Description for hip exercise 2",
      "bodyPart": "Hip",
      "sets": 2,
      "reps": 15,
      "durationSeconds": 59,
      "difficultyLevel": "intermediate"
    }
  ],
  "startDate": "2024-05-18T13:59:38.728517",
  "endDate": null,
  "status": "paused",
  "goals": {
    "primary": "Improve range of motion",
    "bodyPart": "Hip",
    "painReduction": "medium"
  },
  "lastUpdated": "2024-05-18T13:59:38.728517",
  "isDynamicallyAdjusted": true
}