{
  "id": "plan_22168",
  "userId": "patient_6455",
  "therapistId": null,
  "title": "Shoulder Rehabilitation Plan",
  "description": "Personalized rehabilitation plan for Shoulder recovery",
  "exercises": [
    {
      "id": "ex_shoulder_1_9093",
      "name": "Wall Crawl",
      "description": "Face a wall and walk your fingers up the wall",
      "bodyPart": "Shoulder",
      "sets": 4,
      "reps": 12,
      "durationSeconds": 90,
      "difficultyLevel": "beginner"
    },
    {
      "id": "ex_shoulder_2_8029",
      "name": "Shoulder Abduction",
      "description": "Raise your arm out to the side",
      "bodyPart": "Shoulder",
      "sets": 4,
      "reps": 11,
      "durationSeconds": 61,
      "difficultyLevel": "beginner"
    },
    {
      "id": "ex_shoulder_3_2879",
      "name": "Internal Rotation",
      "description": "With elbow at side, rotate arm inward",
      "bodyPart": "Shoulder",
      "sets": 4,
      "reps": 15,
      "durationSeconds": 41,
      "difficultyLevel": "beginner"
    },
    {
      "id": "ex_shoulder_4_9745",
      "name": "Shoulder Flexion",
      "description": "Raise your arm forward and upward",
      "bodyPart": "Shoulder",
      "sets": 3,
      "reps": 8,
      "durationSeconds": 59,
      "difficultyLevel": "beginner"
    },
    {
      "id": "ex_shoulder_5_5902",
      "name": "External Rotation",
      "description": "With elbow at side, rotate arm outward",
      "bodyPart": "Shoulder",
      "sets": 2,
      "reps": 11,
      "durationSeconds": 37,
      "difficultyLevel": "beginner"
    },
    {
      "id": "ex_shoulder_6_9225",
      "name": "Pendulum Exercise",
      "description": "Lean forward and let your arm hang, make small circles",
      "bodyPart": "Shoulder",
      "sets": 4,
      "reps": 9,
      "durationSeconds": 46,
      "difficultyLevel": "beginner"
    }
  ],
  "startDate": "2024-12-08T13:59:38.707986",
  "endDate": null,
  "status": "active",
  "goals": {
    "primary": "Improve daily function",
    "bodyPart": "Shoulder",
    "painReduction": "high"
  },
  "lastUpdated": "2024-12-08T13:59:38.707986",
  "isDynamicallyAdjusted": false
}