{
  "id": "plan_29783",
  "userId": "patient_4321",
  "therapistId": "therapist_7144",
  "title": "Neck Rehabilitation Plan",
  "description": "Personalized rehabilitation plan for Neck recovery",
  "exercises": [
    {
      "id": "ex_neck_1_5175",
      "name": "Neck Exercise 5",
      "description": "Description for neck exercise 5",
      "bodyPart": "Neck",
      "sets": 2,
      "reps": 14,
      "durationSeconds": 42,
      "difficultyLevel": "beginner"
    },
    {
      "id": "ex_neck_2_7548",
      "name": "Neck Exercise 6",
      "description": "Description for neck exercise 6",
      "bodyPart": "Neck",
      "sets": 4,
      "reps": 10,
      "durationSeconds": 57,
      "difficultyLevel": "beginner"
    },
    {
      "id": "ex_neck_3_8214",
      "name": "Neck Exercise 3",
      "description": "Description for neck exercise 3",
      "bodyPart": "Neck",
      "sets": 4,
      "reps": 10,
      "durationSeconds": 81,
      "difficultyLevel": "beginner"
    },
    {
      "id": "ex_neck_4_3540",
      "name": "Neck Exercise 2",
      "description": "Description for neck exercise 2",
      "bodyPart": "Neck",
      "sets": 4,
      "reps": 8,
      "durationSeconds": 84,
      "difficultyLevel": "beginner"
    },
    {
      "id": "ex_neck_5_8001",
      "name": "Neck Exercise 4",
      "description": "Description for neck exercise 4",
      "bodyPart": "Neck",
      "sets": 3,
      "reps": 12,
      "durationSeconds": 64,
      "difficultyLevel": "beginner"
    },
    {
      "id": "ex_neck_6_6117",
      "name": "Neck Exercise 1",
      "description": "Description for neck exercise 1",
      "bodyPart": "Neck",
      "sets": 4,
      "reps": 12,
      "durationSeconds": 75,
      "difficultyLevel": "beginner"
    }
  ],
  "startDate": "2024-05-09T13:59:38.692454",
  "endDate": null,
  "status": "paused",
  "goals": {
    "primary": "Pain reduction",
    "bodyPart": "Neck",
    "painReduction": "high"
  },
  "lastUpdated": "2024-05-09T13:59:38.692454",
  "isDynamicallyAdjusted": false
}