{
  "id": "plan_97576",
  "userId": "patient_4687",
  "therapistId": "therapist_2343",
  "title": "Neck Rehabilitation Plan",
  "description": "Personalized rehabilitation plan for Neck recovery",
  "exercises": [
    {
      "id": "ex_neck_1_5647",
      "name": "Neck Exercise 4",
      "description": "Description for neck exercise 4",
      "bodyPart": "Neck",
      "sets": 2,
      "reps": 8,
      "durationSeconds": 37,
      "difficultyLevel": "beginner"
    },
    {
      "id": "ex_neck_2_2298",
      "name": "Neck Exercise 6",
      "description": "Description for neck exercise 6",
      "bodyPart": "Neck",
      "sets": 4,
      "reps": 10,
      "durationSeconds": 68,
      "difficultyLevel": "beginner"
    },
    {
      "id": "ex_neck_3_7748",
      "name": "Neck Exercise 5",
      "description": "Description for neck exercise 5",
      "bodyPart": "Neck",
      "sets": 4,
      "reps": 15,
      "durationSeconds": 85,
      "difficultyLevel": "beginner"
    }
  ],
  "startDate": "2024-12-28T13:59:38.668413",
  "endDate": null,
  "status": "paused",
  "goals": {
    "primary": "Post-surgery recovery",
    "bodyPart": "Neck",
    "painReduction": "high"
  },
  "lastUpdated": "2024-12-28T13:59:38.668413",
  "isDynamicallyAdjusted": false
}