{
  "id": "plan_81348",
  "userId": "patient_1351",
  "therapistId": "therapist_2230",
  "title": "Ankle Rehabilitation Plan",
  "description": "Personalized rehabilitation plan for Ankle recovery",
  "exercises": [
    {
      "id": "ex_ankle_1_9299",
      "name": "Toe Raises",
      "description": "Stand and lift your toes off the ground",
      "bodyPart": "Ankle",
      "sets": 3,
      "reps": 12,
      "durationSeconds": 50,
      "difficultyLevel": "beginner"
    },
    {
      "id": "ex_ankle_2_5603",
      "name": "Ankle Circles",
      "description": "Rotate your ankle in circles",
      "bodyPart": "Ankle",
      "sets": 3,
      "reps": 11,
      "durationSeconds": 87,
      "difficultyLevel": "beginner"
    },
    {
      "id": "ex_ankle_3_7375",
      "name": "Resistance Band Inversion",
      "description": "Turn foot inward against resistance",
      "bodyPart": "Ankle",
      "sets": 4,
      "reps": 11,
      "durationSeconds": 64,
      "difficultyLevel": "beginner"
    }
  ],
  "startDate": "2024-11-19T13:59:38.726518",
  "endDate": null,
  "status": "active",
  "goals": {
    "primary": "Prevent re-injury",
    "bodyPart": "Ankle",
    "painReduction": "high"
  },
  "lastUpdated": "2024-11-19T13:59:38.726518",
  "isDynamicallyAdjusted": true
}