{
  "id": "plan_57474",
  "userId": "patient_1860",
  "therapistId": "therapist_3161",
  "title": "Wrist Rehabilitation Plan",
  "description": "Personalized rehabilitation plan for Wrist recovery",
  "exercises": [
    {
      "id": "ex_wrist_1_5769",
      "name": "Wrist Exercise 6",
      "description": "Description for wrist exercise 6",
      "bodyPart": "Wrist",
      "sets": 4,
      "reps": 13,
      "durationSeconds": 41,
      "difficultyLevel": "beginner"
    },
    {
      "id": "ex_wrist_2_3621",
      "name": "Wrist Exercise 2",
      "description": "Description for wrist exercise 2",
      "bodyPart": "Wrist",
      "sets": 3,
      "reps": 14,
      "durationSeconds": 75,
      "difficultyLevel": "beginner"
    },
    {
      "id": "ex_wrist_3_2399",
      "name": "Wrist Exercise 4",
      "description": "Description for wrist exercise 4",
      "bodyPart": "Wrist",
      "sets": 4,
      "reps": 12,
      "durationSeconds": 75,
      "difficultyLevel": "beginner"
    },
    {
      "id": "ex_wrist_4_3156",
      "name": "Wrist Exercise 3",
      "description": "Description for wrist exercise 3",
      "bodyPart": "Wrist",
      "sets": 2,
      "reps": 8,
      "durationSeconds": 79,
      "difficultyLevel": "beginner"
    },
    {
      "id": "ex_wrist_5_6641",
      "name": "Wrist Exercise 5",
      "description": "Description for wrist exercise 5",
      "bodyPart": "Wrist",
      "sets": 3,
      "reps": 11,
      "durationSeconds": 77,
      "difficultyLevel": "beginner"
    }
  ],
  "startDate": "2024-09-21T13:59:38.667410",
  "endDate": null,
  "status": "active",
  "goals": {
    "primary": "Return to sports",
    "bodyPart": "Wrist",
    "painReduction": "high"
  },
  "lastUpdated": "2024-09-21T13:59:38.667410",
  "isDynamicallyAdjusted": true
}