{
  "id": "plan_43004",
  "userId": "patient_8957",
  "therapistId": "therapist_3161",
  "title": "Back Rehabilitation Plan",
  "description": "Personalized rehabilitation plan for Back recovery",
  "exercises": [
    {
      "id": "ex_back_1_1986",
      "name": "Back Exercise 5",
      "description": "Description for back exercise 5",
      "bodyPart": "Back",
      "sets": 4,
      "reps": 11,
      "durationSeconds": 33,
      "difficultyLevel": "intermediate"
    },
    {
      "id": "ex_back_2_9287",
      "name": "Back Exercise 3",
      "description": "Description for back exercise 3",
      "bodyPart": "Back",
      "sets": 4,
      "reps": 13,
      "durationSeconds": 54,
      "difficultyLevel": "intermediate"
    },
    {
      "id": "ex_back_3_1070",
      "name": "Back Exercise 4",
      "description": "Description for back exercise 4",
      "bodyPart": "Back",
      "sets": 2,
      "reps": 12,
      "durationSeconds": 70,
      "difficultyLevel": "intermediate"
    },
    {
      "id": "ex_back_4_2497",
      "name": "Back Exercise 1",
      "description": "Description for back exercise 1",
      "bodyPart": "Back",
      "sets": 4,
      "reps": 13,
      "durationSeconds": 89,
      "difficultyLevel": "intermediate"
    }
  ],
  "startDate": "2024-08-28T13:59:38.697977",
  "endDate": null,
  "status": "completed",
  "goals": {
    "primary": "Prevent re-injury",
    "bodyPart": "Back",
    "painReduction": "medium"
  },
  "lastUpdated": "2024-08-28T13:59:38.697977",
  "isDynamicallyAdjusted": false
}