{
  "id": "plan_31678",
  "userId": "patient_3809",
  "therapistId": "therapist_7144",
  "title": "Ankle Rehabilitation Plan",
  "description": "Personalized rehabilitation plan for Ankle recovery",
  "exercises": [
    {
      "id": "ex_ankle_1_9437",
      "name": "Toe Raises",
      "description": "Stand and lift your toes off the ground",
      "bodyPart": "Ankle",
      "sets": 4,
      "reps": 11,
      "durationSeconds": 50,
      "difficultyLevel": "advanced"
    },
    {
      "id": "ex_ankle_2_8623",
      "name": "Resistance Band Eversion",
      "description": "Turn foot outward against resistance",
      "bodyPart": "Ankle",
      "sets": 2,
      "reps": 10,
      "durationSeconds": 79,
      "difficultyLevel": "advanced"
    },
    {
      "id": "ex_ankle_3_8124",
      "name": "Resistance Band Inversion",
      "description": "Turn foot inward against resistance",
      "bodyPart": "Ankle",
      "sets": 3,
      "reps": 14,
      "durationSeconds": 63,
      "difficultyLevel": "advanced"
    },
    {
      "id": "ex_ankle_4_2346",
      "name": "Ankle Circles",
      "description": "Rotate your ankle in circles",
      "bodyPart": "Ankle",
      "sets": 2,
      "reps": 15,
      "durationSeconds": 54,
      "difficultyLevel": "advanced"
    }
  ],
  "startDate": "2025-02-26T13:59:38.694458",
  "endDate": null,
  "status": "completed",
  "goals": {
    "primary": "Return to sports",
    "bodyPart": "Ankle",
    "painReduction": "low"
  },
  "lastUpdated": "2025-02-26T13:59:38.694458",
  "isDynamicallyAdjusted": true
}