{
  "id": "plan_24853",
  "userId": "patient_2813",
  "therapistId": "therapist_1776",
  "title": "Ankle Rehabilitation Plan",
  "description": "Personalized rehabilitation plan for Ankle recovery",
  "exercises": [
    {
      "id": "ex_ankle_1_7361",
      "name": "Toe Raises",
      "description": "Stand and lift your toes off the ground",
      "bodyPart": "Ankle",
      "sets": 3,
      "reps": 10,
      "durationSeconds": 54,
      "difficultyLevel": "advanced"
    },
    {
      "id": "ex_ankle_2_7568",
      "name": "Resistance Band Inversion",
      "description": "Turn foot inward against resistance",
      "bodyPart": "Ankle",
      "sets": 2,
      "reps": 12,
      "durationSeconds": 68,
      "difficultyLevel": "advanced"
    },
    {
      "id": "ex_ankle_3_6967",
      "name": "Heel Raises",
      "description": "Stand and rise up on your toes",
      "bodyPart": "Ankle",
      "sets": 2,
      "reps": 12,
      "durationSeconds": 49,
      "difficultyLevel": "advanced"
    },
    {
      "id": "ex_ankle_4_8867",
      "name": "Resistance Band Eversion",
      "description": "Turn foot outward against resistance",
      "bodyPart": "Ankle",
      "sets": 2,
      "reps": 10,
      "durationSeconds": 78,
      "difficultyLevel": "advanced"
    },
    {
      "id": "ex_ankle_5_4502",
      "name": "Ankle Circles",
      "description": "Rotate your ankle in circles",
      "bodyPart": "Ankle",
      "sets": 3,
      "reps": 13,
      "durationSeconds": 62,
      "difficultyLevel": "advanced"
    }
  ],
  "startDate": "2024-12-15T13:59:38.686938",
  "endDate": null,
  "status": "paused",
  "goals": {
    "primary": "Improve daily function",
    "bodyPart": "Ankle",
    "painReduction": "low"
  },
  "lastUpdated": "2024-12-15T13:59:38.686938",
  "isDynamicallyAdjusted": true
}