{
  "id": "plan_43555",
  "userId": "patient_9174",
  "therapistId": null,
  "title": "Knee Rehabilitation Plan",
  "description": "Personalized rehabilitation plan for Knee recovery",
  "exercises": [
    {
      "id": "ex_knee_1_3135",
      "name": "Straight Leg Raises",
      "description": "Lie flat on your back and lift your leg straight up",
      "bodyPart": "Knee",
      "sets": 2,
      "reps": 10,
      "durationSeconds": 90,
      "difficultyLevel": "intermediate"
    },
    {
      "id": "ex_knee_2_4553",
      "name": "Terminal Knee Extensions",
      "description": "Extend your knee against resistance",
      "bodyPart": "Knee",
      "sets": 2,
      "reps": 8,
      "durationSeconds": 30,
      "difficultyLevel": "intermediate"
    },
    {
      "id": "ex_knee_3_6628",
      "name": "Wall Squats",
      "description": "Stand with your back against a wall and bend your knees",
      "bodyPart": "Knee",
      "sets": 2,
      "reps": 8,
      "durationSeconds": 59,
      "difficultyLevel": "intermediate"
    },
    {
      "id": "ex_knee_4_2789",
      "name": "Step-Ups",
      "description": "Step up onto a platform with one leg, then the other",
      "bodyPart": "Knee",
      "sets": 2,
      "reps": 9,
      "durationSeconds": 76,
      "difficultyLevel": "intermediate"
    },
    {
      "id": "ex_knee_5_4374",
      "name": "Knee Extensions",
      "description": "Sit in a chair and straighten your knee",
      "bodyPart": "Knee",
      "sets": 4,
      "reps": 8,
      "durationSeconds": 90,
      "difficultyLevel": "intermediate"
    },
    {
      "id": "ex_knee_6_9921",
      "name": "Hamstring Curls",
      "description": "Lie face down and bend your knee, bringing your heel toward your buttock",
      "bodyPart": "Knee",
      "sets": 4,
      "reps": 10,
      "durationSeconds": 44,
      "difficultyLevel": "intermediate"
    }
  ],
  "startDate": "2025-02-04T13:59:38.661412",
  "endDate": null,
  "status": "active",
  "goals": {
    "primary": "Increase strength",
    "bodyPart": "Knee",
    "painReduction": "medium"
  },
  "lastUpdated": "2025-02-04T13:59:38.661412",
  "isDynamicallyAdjusted": false
}