{
  "id": "plan_90829",
  "userId": "patient_8262",
  "therapistId": "therapist_1776",
  "title": "Wrist Rehabilitation Plan",
  "description": "Personalized rehabilitation plan for Wrist recovery",
  "exercises": [
    {
      "id": "ex_wrist_1_6334",
      "name": "Wrist Exercise 3",
      "description": "Description for wrist exercise 3",
      "bodyPart": "Wrist",
      "sets": 2,
      "reps": 9,
      "durationSeconds": 48,
      "difficultyLevel": "intermediate"
    },
    {
      "id": "ex_wrist_2_7018",
      "name": "Wrist Exercise 4",
      "description": "Description for wrist exercise 4",
      "bodyPart": "Wrist",
      "sets": 3,
      "reps": 15,
      "durationSeconds": 82,
      "difficultyLevel": "intermediate"
    },
    {
      "id": "ex_wrist_3_3485",
      "name": "Wrist Exercise 2",
      "description": "Description for wrist exercise 2",
      "bodyPart": "Wrist",
      "sets": 2,
      "reps": 9,
      "durationSeconds": 51,
      "difficultyLevel": "intermediate"
    }
  ],
  "startDate": "2024-11-16T13:59:38.664412",
  "endDate": null,
  "status": "paused",
  "goals": {
    "primary": "Prevent re-injury",
    "bodyPart": "Wrist",
    "painReduction": "medium"
  },
  "lastUpdated": "2024-11-16T13:59:38.664412",
  "isDynamicallyAdjusted": true
}