{
  "id": "plan_21813",
  "userId": "patient_9196",
  "therapistId": "therapist_7144",
  "title": "Elbow Rehabilitation Plan",
  "description": "Personalized rehabilitation plan for Elbow recovery",
  "exercises": [
    {
      "id": "ex_elbow_1_3617",
      "name": "Elbow Exercise 5",
      "description": "Description for elbow exercise 5",
      "bodyPart": "Elbow",
      "sets": 2,
      "reps": 10,
      "durationSeconds": 76,
      "difficultyLevel": "intermediate"
    },
    {
      "id": "ex_elbow_2_7932",
      "name": "Elbow Exercise 6",
      "description": "Description for elbow exercise 6",
      "bodyPart": "Elbow",
      "sets": 3,
      "reps": 12,
      "durationSeconds": 31,
      "difficultyLevel": "intermediate"
    },
    {
      "id": "ex_elbow_3_9851",
      "name": "Elbow Exercise 3",
      "description": "Description for elbow exercise 3",
      "bodyPart": "Elbow",
      "sets": 3,
      "reps": 14,
      "durationSeconds": 78,
      "difficultyLevel": "intermediate"
    }
  ],
  "startDate": "2024-08-04T13:59:38.699985",
  "endDate": null,
  "status": "paused",
  "goals": {
    "primary": "Pain reduction",
    "bodyPart": "Elbow",
    "painReduction": "medium"
  },
  "lastUpdated": "2024-08-04T13:59:38.699985",
  "isDynamicallyAdjusted": true
}