{
  "id": "plan_11026",
  "userId": "patient_9306",
  "therapistId": "therapist_7144",
  "title": "Back Rehabilitation Plan",
  "description": "Personalized rehabilitation plan for Back recovery",
  "exercises": [
    {
      "id": "ex_back_1_3992",
      "name": "Back Exercise 3",
      "description": "Description for back exercise 3",
      "bodyPart": "Back",
      "sets": 2,
      "reps": 10,
      "durationSeconds": 76,
      "difficultyLevel": "intermediate"
    },
    {
      "id": "ex_back_2_6792",
      "name": "Back Exercise 6",
      "description": "Description for back exercise 6",
      "bodyPart": "Back",
      "sets": 3,
      "reps": 15,
      "durationSeconds": 59,
      "difficultyLevel": "intermediate"
    },
    {
      "id": "ex_back_3_6008",
      "name": "Back Exercise 1",
      "description": "Description for back exercise 1",
      "bodyPart": "Back",
      "sets": 3,
      "reps": 13,
      "durationSeconds": 42,
      "difficultyLevel": "intermediate"
    },
    {
      "id": "ex_back_4_9926",
      "name": "Back Exercise 5",
      "description": "Description for back exercise 5",
      "bodyPart": "Back",
      "sets": 3,
      "reps": 12,
      "durationSeconds": 52,
      "difficultyLevel": "intermediate"
    },
    {
      "id": "ex_back_5_6707",
      "name": "Back Exercise 2",
      "description": "Description for back exercise 2",
      "bodyPart": "Back",
      "sets": 2,
      "reps": 12,
      "durationSeconds": 37,
      "difficultyLevel": "intermediate"
    }
  ],
  "startDate": "2025-01-17T13:59:38.732038",
  "endDate": null,
  "status": "active",
  "goals": {
    "primary": "Pain reduction",
    "bodyPart": "Back",
    "painReduction": "medium"
  },
  "lastUpdated": "2025-01-17T13:59:38.732038",
  "isDynamicallyAdjusted": false
}