{
  "id": "plan_26738",
  "userId": "patient_4878",
  "therapistId": "therapist_2343",
  "title": "Elbow Rehabilitation Plan",
  "description": "Personalized rehabilitation plan for Elbow recovery",
  "exercises": [
    {
      "id": "ex_elbow_1_4298",
      "name": "Elbow Exercise 1",
      "description": "Description for elbow exercise 1",
      "bodyPart": "Elbow",
      "sets": 4,
      "reps": 8,
      "durationSeconds": 39,
      "difficultyLevel": "beginner"
    },
    {
      "id": "ex_elbow_2_1450",
      "name": "Elbow Exercise 5",
      "description": "Description for elbow exercise 5",
      "bodyPart": "Elbow",
      "sets": 2,
      "reps": 12,
      "durationSeconds": 47,
      "difficultyLevel": "beginner"
    },
    {
      "id": "ex_elbow_3_2564",
      "name": "Elbow Exercise 3",
      "description": "Description for elbow exercise 3",
      "bodyPart": "Elbow",
      "sets": 2,
      "reps": 11,
      "durationSeconds": 80,
      "difficultyLevel": "beginner"
    },
    {
      "id": "ex_elbow_4_3712",
      "name": "Elbow Exercise 2",
      "description": "Description for elbow exercise 2",
      "bodyPart": "Elbow",
      "sets": 2,
      "reps": 15,
      "durationSeconds": 42,
      "difficultyLevel": "beginner"
    },
    {
      "id": "ex_elbow_5_1025",
      "name": "Elbow Exercise 4",
      "description": "Description for elbow exercise 4",
      "bodyPart": "Elbow",
      "sets": 4,
      "reps": 10,
      "durationSeconds": 78,
      "difficultyLevel": "beginner"
    }
  ],
  "startDate": "2025-03-19T13:59:38.664412",
  "endDate": null,
  "status": "paused",
  "goals": {
    "primary": "Improve range of motion",
    "bodyPart": "Elbow",
    "painReduction": "high"
  },
  "lastUpdated": "2025-03-19T13:59:38.664412",
  "isDynamicallyAdjusted": false
}