{
  "id": "plan_79504",
  "userId": "patient_5148",
  "therapistId": "therapist_8142",
  "title": "Shoulder Rehabilitation Plan",
  "description": "Personalized rehabilitation plan for Shoulder recovery",
  "exercises": [
    {
      "id": "ex_shoulder_1_4347",
      "name": "External Rotation",
      "description": "With elbow at side, rotate arm outward",
      "bodyPart": "Shoulder",
      "sets": 3,
      "reps": 15,
      "durationSeconds": 86,
      "difficultyLevel": "beginner"
    },
    {
      "id": "ex_shoulder_2_3880",
      "name": "Shoulder Flexion",
      "description": "Raise your arm forward and upward",
      "bodyPart": "Shoulder",
      "sets": 4,
      "reps": 13,
      "durationSeconds": 90,
      "difficultyLevel": "beginner"
    },
    {
      "id": "ex_shoulder_3_4337",
      "name": "Internal Rotation",
      "description": "With elbow at side, rotate arm inward",
      "bodyPart": "Shoulder",
      "sets": 2,
      "reps": 11,
      "durationSeconds": 31,
      "difficultyLevel": "beginner"
    }
  ],
  "startDate": "2025-02-13T13:59:38.727518",
  "endDate": null,
  "status": "active",
  "goals": {
    "primary": "Improve range of motion",
    "bodyPart": "Shoulder",
    "painReduction": "high"
  },
  "lastUpdated": "2025-02-13T13:59:38.727518",
  "isDynamicallyAdjusted": true
}