{
  "id": "plan_59772",
  "userId": "patient_9898",
  "therapistId": "therapist_8797",
  "title": "Hip Rehabilitation Plan",
  "description": "Personalized rehabilitation plan for Hip recovery",
  "exercises": [
    {
      "id": "ex_hip_1_1768",
      "name": "Hip Exercise 5",
      "description": "Description for hip exercise 5",
      "bodyPart": "Hip",
      "sets": 4,
      "reps": 15,
      "durationSeconds": 36,
      "difficultyLevel": "intermediate"
    },
    {
      "id": "ex_hip_2_4490",
      "name": "Hip Exercise 6",
      "description": "Description for hip exercise 6",
      "bodyPart": "Hip",
      "sets": 3,
      "reps": 8,
      "durationSeconds": 35,
      "difficultyLevel": "intermediate"
    },
    {
      "id": "ex_hip_3_1925",
      "name": "Hip Exercise 4",
      "description": "Description for hip exercise 4",
      "bodyPart": "Hip",
      "sets": 3,
      "reps": 15,
      "durationSeconds": 48,
      "difficultyLevel": "intermediate"
    },
    {
      "id": "ex_hip_4_8438",
      "name": "Hip Exercise 2",
      "description": "Description for hip exercise 2",
      "bodyPart": "Hip",
      "sets": 2,
      "reps": 10,
      "durationSeconds": 34,
      "difficultyLevel": "intermediate"
    },
    {
      "id": "ex_hip_5_2896",
      "name": "Hip Exercise 3",
      "description": "Description for hip exercise 3",
      "bodyPart": "Hip",
      "sets": 2,
      "reps": 10,
      "durationSeconds": 89,
      "difficultyLevel": "intermediate"
    },
    {
      "id": "ex_hip_6_3443",
      "name": "Hip Exercise 1",
      "description": "Description for hip exercise 1",
      "bodyPart": "Hip",
      "sets": 3,
      "reps": 12,
      "durationSeconds": 62,
      "difficultyLevel": "intermediate"
    }
  ],
  "startDate": "2024-06-25T13:59:38.711002",
  "endDate": null,
  "status": "completed",
  "goals": {
    "primary": "Post-surgery recovery",
    "bodyPart": "Hip",
    "painReduction": "medium"
  },
  "lastUpdated": "2024-06-25T13:59:38.711002",
  "isDynamicallyAdjusted": false
}