{
  "id": "plan_46303",
  "userId": "patient_2345",
  "therapistId": "therapist_2343",
  "title": "Shoulder Rehabilitation Plan",
  "description": "Personalized rehabilitation plan for Shoulder recovery",
  "exercises": [
    {
      "id": "ex_shoulder_1_2661",
      "name": "External Rotation",
      "description": "With elbow at side, rotate arm outward",
      "bodyPart": "Shoulder",
      "sets": 2,
      "reps": 15,
      "durationSeconds": 38,
      "difficultyLevel": "beginner"
    },
    {
      "id": "ex_shoulder_2_4870",
      "name": "Shoulder Flexion",
      "description": "Raise your arm forward and upward",
      "bodyPart": "Shoulder",
      "sets": 3,
      "reps": 15,
      "durationSeconds": 88,
      "difficultyLevel": "beginner"
    },
    {
      "id": "ex_shoulder_3_7282",
      "name": "Wall Crawl",
      "description": "Face a wall and walk your fingers up the wall",
      "bodyPart": "Shoulder",
      "sets": 3,
      "reps": 15,
      "durationSeconds": 77,
      "difficultyLevel": "beginner"
    },
    {
      "id": "ex_shoulder_4_1281",
      "name": "Shoulder Abduction",
      "description": "Raise your arm out to the side",
      "bodyPart": "Shoulder",
      "sets": 2,
      "reps": 8,
      "durationSeconds": 31,
      "difficultyLevel": "beginner"
    }
  ],
  "startDate": "2025-01-10T13:59:38.684932",
  "endDate": null,
  "status": "active",
  "goals": {
    "primary": "Return to sports",
    "bodyPart": "Shoulder",
    "painReduction": "high"
  },
  "lastUpdated": "2025-01-10T13:59:38.684932",
  "isDynamicallyAdjusted": true
}