{
  "id": "plan_19030",
  "userId": "patient_7716",
  "therapistId": "therapist_3161",
  "title": "Ankle Rehabilitation Plan",
  "description": "Personalized rehabilitation plan for Ankle recovery",
  "exercises": [
    {
      "id": "ex_ankle_1_5414",
      "name": "Ankle Circles",
      "description": "Rotate your ankle in circles",
      "bodyPart": "Ankle",
      "sets": 2,
      "reps": 14,
      "durationSeconds": 76,
      "difficultyLevel": "advanced"
    },
    {
      "id": "ex_ankle_2_2305",
      "name": "Resistance Band Inversion",
      "description": "Turn foot inward against resistance",
      "bodyPart": "Ankle",
      "sets": 2,
      "reps": 8,
      "durationSeconds": 46,
      "difficultyLevel": "advanced"
    },
    {
      "id": "ex_ankle_3_3610",
      "name": "Resistance Band Eversion",
      "description": "Turn foot outward against resistance",
      "bodyPart": "Ankle",
      "sets": 2,
      "reps": 15,
      "durationSeconds": 84,
      "difficultyLevel": "advanced"
    },
    {
      "id": "ex_ankle_4_1285",
      "name": "Ankle Pumps",
      "description": "Move your foot up and down",
      "bodyPart": "Ankle",
      "sets": 2,
      "reps": 8,
      "durationSeconds": 45,
      "difficultyLevel": "advanced"
    },
    {
      "id": "ex_ankle_5_6203",
      "name": "Heel Raises",
      "description": "Stand and rise up on your toes",
      "bodyPart": "Ankle",
      "sets": 3,
      "reps": 14,
      "durationSeconds": 52,
      "difficultyLevel": "advanced"
    }
  ],
  "startDate": "2024-11-24T13:59:38.718002",
  "endDate": null,
  "status": "active",
  "goals": {
    "primary": "Improve range of motion",
    "bodyPart": "Ankle",
    "painReduction": "low"
  },
  "lastUpdated": "2024-11-24T13:59:38.718002",
  "isDynamicallyAdjusted": false
}