{
  "id": "plan_53415",
  "userId": "patient_2003",
  "therapistId": "therapist_2230",
  "title": "Back Rehabilitation Plan",
  "description": "Personalized rehabilitation plan for Back recovery",
  "exercises": [
    {
      "id": "ex_back_1_3364",
      "name": "Back Exercise 1",
      "description": "Description for back exercise 1",
      "bodyPart": "Back",
      "sets": 2,
      "reps": 14,
      "durationSeconds": 45,
      "difficultyLevel": "beginner"
    },
    {
      "id": "ex_back_2_8781",
      "name": "Back Exercise 6",
      "description": "Description for back exercise 6",
      "bodyPart": "Back",
      "sets": 4,
      "reps": 15,
      "durationSeconds": 80,
      "difficultyLevel": "beginner"
    },
    {
      "id": "ex_back_3_3136",
      "name": "Back Exercise 2",
      "description": "Description for back exercise 2",
      "bodyPart": "Back",
      "sets": 2,
      "reps": 15,
      "durationSeconds": 82,
      "difficultyLevel": "beginner"
    },
    {
      "id": "ex_back_4_3867",
      "name": "Back Exercise 4",
      "description": "Description for back exercise 4",
      "bodyPart": "Back",
      "sets": 4,
      "reps": 9,
      "durationSeconds": 76,
      "difficultyLevel": "beginner"
    },
    {
      "id": "ex_back_5_7207",
      "name": "Back Exercise 5",
      "description": "Description for back exercise 5",
      "bodyPart": "Back",
      "sets": 4,
      "reps": 15,
      "durationSeconds": 41,
      "difficultyLevel": "beginner"
    },
    {
      "id": "ex_back_6_4401",
      "name": "Back Exercise 3",
      "description": "Description for back exercise 3",
      "bodyPart": "Back",
      "sets": 4,
      "reps": 15,
      "durationSeconds": 71,
      "difficultyLevel": "beginner"
    }
  ],
  "startDate": "2024-11-24T13:59:38.680934",
  "endDate": null,
  "status": "completed",
  "goals": {
    "primary": "Return to sports",
    "bodyPart": "Back",
    "painReduction": "high"
  },
  "lastUpdated": "2024-11-24T13:59:38.680934",
  "isDynamicallyAdjusted": false
}