{
  "id": "plan_92689",
  "userId": "patient_7253",
  "therapistId": "therapist_8799",
  "title": "Neck Rehabilitation Plan",
  "description": "Personalized rehabilitation plan for Neck recovery",
  "exercises": [
    {
      "id": "ex_neck_1_1707",
      "name": "Neck Exercise 4",
      "description": "Description for neck exercise 4",
      "bodyPart": "Neck",
      "sets": 3,
      "reps": 14,
      "durationSeconds": 67,
      "difficultyLevel": "advanced"
    },
    {
      "id": "ex_neck_2_3716",
      "name": "Neck Exercise 6",
      "description": "Description for neck exercise 6",
      "bodyPart": "Neck",
      "sets": 4,
      "reps": 13,
      "durationSeconds": 35,
      "difficultyLevel": "advanced"
    },
    {
      "id": "ex_neck_3_2267",
      "name": "Neck Exercise 3",
      "description": "Description for neck exercise 3",
      "bodyPart": "Neck",
      "sets": 4,
      "reps": 11,
      "durationSeconds": 63,
      "difficultyLevel": "advanced"
    }
  ],
  "startDate": "2024-07-26T13:59:38.703984",
  "endDate": null,
  "status": "active",
  "goals": {
    "primary": "Improve range of motion",
    "bodyPart": "Neck",
    "painReduction": "low"
  },
  "lastUpdated": "2024-07-26T13:59:38.703984",
  "isDynamicallyAdjusted": true
}