{
  "id": "plan_83058",
  "userId": "patient_1365",
  "therapistId": "therapist_8961",
  "title": "Neck Rehabilitation Plan",
  "description": "Personalized rehabilitation plan for Neck recovery",
  "exercises": [
    {
      "id": "ex_neck_1_8981",
      "name": "Neck Exercise 2",
      "description": "Description for neck exercise 2",
      "bodyPart": "Neck",
      "sets": 3,
      "reps": 10,
      "durationSeconds": 36,
      "difficultyLevel": "advanced"
    },
    {
      "id": "ex_neck_2_5162",
      "name": "Neck Exercise 1",
      "description": "Description for neck exercise 1",
      "bodyPart": "Neck",
      "sets": 4,
      "reps": 10,
      "durationSeconds": 41,
      "difficultyLevel": "advanced"
    },
    {
      "id": "ex_neck_3_8147",
      "name": "Neck Exercise 6",
      "description": "Description for neck exercise 6",
      "bodyPart": "Neck",
      "sets": 4,
      "reps": 13,
      "durationSeconds": 90,
      "difficultyLevel": "advanced"
    },
    {
      "id": "ex_neck_4_3556",
      "name": "Neck Exercise 4",
      "description": "Description for neck exercise 4",
      "bodyPart": "Neck",
      "sets": 3,
      "reps": 10,
      "durationSeconds": 71,
      "difficultyLevel": "advanced"
    },
    {
      "id": "ex_neck_5_4336",
      "name": "Neck Exercise 3",
      "description": "Description for neck exercise 3",
      "bodyPart": "Neck",
      "sets": 2,
      "reps": 11,
      "durationSeconds": 42,
      "difficultyLevel": "advanced"
    }
  ],
  "startDate": "2024-12-11T13:59:38.670412",
  "endDate": null,
  "status": "paused",
  "goals": {
    "primary": "Improve range of motion",
    "bodyPart": "Neck",
    "painReduction": "low"
  },
  "lastUpdated": "2024-12-11T13:59:38.670412",
  "isDynamicallyAdjusted": false
}